expense_id,employee_ref,department,expense_date,category,merchant,project_code,payment_method,reimbursable,receipt_available,quantity,unit_amount,currency,fx_rate_to_reporting,tax_rate,discount_rate,source_reference
EXP-040001,EMP-0014,Procurement,2026-06-15,other,Courier Service,PRJ-0004,BankTransfer,True,True,2,2359,EUR,162.0,0.08,0.0,SRC-00040001
EXP-040002,EMP-0027,HR,2026-07-16,accommodation,Hotel Group C,PRJ-0007,EmployeeReimbursement,True,True,1,14202,JPY,1.0,0.1,0.0,SRC-00040002
EXP-040003,EMP-0040,IT,2026-08-17,meal,Business Dining,PRJ-0010,Cash,True,True,4,2849,USD,150.0,0.1,0.0,SRC-00040003
EXP-040004,EMP-0053,Engineering,2026-09-18,travel,JAL,PRJ-0013,CorporateCard,False,True,1,23548,EUR,162.0,0.1,0.0,SRC-00040004
EXP-040005,EMP-0066,Sales,2026-10-19,other,Office Supply Co,PRJ-0016,BankTransfer,True,True,1,2595,JPY,1.0,0.08,0.05,SRC-00040005
EXP-040006,EMP-0079,Legal,2026-11-20,accommodation,Hotel Group C,PRJ-0019,EmployeeReimbursement,True,True,2,14606,USD,150.0,0.1,0.0,SRC-00040006
EXP-040007,EMP-0092,Operations,2026-12-21,meal,Cafe Central,PRJ-0022,Cash,True,True,4,3181,EUR,162.0,0.1,0.0,SRC-00040007
EXP-040008,EMP-0105,Finance,2026-01-22,travel,JR East,PRJ-0025,CorporateCard,False,True,1,24096,JPY,1.0,0.1,0.0,SRC-00040008
EXP-040009,EMP-0118,Procurement,2026-02-23,other,Misc Services,PRJ-0028,BankTransfer,True,True,5,2831,USD,150.0,0.08,0.0,SRC-00040009
EXP-040010,EMP-0131,HR,2026-03-24,accommodation,Hotel Group C,PRJ-0031,EmployeeReimbursement,True,True,3,15010,EUR,162.0,0.1,0.0,SRC-00040010
EXP-040011,EMP-0144,IT,2026-04-25,meal,Restaurant B,PRJ-0034,Cash,True,True,4,3513,JPY,1.0,0.1,0.0,SRC-00040011
EXP-040012,EMP-0157,Engineering,2026-05-26,travel,Railway Services,PRJ-0037,CorporateCard,False,True,1,24644,USD,150.0,0.1,0.05,SRC-00040012
EXP-040013,EMP-0170,Sales,2026-06-27,other,Printing Co,PRJ-0040,BankTransfer,True,True,4,3067,EUR,162.0,0.08,0.0,SRC-00040013
EXP-040014,EMP-0183,Legal,2026-07-01,accommodation,Hotel Group C,PRJ-0043,EmployeeReimbursement,True,True,1,15414,JPY,1.0,0.1,0.0,SRC-00040014
EXP-040015,EMP-0196,Operations,2026-08-02,meal,Restaurant A,PRJ-0046,Cash,True,True,4,3845,USD,150.0,0.1,0.0,SRC-00040015
EXP-040016,EMP-0209,Finance,2026-09-03,travel,JAL,PRJ-0049,CorporateCard,False,True,1,25192,EUR,162.0,0.1,0.0,SRC-00040016
EXP-040017,EMP-0222,Procurement,2026-10-04,other,Software Store,PRJ-0052,BankTransfer,True,True,3,3303,JPY,1.0,0.08,0.0,SRC-00040017
EXP-040018,EMP-0235,HR,2026-11-05,accommodation,Hotel Group C,PRJ-0055,EmployeeReimbursement,True,True,2,15818,USD,150.0,0.1,0.0,SRC-00040018
EXP-040019,EMP-0248,IT,2026-12-06,meal,Catering Co,PRJ-0058,Cash,True,True,4,4177,EUR,162.0,0.1,0.05,SRC-00040019
EXP-040020,EMP-0011,Engineering,2026-01-07,travel,JR East,PRJ-0061,CorporateCard,False,True,1,25740,JPY,1.0,0.1,0.0,SRC-00040020
EXP-040021,EMP-0024,Sales,2026-02-08,other,Courier Service,PRJ-0064,BankTransfer,True,True,2,3539,USD,150.0,0.08,0.0,SRC-00040021
EXP-040022,EMP-0037,Legal,2026-03-09,accommodation,Hotel Group C,PRJ-0067,EmployeeReimbursement,True,True,3,16222,EUR,162.0,0.1,0.0,SRC-00040022
EXP-040023,EMP-0050,Operations,2026-04-10,meal,Business Dining,PRJ-0070,Cash,True,True,4,4509,JPY,1.0,0.1,0.0,SRC-00040023
EXP-040024,EMP-0063,Finance,2026-05-11,travel,Railway Services,PRJ-0073,CorporateCard,False,True,1,26288,USD,150.0,0.1,0.0,SRC-00040024
EXP-040025,EMP-0076,Procurement,2026-06-12,other,Office Supply Co,PRJ-0076,BankTransfer,True,True,1,3775,EUR,162.0,0.08,0.0,SRC-00040025
EXP-040026,EMP-0089,HR,2026-07-13,accommodation,Hotel Group C,PRJ-0079,EmployeeReimbursement,True,True,1,16626,JPY,1.0,0.1,0.05,SRC-00040026
EXP-040027,EMP-0102,IT,2026-08-14,meal,Cafe Central,PRJ-0082,Cash,True,True,4,4841,USD,150.0,0.1,0.0,SRC-00040027
EXP-040028,EMP-0115,Engineering,2026-09-15,travel,JAL,PRJ-0085,CorporateCard,False,True,1,26836,EUR,162.0,0.1,0.0,SRC-00040028
EXP-040029,EMP-0128,Sales,2026-10-16,other,Misc Services,PRJ-0088,BankTransfer,True,True,5,4011,JPY,1.0,0.08,0.0,SRC-00040029
EXP-040030,EMP-0141,Legal,2026-11-17,accommodation,Hotel Group C,PRJ-0091,EmployeeReimbursement,True,True,2,17030,USD,150.0,0.1,0.0,SRC-00040030
EXP-040031,EMP-0154,Operations,2026-12-18,meal,Restaurant B,PRJ-0094,Cash,True,True,4,5173,EUR,162.0,0.1,0.0,SRC-00040031
EXP-040032,EMP-0167,Finance,2026-01-19,travel,JR East,PRJ-0097,CorporateCard,False,True,1,27384,JPY,1.0,0.1,0.0,SRC-00040032
EXP-040033,EMP-0180,Procurement,2026-02-20,other,Printing Co,PRJ-0100,BankTransfer,True,True,4,4247,USD,150.0,0.08,0.05,SRC-00040033
EXP-040034,EMP-0193,HR,2026-03-21,accommodation,Hotel Group C,PRJ-0103,EmployeeReimbursement,True,True,3,17434,EUR,162.0,0.1,0.0,SRC-00040034
EXP-040035,EMP-0206,IT,2026-04-22,meal,Restaurant A,PRJ-0106,Cash,True,True,4,5505,JPY,1.0,0.1,0.0,SRC-00040035
EXP-040036,EMP-0219,Engineering,2026-05-23,travel,Railway Services,PRJ-0109,CorporateCard,False,True,1,27932,USD,150.0,0.1,0.0,SRC-00040036
EXP-040037,EMP-0232,Sales,2026-06-24,other,Software Store,PRJ-0112,BankTransfer,True,True,3,4483,EUR,162.0,0.08,0.0,SRC-00040037
EXP-040038,EMP-0245,Legal,2026-07-25,accommodation,Hotel Group C,PRJ-0115,EmployeeReimbursement,True,True,1,17838,JPY,1.0,0.1,0.0,SRC-00040038
EXP-040039,EMP-0008,Operations,2026-08-26,meal,Catering Co,PRJ-0118,Cash,True,True,4,5837,USD,150.0,0.1,0.0,SRC-00040039
EXP-040040,EMP-0021,Finance,2026-09-27,travel,JAL,PRJ-0001,CorporateCard,False,True,1,28480,EUR,162.0,0.1,0.05,SRC-00040040
EXP-040041,EMP-0034,Procurement,2026-10-01,other,Courier Service,PRJ-0004,BankTransfer,True,True,2,4719,JPY,1.0,0.08,0.0,SRC-00040041
EXP-040042,EMP-0047,HR,2026-11-02,accommodation,Hotel Group C,PRJ-0007,EmployeeReimbursement,True,True,2,18242,USD,150.0,0.1,0.0,SRC-00040042
EXP-040043,EMP-0060,IT,2026-12-03,meal,Business Dining,PRJ-0010,Cash,True,True,4,6169,EUR,162.0,0.1,0.0,SRC-00040043
EXP-040044,EMP-0073,Engineering,2026-01-04,travel,JR East,PRJ-0013,CorporateCard,False,True,1,29028,JPY,1.0,0.1,0.0,SRC-00040044
EXP-040045,EMP-0086,Sales,2026-02-05,other,Office Supply Co,PRJ-0016,BankTransfer,True,True,1,4955,USD,150.0,0.08,0.0,SRC-00040045
EXP-040046,EMP-0099,Legal,2026-03-06,accommodation,Hotel Group C,PRJ-0019,EmployeeReimbursement,True,True,3,18646,EUR,162.0,0.1,0.0,SRC-00040046
EXP-040047,EMP-0112,Operations,2026-04-07,meal,Cafe Central,PRJ-0022,Cash,True,True,4,6501,JPY,1.0,0.1,0.05,SRC-00040047
EXP-040048,EMP-0125,Finance,2026-05-08,travel,Railway Services,PRJ-0025,CorporateCard,False,True,1,29576,USD,150.0,0.1,0.0,SRC-00040048
EXP-040049,EMP-0138,Procurement,2026-06-09,other,Misc Services,PRJ-0028,BankTransfer,True,True,5,5191,EUR,162.0,0.08,0.0,SRC-00040049
EXP-040050,EMP-0151,HR,2026-07-10,accommodation,Hotel Group C,PRJ-0031,EmployeeReimbursement,True,True,1,19050,JPY,1.0,0.1,0.0,SRC-00040050
EXP-040051,EMP-0164,IT,2026-08-11,meal,Restaurant B,PRJ-0034,Cash,True,True,4,6833,USD,150.0,0.1,0.0,SRC-00040051
EXP-040052,EMP-0177,Engineering,2026-09-12,travel,JAL,PRJ-0037,CorporateCard,False,True,1,30124,EUR,162.0,0.1,0.0,SRC-00040052
EXP-040053,EMP-0190,Sales,2026-10-13,other,Printing Co,PRJ-0040,BankTransfer,True,True,4,5427,JPY,1.0,0.08,0.0,SRC-00040053
EXP-040054,EMP-0203,Legal,2026-11-14,accommodation,Hotel Group C,PRJ-0043,EmployeeReimbursement,True,True,2,19454,USD,150.0,0.1,0.05,SRC-00040054
EXP-040055,EMP-0216,Operations,2026-12-15,meal,Restaurant A,PRJ-0046,Cash,True,True,4,7165,EUR,162.0,0.1,0.0,SRC-00040055
EXP-040056,EMP-0229,Finance,2026-01-16,travel,JR East,PRJ-0049,CorporateCard,False,True,1,30672,JPY,1.0,0.1,0.0,SRC-00040056
EXP-040057,EMP-0242,Procurement,2026-02-17,other,Software Store,PRJ-0052,BankTransfer,True,True,3,5663,USD,150.0,0.08,0.0,SRC-00040057
EXP-040058,EMP-0005,HR,2026-03-18,accommodation,Hotel Group C,PRJ-0055,EmployeeReimbursement,True,True,3,19858,EUR,162.0,0.1,0.0,SRC-00040058
EXP-040059,EMP-0018,IT,2026-04-19,meal,Catering Co,PRJ-0058,Cash,True,True,4,7497,JPY,1.0,0.1,0.0,SRC-00040059
EXP-040060,EMP-0031,Engineering,2026-05-20,travel,Railway Services,PRJ-0061,CorporateCard,False,True,1,31220,USD,150.0,0.1,0.0,SRC-00040060
EXP-040061,EMP-0044,Sales,2026-06-21,other,Courier Service,PRJ-0064,BankTransfer,True,True,2,5899,EUR,162.0,0.08,0.05,SRC-00040061
EXP-040062,EMP-0057,Legal,2026-07-22,accommodation,Hotel Group C,PRJ-0067,EmployeeReimbursement,True,True,1,20262,JPY,1.0,0.1,0.0,SRC-00040062
EXP-040063,EMP-0070,Operations,2026-08-23,meal,Business Dining,PRJ-0070,Cash,True,True,4,7829,USD,150.0,0.1,0.0,SRC-00040063
EXP-040064,EMP-0083,Finance,2026-09-24,travel,JAL,PRJ-0073,CorporateCard,False,True,1,31768,EUR,162.0,0.1,0.0,SRC-00040064
EXP-040065,EMP-0096,Procurement,2026-10-25,other,Office Supply Co,PRJ-0076,BankTransfer,True,True,1,6135,JPY,1.0,0.08,0.0,SRC-00040065
EXP-040066,EMP-0109,HR,2026-11-26,accommodation,Hotel Group C,PRJ-0079,EmployeeReimbursement,True,True,2,20666,USD,150.0,0.1,0.0,SRC-00040066
EXP-040067,EMP-0122,IT,2026-12-27,meal,Cafe Central,PRJ-0082,Cash,True,True,4,8161,EUR,162.0,0.1,0.0,SRC-00040067
EXP-040068,EMP-0135,Engineering,2026-01-01,travel,JR East,PRJ-0085,CorporateCard,False,True,1,32316,JPY,1.0,0.1,0.05,SRC-00040068
EXP-040069,EMP-0148,Sales,2026-02-02,other,Misc Services,PRJ-0088,BankTransfer,True,True,5,6371,USD,150.0,0.08,0.0,SRC-00040069
EXP-040070,EMP-0161,Legal,2026-03-03,accommodation,Hotel Group C,PRJ-0091,EmployeeReimbursement,True,True,3,21070,EUR,162.0,0.1,0.0,SRC-00040070
EXP-040071,EMP-0174,Operations,2026-04-04,meal,Restaurant B,PRJ-0094,Cash,True,True,4,8493,JPY,1.0,0.1,0.0,SRC-00040071
EXP-040072,EMP-0187,Finance,2026-05-05,travel,Railway Services,PRJ-0097,CorporateCard,False,True,1,32864,USD,150.0,0.1,0.0,SRC-00040072
EXP-040073,EMP-0200,Procurement,2026-06-06,other,Printing Co,PRJ-0100,BankTransfer,True,True,4,6607,EUR,162.0,0.08,0.0,SRC-00040073
EXP-040074,EMP-0213,HR,2026-07-07,accommodation,Hotel Group C,PRJ-0103,EmployeeReimbursement,True,True,1,21474,JPY,1.0,0.1,0.0,SRC-00040074
EXP-040075,EMP-0226,IT,2026-08-08,meal,Restaurant A,PRJ-0106,Cash,True,True,4,8825,USD,150.0,0.1,0.05,SRC-00040075
EXP-040076,EMP-0239,Engineering,2026-09-09,travel,JAL,PRJ-0109,CorporateCard,False,True,1,33412,EUR,162.0,0.1,0.0,SRC-00040076
EXP-040077,EMP-0002,Sales,2026-10-10,other,Software Store,PRJ-0112,BankTransfer,True,True,3,6843,JPY,1.0,0.08,0.0,SRC-00040077
EXP-040078,EMP-0015,Legal,2026-11-11,accommodation,Hotel Group C,PRJ-0115,EmployeeReimbursement,True,True,2,21878,USD,150.0,0.1,0.0,SRC-00040078
EXP-040079,EMP-0028,Operations,2026-12-12,meal,Catering Co,PRJ-0118,Cash,True,True,4,9157,EUR,162.0,0.1,0.0,SRC-00040079
EXP-040080,EMP-0041,Finance,2026-01-13,travel,JR East,PRJ-0001,CorporateCard,False,True,1,33960,JPY,1.0,0.1,0.0,SRC-00040080
EXP-040081,EMP-0054,Procurement,2026-02-14,other,Courier Service,PRJ-0004,BankTransfer,True,True,2,7079,USD,150.0,0.08,0.0,SRC-00040081
EXP-040082,EMP-0067,HR,2026-03-15,accommodation,Hotel Group C,PRJ-0007,EmployeeReimbursement,True,True,3,22282,EUR,162.0,0.1,0.05,SRC-00040082
EXP-040083,EMP-0080,IT,2026-04-16,meal,Business Dining,PRJ-0010,Cash,True,True,4,9489,JPY,1.0,0.1,0.0,SRC-00040083
EXP-040084,EMP-0093,Engineering,2026-05-17,travel,Railway Services,PRJ-0013,CorporateCard,False,True,1,34508,USD,150.0,0.1,0.0,SRC-00040084
EXP-040085,EMP-0106,Sales,2026-06-18,other,Office Supply Co,PRJ-0016,BankTransfer,True,True,1,7315,EUR,162.0,0.08,0.0,SRC-00040085
EXP-040086,EMP-0119,Legal,2026-07-19,accommodation,Hotel Group C,PRJ-0019,EmployeeReimbursement,True,True,1,22686,JPY,1.0,0.1,0.0,SRC-00040086
EXP-040087,EMP-0132,Operations,2026-08-20,meal,Cafe Central,PRJ-0022,Cash,True,True,4,9821,USD,150.0,0.1,0.0,SRC-00040087
EXP-040088,EMP-0145,Finance,2026-09-21,travel,JAL,PRJ-0025,CorporateCard,False,True,1,35056,EUR,162.0,0.1,0.0,SRC-00040088
EXP-040089,EMP-0158,Procurement,2026-10-22,other,Misc Services,PRJ-0028,BankTransfer,True,True,5,7551,JPY,1.0,0.08,0.05,SRC-00040089
EXP-040090,EMP-0171,HR,2026-11-23,accommodation,Hotel Group C,PRJ-0031,EmployeeReimbursement,True,True,2,23090,USD,150.0,0.1,0.0,SRC-00040090
EXP-040091,EMP-0184,IT,2026-12-24,meal,Restaurant B,PRJ-0034,Cash,True,True,4,10153,EUR,162.0,0.1,0.0,SRC-00040091
EXP-040092,EMP-0197,Engineering,2026-01-25,travel,JR East,PRJ-0037,CorporateCard,False,True,1,35604,JPY,1.0,0.1,0.0,SRC-00040092
EXP-040093,EMP-0210,Sales,2026-02-26,other,Printing Co,PRJ-0040,BankTransfer,True,True,4,7787,USD,150.0,0.08,0.0,SRC-00040093
EXP-040094,EMP-0223,Legal,2026-03-27,accommodation,Hotel Group C,PRJ-0043,EmployeeReimbursement,True,True,3,23494,EUR,162.0,0.1,0.0,SRC-00040094
EXP-040095,EMP-0236,Operations,2026-04-01,meal,Restaurant A,PRJ-0046,Cash,True,True,4,10485,JPY,1.0,0.1,0.0,SRC-00040095
EXP-040096,EMP-0249,Finance,2026-05-02,travel,Railway Services,PRJ-0049,CorporateCard,False,True,1,36152,USD,150.0,0.1,0.05,SRC-00040096
EXP-040097,EMP-0012,Procurement,2026-06-03,other,Software Store,PRJ-0052,BankTransfer,True,True,3,8023,EUR,162.0,0.08,0.0,SRC-00040097
EXP-040098,EMP-0025,HR,2026-07-04,accommodation,Hotel Group C,PRJ-0055,EmployeeReimbursement,True,True,1,23898,JPY,1.0,0.1,0.0,SRC-00040098
EXP-040099,EMP-0038,IT,2026-08-05,meal,Catering Co,PRJ-0058,Cash,True,True,4,10817,USD,150.0,0.1,0.0,SRC-00040099
EXP-040100,EMP-0051,Engineering,2026-09-06,travel,JAL,PRJ-0061,CorporateCard,False,True,1,36700,EUR,162.0,0.1,0.0,SRC-00040100
EXP-040101,EMP-0064,Sales,2026-10-07,other,Courier Service,PRJ-0064,BankTransfer,True,True,2,8259,JPY,1.0,0.08,0.0,SRC-00040101
EXP-040102,EMP-0077,Legal,2026-11-08,accommodation,Hotel Group C,PRJ-0067,EmployeeReimbursement,True,True,2,24302,USD,150.0,0.1,0.0,SRC-00040102
EXP-040103,EMP-0090,Operations,2026-12-09,meal,Business Dining,PRJ-0070,Cash,True,True,4,11149,EUR,162.0,0.1,0.05,SRC-00040103
EXP-040104,EMP-0103,Finance,2026-01-10,travel,JR East,PRJ-0073,CorporateCard,False,True,1,37248,JPY,1.0,0.1,0.0,SRC-00040104
EXP-040105,EMP-0116,Procurement,2026-02-11,other,Office Supply Co,PRJ-0076,BankTransfer,True,True,1,8495,USD,150.0,0.08,0.0,SRC-00040105
EXP-040106,EMP-0129,HR,2026-03-12,accommodation,Hotel Group C,PRJ-0079,EmployeeReimbursement,True,True,3,24706,EUR,162.0,0.1,0.0,SRC-00040106
EXP-040107,EMP-0142,IT,2026-04-13,meal,Cafe Central,PRJ-0082,Cash,True,True,4,11481,JPY,1.0,0.1,0.0,SRC-00040107
EXP-040108,EMP-0155,Engineering,2026-05-14,travel,Railway Services,PRJ-0085,CorporateCard,False,True,1,37796,USD,150.0,0.1,0.0,SRC-00040108
EXP-040109,EMP-0168,Sales,2026-06-15,other,Misc Services,PRJ-0088,BankTransfer,True,True,5,8731,EUR,162.0,0.08,0.0,SRC-00040109
EXP-040110,EMP-0181,Legal,2026-07-16,accommodation,Hotel Group C,PRJ-0091,EmployeeReimbursement,True,True,1,25110,JPY,1.0,0.1,0.05,SRC-00040110
EXP-040111,EMP-0194,Operations,2026-08-17,meal,Restaurant B,PRJ-0094,Cash,True,True,4,11813,USD,150.0,0.1,0.0,SRC-00040111
EXP-040112,EMP-0207,Finance,2026-09-18,travel,JAL,PRJ-0097,CorporateCard,False,True,1,38344,EUR,162.0,0.1,0.0,SRC-00040112
EXP-040113,EMP-0220,Procurement,2026-10-19,other,Printing Co,PRJ-0100,BankTransfer,True,True,4,8967,JPY,1.0,0.08,0.0,SRC-00040113
EXP-040114,EMP-0233,HR,2026-11-20,accommodation,Hotel Group C,PRJ-0103,EmployeeReimbursement,True,True,2,25514,USD,150.0,0.1,0.0,SRC-00040114
EXP-040115,EMP-0246,IT,2026-12-21,meal,Restaurant A,PRJ-0106,Cash,True,True,4,12145,EUR,162.0,0.1,0.0,SRC-00040115
EXP-040116,EMP-0009,Engineering,2026-01-22,travel,JR East,PRJ-0109,CorporateCard,False,True,1,38892,JPY,1.0,0.1,0.0,SRC-00040116
EXP-040117,EMP-0022,Sales,2026-02-23,other,Software Store,PRJ-0112,BankTransfer,True,True,3,9203,USD,150.0,0.08,0.05,SRC-00040117
EXP-040118,EMP-0035,Legal,2026-03-24,accommodation,Hotel Group C,PRJ-0115,EmployeeReimbursement,True,True,3,25918,EUR,162.0,0.1,0.0,SRC-00040118
EXP-040119,EMP-0048,Operations,2026-04-25,meal,Catering Co,PRJ-0118,Cash,True,True,4,12477,JPY,1.0,0.1,0.0,SRC-00040119
EXP-040120,EMP-0061,Finance,2026-05-26,travel,Railway Services,PRJ-0001,CorporateCard,False,True,1,39440,USD,150.0,0.1,0.0,SRC-00040120
EXP-040121,EMP-0074,Procurement,2026-06-27,other,Courier Service,PRJ-0004,BankTransfer,True,True,2,9439,EUR,162.0,0.08,0.0,SRC-00040121
EXP-040122,EMP-0087,HR,2026-07-01,accommodation,Hotel Group C,PRJ-0007,EmployeeReimbursement,True,True,1,26322,JPY,1.0,0.1,0.0,SRC-00040122
EXP-040123,EMP-0100,IT,2026-08-02,meal,Business Dining,PRJ-0010,Cash,True,True,4,12809,USD,150.0,0.1,0.0,SRC-00040123
EXP-040124,EMP-0113,Engineering,2026-09-03,travel,JAL,PRJ-0013,CorporateCard,False,True,1,39988,EUR,162.0,0.1,0.05,SRC-00040124
EXP-040125,EMP-0126,Sales,2026-10-04,other,Office Supply Co,PRJ-0016,BankTransfer,True,True,1,9675,JPY,1.0,0.08,0.0,SRC-00040125
EXP-040126,EMP-0139,Legal,2026-11-05,accommodation,Hotel Group C,PRJ-0019,EmployeeReimbursement,True,True,2,26726,USD,150.0,0.1,0.0,SRC-00040126
EXP-040127,EMP-0152,Operations,2026-12-06,meal,Cafe Central,PRJ-0022,Cash,True,True,4,13141,EUR,162.0,0.1,0.0,SRC-00040127
EXP-040128,EMP-0165,Finance,2026-01-07,travel,JR East,PRJ-0025,CorporateCard,False,True,1,40536,JPY,1.0,0.1,0.0,SRC-00040128
EXP-040129,EMP-0178,Procurement,2026-02-08,other,Misc Services,PRJ-0028,BankTransfer,True,True,5,9911,USD,150.0,0.08,0.0,SRC-00040129
EXP-040130,EMP-0191,HR,2026-03-09,accommodation,Hotel Group C,PRJ-0031,EmployeeReimbursement,True,True,3,27130,EUR,162.0,0.1,0.0,SRC-00040130
EXP-040131,EMP-0204,IT,2026-04-10,meal,Restaurant B,PRJ-0034,Cash,True,True,4,13473,JPY,1.0,0.1,0.05,SRC-00040131
EXP-040132,EMP-0217,Engineering,2026-05-11,travel,Railway Services,PRJ-0037,CorporateCard,False,True,1,41084,USD,150.0,0.1,0.0,SRC-00040132
EXP-040133,EMP-0230,Sales,2026-06-12,other,Printing Co,PRJ-0040,BankTransfer,True,True,4,10147,EUR,162.0,0.08,0.0,SRC-00040133
EXP-040134,EMP-0243,Legal,2026-07-13,accommodation,Hotel Group C,PRJ-0043,EmployeeReimbursement,True,True,1,27534,JPY,1.0,0.1,0.0,SRC-00040134
EXP-040135,EMP-0006,Operations,2026-08-14,meal,Restaurant A,PRJ-0046,Cash,True,True,4,13805,USD,150.0,0.1,0.0,SRC-00040135
EXP-040136,EMP-0019,Finance,2026-09-15,travel,JAL,PRJ-0049,CorporateCard,False,True,1,41632,EUR,162.0,0.1,0.0,SRC-00040136
EXP-040137,EMP-0032,Procurement,2026-10-16,other,Software Store,PRJ-0052,BankTransfer,True,True,3,10383,JPY,1.0,0.08,0.0,SRC-00040137
EXP-040138,EMP-0045,HR,2026-11-17,accommodation,Hotel Group C,PRJ-0055,EmployeeReimbursement,True,True,2,27938,USD,150.0,0.1,0.05,SRC-00040138
EXP-040139,EMP-0058,IT,2026-12-18,meal,Catering Co,PRJ-0058,Cash,True,True,4,14137,EUR,162.0,0.1,0.0,SRC-00040139
EXP-040140,EMP-0071,Engineering,2026-01-19,travel,JR East,PRJ-0061,CorporateCard,False,True,1,42180,JPY,1.0,0.1,0.0,SRC-00040140
EXP-040141,EMP-0084,Sales,2026-02-20,other,Courier Service,PRJ-0064,BankTransfer,True,True,2,10619,USD,150.0,0.08,0.0,SRC-00040141
EXP-040142,EMP-0097,Legal,2026-03-21,accommodation,Hotel Group C,PRJ-0067,EmployeeReimbursement,True,True,3,28342,EUR,162.0,0.1,0.0,SRC-00040142
EXP-040143,EMP-0110,Operations,2026-04-22,meal,Business Dining,PRJ-0070,Cash,True,True,4,14469,JPY,1.0,0.1,0.0,SRC-00040143
EXP-040144,EMP-0123,Finance,2026-05-23,travel,Railway Services,PRJ-0073,CorporateCard,False,True,1,42728,USD,150.0,0.1,0.0,SRC-00040144
EXP-040145,EMP-0136,Procurement,2026-06-24,other,Office Supply Co,PRJ-0076,BankTransfer,True,True,1,10855,EUR,162.0,0.08,0.05,SRC-00040145
EXP-040146,EMP-0149,HR,2026-07-25,accommodation,Hotel Group C,PRJ-0079,EmployeeReimbursement,True,True,1,28746,JPY,1.0,0.1,0.0,SRC-00040146
EXP-040147,EMP-0162,IT,2026-08-26,meal,Cafe Central,PRJ-0082,Cash,True,True,4,801,USD,150.0,0.1,0.0,SRC-00040147
EXP-040148,EMP-0175,Engineering,2026-09-27,travel,JAL,PRJ-0085,CorporateCard,False,True,1,43276,EUR,162.0,0.1,0.0,SRC-00040148
EXP-040149,EMP-0188,Sales,2026-10-01,other,Misc Services,PRJ-0088,BankTransfer,True,True,5,11091,JPY,1.0,0.08,0.0,SRC-00040149
EXP-040150,EMP-0201,Legal,2026-11-02,accommodation,Hotel Group C,PRJ-0091,EmployeeReimbursement,True,True,2,29150,USD,150.0,0.1,0.0,SRC-00040150
EXP-040151,EMP-0214,Operations,2026-12-03,meal,Restaurant B,PRJ-0094,Cash,True,True,4,1133,EUR,162.0,0.1,0.0,SRC-00040151
EXP-040152,EMP-0227,Finance,2026-01-04,travel,JR East,PRJ-0097,CorporateCard,False,True,1,43824,JPY,1.0,0.1,0.05,SRC-00040152
EXP-040153,EMP-0240,Procurement,2026-02-05,other,Printing Co,PRJ-0100,BankTransfer,True,True,4,11327,USD,150.0,0.08,0.0,SRC-00040153
EXP-040154,EMP-0003,HR,2026-03-06,accommodation,Hotel Group C,PRJ-0103,EmployeeReimbursement,True,True,3,29554,EUR,162.0,0.1,0.0,SRC-00040154
EXP-040155,EMP-0016,IT,2026-04-07,meal,Restaurant A,PRJ-0106,Cash,True,True,4,1465,JPY,1.0,0.1,0.0,SRC-00040155
EXP-040156,EMP-0029,Engineering,2026-05-08,travel,Railway Services,PRJ-0109,CorporateCard,False,True,1,44372,USD,150.0,0.1,0.0,SRC-00040156
EXP-040157,EMP-0042,Sales,2026-06-09,other,Software Store,PRJ-0112,BankTransfer,True,True,3,11563,EUR,162.0,0.08,0.0,SRC-00040157
EXP-040158,EMP-0055,Legal,2026-07-10,accommodation,Hotel Group C,PRJ-0115,EmployeeReimbursement,True,True,1,29958,JPY,1.0,0.1,0.0,SRC-00040158
EXP-040159,EMP-0068,Operations,2026-08-11,meal,Catering Co,PRJ-0118,Cash,True,True,4,1797,USD,150.0,0.1,0.05,SRC-00040159
EXP-040160,EMP-0081,Finance,2026-09-12,travel,JAL,PRJ-0001,CorporateCard,False,True,1,44920,EUR,162.0,0.1,0.0,SRC-00040160
EXP-040161,EMP-0094,Procurement,2026-10-13,other,Courier Service,PRJ-0004,BankTransfer,True,True,2,11799,JPY,1.0,0.08,0.0,SRC-00040161
EXP-040162,EMP-0107,HR,2026-11-14,accommodation,Hotel Group C,PRJ-0007,EmployeeReimbursement,True,True,2,30362,USD,150.0,0.1,0.0,SRC-00040162
EXP-040163,EMP-0120,IT,2026-12-15,meal,Business Dining,PRJ-0010,Cash,True,True,4,2129,EUR,162.0,0.1,0.0,SRC-00040163
EXP-040164,EMP-0133,Engineering,2026-01-16,travel,JR East,PRJ-0013,CorporateCard,False,True,1,45468,JPY,1.0,0.1,0.0,SRC-00040164
EXP-040165,EMP-0146,Sales,2026-02-17,other,Office Supply Co,PRJ-0016,BankTransfer,True,True,1,12035,USD,150.0,0.08,0.0,SRC-00040165
EXP-040166,EMP-0159,Legal,2026-03-18,accommodation,Hotel Group C,PRJ-0019,EmployeeReimbursement,True,True,3,30766,EUR,162.0,0.1,0.05,SRC-00040166
EXP-040167,EMP-0172,Operations,2026-04-19,meal,Cafe Central,PRJ-0022,Cash,True,True,4,2461,JPY,1.0,0.1,0.0,SRC-00040167
EXP-040168,EMP-0185,Finance,2026-05-20,travel,Railway Services,PRJ-0025,CorporateCard,False,True,1,46016,USD,150.0,0.1,0.0,SRC-00040168
EXP-040169,EMP-0198,Procurement,2026-06-21,other,Misc Services,PRJ-0028,BankTransfer,True,True,5,12271,EUR,162.0,0.08,0.0,SRC-00040169
EXP-040170,EMP-0211,HR,2026-07-22,accommodation,Hotel Group C,PRJ-0031,EmployeeReimbursement,True,True,1,31170,JPY,1.0,0.1,0.0,SRC-00040170
EXP-040171,EMP-0224,IT,2026-08-23,meal,Restaurant B,PRJ-0034,Cash,True,True,4,2793,USD,150.0,0.1,0.0,SRC-00040171
EXP-040172,EMP-0237,Engineering,2026-09-24,travel,JAL,PRJ-0037,CorporateCard,False,True,1,46564,EUR,162.0,0.1,0.0,SRC-00040172
EXP-040173,EMP-0250,Sales,2026-10-25,other,Printing Co,PRJ-0040,BankTransfer,True,True,4,12507,JPY,1.0,0.08,0.05,SRC-00040173
EXP-040174,EMP-0013,Legal,2026-11-26,accommodation,Hotel Group C,PRJ-0043,EmployeeReimbursement,True,True,2,31574,USD,150.0,0.1,0.0,SRC-00040174
EXP-040175,EMP-0026,Operations,2026-12-27,meal,Restaurant A,PRJ-0046,Cash,True,True,4,3125,EUR,162.0,0.1,0.0,SRC-00040175
EXP-040176,EMP-0039,Finance,2026-01-01,travel,JR East,PRJ-0049,CorporateCard,False,True,1,47112,JPY,1.0,0.1,0.0,SRC-00040176
EXP-040177,EMP-0052,Procurement,2026-02-02,other,Software Store,PRJ-0052,BankTransfer,True,True,3,12743,USD,150.0,0.08,0.0,SRC-00040177
EXP-040178,EMP-0065,HR,2026-03-03,accommodation,Hotel Group C,PRJ-0055,EmployeeReimbursement,True,True,3,31978,EUR,162.0,0.1,0.0,SRC-00040178
EXP-040179,EMP-0078,IT,2026-04-04,meal,Catering Co,PRJ-0058,Cash,True,True,4,3457,JPY,1.0,0.1,0.0,SRC-00040179
EXP-040180,EMP-0091,Engineering,2026-05-05,travel,Railway Services,PRJ-0061,CorporateCard,False,True,1,47660,USD,150.0,0.1,0.05,SRC-00040180
EXP-040181,EMP-0104,Sales,2026-06-06,other,Courier Service,PRJ-0064,BankTransfer,True,True,2,12979,EUR,162.0,0.08,0.0,SRC-00040181
EXP-040182,EMP-0117,Legal,2026-07-07,accommodation,Hotel Group C,PRJ-0067,EmployeeReimbursement,True,True,1,32382,JPY,1.0,0.1,0.0,SRC-00040182
EXP-040183,EMP-0130,Operations,2026-08-08,meal,Business Dining,PRJ-0070,Cash,True,True,4,3789,USD,150.0,0.1,0.0,SRC-00040183
EXP-040184,EMP-0143,Finance,2026-09-09,travel,JAL,PRJ-0073,CorporateCard,False,True,1,48208,EUR,162.0,0.1,0.0,SRC-00040184
EXP-040185,EMP-0156,Procurement,2026-10-10,other,Office Supply Co,PRJ-0076,BankTransfer,True,True,1,13215,JPY,1.0,0.08,0.0,SRC-00040185
EXP-040186,EMP-0169,HR,2026-11-11,accommodation,Hotel Group C,PRJ-0079,EmployeeReimbursement,True,True,2,32786,USD,150.0,0.1,0.0,SRC-00040186
EXP-040187,EMP-0182,IT,2026-12-12,meal,Cafe Central,PRJ-0082,Cash,True,True,4,4121,EUR,162.0,0.1,0.05,SRC-00040187
EXP-040188,EMP-0195,Engineering,2026-01-13,travel,JR East,PRJ-0085,CorporateCard,False,True,1,48756,JPY,1.0,0.1,0.0,SRC-00040188
EXP-040189,EMP-0208,Sales,2026-02-14,other,Misc Services,PRJ-0088,BankTransfer,True,True,5,13451,USD,150.0,0.08,0.0,SRC-00040189
EXP-040190,EMP-0221,Legal,2026-03-15,accommodation,Hotel Group C,PRJ-0091,EmployeeReimbursement,True,True,3,33190,EUR,162.0,0.1,0.0,SRC-00040190
EXP-040191,EMP-0234,Operations,2026-04-16,meal,Restaurant B,PRJ-0094,Cash,True,True,4,4453,JPY,1.0,0.1,0.0,SRC-00040191
EXP-040192,EMP-0247,Finance,2026-05-17,travel,Railway Services,PRJ-0097,CorporateCard,False,True,1,49304,USD,150.0,0.1,0.0,SRC-00040192
EXP-040193,EMP-0010,Procurement,2026-06-18,other,Printing Co,PRJ-0100,BankTransfer,True,True,4,13687,EUR,162.0,0.08,0.0,SRC-00040193
EXP-040194,EMP-0023,HR,2026-07-19,accommodation,Hotel Group C,PRJ-0103,EmployeeReimbursement,True,True,1,33594,JPY,1.0,0.1,0.05,SRC-00040194
EXP-040195,EMP-0036,IT,2026-08-20,meal,Restaurant A,PRJ-0106,Cash,True,True,4,4785,USD,150.0,0.1,0.0,SRC-00040195
EXP-040196,EMP-0049,Engineering,2026-09-21,travel,JAL,PRJ-0109,CorporateCard,False,True,1,49852,EUR,162.0,0.1,0.0,SRC-00040196
EXP-040197,EMP-0062,Sales,2026-10-22,other,Software Store,PRJ-0112,BankTransfer,True,True,3,13923,JPY,1.0,0.08,0.0,SRC-00040197
EXP-040198,EMP-0075,Legal,2026-11-23,accommodation,Hotel Group C,PRJ-0115,EmployeeReimbursement,True,True,2,33998,USD,150.0,0.1,0.0,SRC-00040198
EXP-040199,EMP-0088,Operations,2026-12-24,meal,Catering Co,PRJ-0118,Cash,True,True,4,5117,EUR,162.0,0.1,0.0,SRC-00040199
EXP-040200,EMP-0101,Finance,2026-01-25,travel,JR East,PRJ-0001,CorporateCard,False,True,1,50400,JPY,1.0,0.1,0.0,SRC-00040200
EXP-040201,EMP-0114,Procurement,2026-02-26,other,Courier Service,PRJ-0004,BankTransfer,True,True,2,14159,USD,150.0,0.08,0.05,SRC-00040201
EXP-040202,EMP-0127,HR,2026-03-27,accommodation,Hotel Group C,PRJ-0007,EmployeeReimbursement,True,True,3,6402,EUR,162.0,0.1,0.0,SRC-00040202
EXP-040203,EMP-0140,IT,2026-04-01,meal,Business Dining,PRJ-0010,Cash,True,True,4,5449,JPY,1.0,0.1,0.0,SRC-00040203
EXP-040204,EMP-0153,Engineering,2026-05-02,travel,Railway Services,PRJ-0013,CorporateCard,False,True,1,50948,USD,150.0,0.1,0.0,SRC-00040204
EXP-040205,EMP-0166,Sales,2026-06-03,other,Office Supply Co,PRJ-0016,BankTransfer,True,True,1,14395,EUR,162.0,0.08,0.0,SRC-00040205
EXP-040206,EMP-0179,Legal,2026-07-04,accommodation,Hotel Group C,PRJ-0019,EmployeeReimbursement,True,True,1,6806,JPY,1.0,0.1,0.0,SRC-00040206
EXP-040207,EMP-0192,Operations,2026-08-05,meal,Cafe Central,PRJ-0022,Cash,True,True,4,5781,USD,150.0,0.1,0.0,SRC-00040207
EXP-040208,EMP-0205,Finance,2026-09-06,travel,JAL,PRJ-0025,CorporateCard,False,True,1,51496,EUR,162.0,0.1,0.05,SRC-00040208
EXP-040209,EMP-0218,Procurement,2026-10-07,other,Misc Services,PRJ-0028,BankTransfer,True,True,5,14631,JPY,1.0,0.08,0.0,SRC-00040209
EXP-040210,EMP-0231,HR,2026-11-08,accommodation,Hotel Group C,PRJ-0031,EmployeeReimbursement,True,True,2,7210,USD,150.0,0.1,0.0,SRC-00040210
EXP-040211,EMP-0244,IT,2026-12-09,meal,Restaurant B,PRJ-0034,Cash,True,True,4,6113,EUR,162.0,0.1,0.0,SRC-00040211
EXP-040212,EMP-0007,Engineering,2026-01-10,travel,JR East,PRJ-0037,CorporateCard,False,True,1,52044,JPY,1.0,0.1,0.0,SRC-00040212
EXP-040213,EMP-0020,Sales,2026-02-11,other,Printing Co,PRJ-0040,BankTransfer,True,True,4,14867,USD,150.0,0.08,0.0,SRC-00040213
EXP-040214,EMP-0033,Legal,2026-03-12,accommodation,Hotel Group C,PRJ-0043,EmployeeReimbursement,True,True,3,7614,EUR,162.0,0.1,0.0,SRC-00040214
EXP-040215,EMP-0046,Operations,2026-04-13,meal,Restaurant A,PRJ-0046,Cash,True,True,4,6445,JPY,1.0,0.1,0.05,SRC-00040215
EXP-040216,EMP-0059,Finance,2026-05-14,travel,Railway Services,PRJ-0049,CorporateCard,False,True,1,52592,USD,150.0,0.1,0.0,SRC-00040216
EXP-040217,EMP-0072,Procurement,2026-06-15,other,Software Store,PRJ-0052,BankTransfer,True,True,3,15103,EUR,162.0,0.08,0.0,SRC-00040217
EXP-040218,EMP-0085,HR,2026-07-16,accommodation,Hotel Group C,PRJ-0055,EmployeeReimbursement,True,True,1,8018,JPY,1.0,0.1,0.0,SRC-00040218
EXP-040219,EMP-0098,IT,2026-08-17,meal,Catering Co,PRJ-0058,Cash,True,True,4,6777,USD,150.0,0.1,0.0,SRC-00040219
EXP-040220,EMP-0111,Engineering,2026-09-18,travel,JAL,PRJ-0061,CorporateCard,False,True,1,53140,EUR,162.0,0.1,0.0,SRC-00040220
EXP-040221,EMP-0124,Sales,2026-10-19,other,Courier Service,PRJ-0064,BankTransfer,True,True,2,15339,JPY,1.0,0.08,0.0,SRC-00040221
EXP-040222,EMP-0137,Legal,2026-11-20,accommodation,Hotel Group C,PRJ-0067,EmployeeReimbursement,True,True,2,8422,USD,150.0,0.1,0.05,SRC-00040222
EXP-040223,EMP-0150,Operations,2026-12-21,meal,Business Dining,PRJ-0070,Cash,True,True,4,7109,EUR,162.0,0.1,0.0,SRC-00040223
EXP-040224,EMP-0163,Finance,2026-01-22,travel,JR East,PRJ-0073,CorporateCard,False,True,1,53688,JPY,1.0,0.1,0.0,SRC-00040224
EXP-040225,EMP-0176,Procurement,2026-02-23,other,Office Supply Co,PRJ-0076,BankTransfer,True,True,1,15575,USD,150.0,0.08,0.0,SRC-00040225
EXP-040226,EMP-0189,HR,2026-03-24,accommodation,Hotel Group C,PRJ-0079,EmployeeReimbursement,True,True,3,8826,EUR,162.0,0.1,0.0,SRC-00040226
EXP-040227,EMP-0202,IT,2026-04-25,meal,Cafe Central,PRJ-0082,Cash,True,True,4,7441,JPY,1.0,0.1,0.0,SRC-00040227
EXP-040228,EMP-0215,Engineering,2026-05-26,travel,Railway Services,PRJ-0085,CorporateCard,False,True,1,54236,USD,150.0,0.1,0.0,SRC-00040228
EXP-040229,EMP-0228,Sales,2026-06-27,other,Misc Services,PRJ-0088,BankTransfer,True,True,5,15811,EUR,162.0,0.08,0.05,SRC-00040229
EXP-040230,EMP-0241,Legal,2026-07-01,accommodation,Hotel Group C,PRJ-0091,EmployeeReimbursement,True,True,1,9230,JPY,1.0,0.1,0.0,SRC-00040230
EXP-040231,EMP-0004,Operations,2026-08-02,meal,Restaurant B,PRJ-0094,Cash,True,True,4,7773,USD,150.0,0.1,0.0,SRC-00040231
EXP-040232,EMP-0017,Finance,2026-09-03,travel,JAL,PRJ-0097,CorporateCard,False,True,1,54784,EUR,162.0,0.1,0.0,SRC-00040232
EXP-040233,EMP-0030,Procurement,2026-10-04,other,Printing Co,PRJ-0100,BankTransfer,True,True,4,16047,JPY,1.0,0.08,0.0,SRC-00040233
EXP-040234,EMP-0043,HR,2026-11-05,accommodation,Hotel Group C,PRJ-0103,EmployeeReimbursement,True,True,2,9634,USD,150.0,0.1,0.0,SRC-00040234
EXP-040235,EMP-0056,IT,2026-12-06,meal,Restaurant A,PRJ-0106,Cash,True,True,4,8105,EUR,162.0,0.1,0.0,SRC-00040235
EXP-040236,EMP-0069,Engineering,2026-01-07,travel,JR East,PRJ-0109,CorporateCard,False,True,1,55332,JPY,1.0,0.1,0.05,SRC-00040236
EXP-040237,EMP-0082,Sales,2026-02-08,other,Software Store,PRJ-0112,BankTransfer,True,True,3,16283,USD,150.0,0.08,0.0,SRC-00040237
EXP-040238,EMP-0095,Legal,2026-03-09,accommodation,Hotel Group C,PRJ-0115,EmployeeReimbursement,True,True,3,10038,EUR,162.0,0.1,0.0,SRC-00040238
EXP-040239,EMP-0108,Operations,2026-04-10,meal,Catering Co,PRJ-0118,Cash,True,True,4,8437,JPY,1.0,0.1,0.0,SRC-00040239
EXP-040240,EMP-0121,Finance,2026-05-11,travel,Railway Services,PRJ-0001,CorporateCard,False,True,1,55880,USD,150.0,0.1,0.0,SRC-00040240
EXP-040241,EMP-0134,Procurement,2026-06-12,other,Courier Service,PRJ-0004,BankTransfer,True,True,2,16519,EUR,162.0,0.08,0.0,SRC-00040241
EXP-040242,EMP-0147,HR,2026-07-13,accommodation,Hotel Group C,PRJ-0007,EmployeeReimbursement,True,True,1,10442,JPY,1.0,0.1,0.0,SRC-00040242
EXP-040243,EMP-0160,IT,2026-08-14,meal,Business Dining,PRJ-0010,Cash,True,True,4,8769,USD,150.0,0.1,0.05,SRC-00040243
EXP-040244,EMP-0173,Engineering,2026-09-15,travel,JAL,PRJ-0013,CorporateCard,False,True,1,56428,EUR,162.0,0.1,0.0,SRC-00040244
EXP-040245,EMP-0186,Sales,2026-10-16,other,Office Supply Co,PRJ-0016,BankTransfer,True,True,1,16755,JPY,1.0,0.08,0.0,SRC-00040245
EXP-040246,EMP-0199,Legal,2026-11-17,accommodation,Hotel Group C,PRJ-0019,EmployeeReimbursement,True,True,2,10846,USD,150.0,0.1,0.0,SRC-00040246
EXP-040247,EMP-0212,Operations,2026-12-18,meal,Cafe Central,PRJ-0022,Cash,True,True,4,9101,EUR,162.0,0.1,0.0,SRC-00040247
EXP-040248,EMP-0225,Finance,2026-01-19,travel,JR East,PRJ-0025,CorporateCard,False,True,1,56976,JPY,1.0,0.1,0.0,SRC-00040248
EXP-040249,EMP-0238,Procurement,2026-02-20,other,Misc Services,PRJ-0028,BankTransfer,True,True,5,16991,USD,150.0,0.08,0.0,SRC-00040249
EXP-040250,EMP-0001,HR,2026-03-21,accommodation,Hotel Group C,PRJ-0031,EmployeeReimbursement,True,True,3,11250,EUR,162.0,0.1,0.05,SRC-00040250
EXP-040251,EMP-0014,IT,2026-04-22,meal,Restaurant B,PRJ-0034,Cash,True,True,4,9433,JPY,1.0,0.1,0.0,SRC-00040251
EXP-040252,EMP-0027,Engineering,2026-05-23,travel,Railway Services,PRJ-0037,CorporateCard,False,True,1,57524,USD,150.0,0.1,0.0,SRC-00040252
EXP-040253,EMP-0040,Sales,2026-06-24,other,Printing Co,PRJ-0040,BankTransfer,True,True,4,17227,EUR,162.0,0.08,0.0,SRC-00040253
EXP-040254,EMP-0053,Legal,2026-07-25,accommodation,Hotel Group C,PRJ-0043,EmployeeReimbursement,True,True,1,11654,JPY,1.0,0.1,0.0,SRC-00040254
EXP-040255,EMP-0066,Operations,2026-08-26,meal,Restaurant A,PRJ-0046,Cash,True,True,4,9765,USD,150.0,0.1,0.0,SRC-00040255
EXP-040256,EMP-0079,Finance,2026-09-27,travel,JAL,PRJ-0049,CorporateCard,False,True,1,58072,EUR,162.0,0.1,0.0,SRC-00040256
EXP-040257,EMP-0092,Procurement,2026-10-01,other,Software Store,PRJ-0052,BankTransfer,True,True,3,17463,JPY,1.0,0.08,0.05,SRC-00040257
EXP-040258,EMP-0105,HR,2026-11-02,accommodation,Hotel Group C,PRJ-0055,EmployeeReimbursement,True,True,2,12058,USD,150.0,0.1,0.0,SRC-00040258
EXP-040259,EMP-0118,IT,2026-12-03,meal,Catering Co,PRJ-0058,Cash,True,True,4,10097,EUR,162.0,0.1,0.0,SRC-00040259
EXP-040260,EMP-0131,Engineering,2026-01-04,travel,JR East,PRJ-0061,CorporateCard,False,True,1,58620,JPY,1.0,0.1,0.0,SRC-00040260
EXP-040261,EMP-0144,Sales,2026-02-05,other,Courier Service,PRJ-0064,BankTransfer,True,True,2,17699,USD,150.0,0.08,0.0,SRC-00040261
EXP-040262,EMP-0157,Legal,2026-03-06,accommodation,Hotel Group C,PRJ-0067,EmployeeReimbursement,True,True,3,12462,EUR,162.0,0.1,0.0,SRC-00040262
EXP-040263,EMP-0170,Operations,2026-04-07,meal,Business Dining,PRJ-0070,Cash,True,True,4,10429,JPY,1.0,0.1,0.0,SRC-00040263
EXP-040264,EMP-0183,Finance,2026-05-08,travel,Railway Services,PRJ-0073,CorporateCard,False,True,1,59168,USD,150.0,0.1,0.05,SRC-00040264
EXP-040265,EMP-0196,Procurement,2026-06-09,other,Office Supply Co,PRJ-0076,BankTransfer,True,True,1,17935,EUR,162.0,0.08,0.0,SRC-00040265
EXP-040266,EMP-0209,HR,2026-07-10,accommodation,Hotel Group C,PRJ-0079,EmployeeReimbursement,True,True,1,12866,JPY,1.0,0.1,0.0,SRC-00040266
EXP-040267,EMP-0222,IT,2026-08-11,meal,Cafe Central,PRJ-0082,Cash,True,True,4,10761,USD,150.0,0.1,0.0,SRC-00040267
EXP-040268,EMP-0235,Engineering,2026-09-12,travel,JAL,PRJ-0085,CorporateCard,False,True,1,59716,EUR,162.0,0.1,0.0,SRC-00040268
EXP-040269,EMP-0248,Sales,2026-10-13,other,Misc Services,PRJ-0088,BankTransfer,True,True,5,18171,JPY,1.0,0.08,0.0,SRC-00040269
EXP-040270,EMP-0011,Legal,2026-11-14,accommodation,Hotel Group C,PRJ-0091,EmployeeReimbursement,True,True,2,13270,USD,150.0,0.1,0.0,SRC-00040270
EXP-040271,EMP-0024,Operations,2026-12-15,meal,Restaurant B,PRJ-0094,Cash,True,True,4,11093,EUR,162.0,0.1,0.05,SRC-00040271
EXP-040272,EMP-0037,Finance,2026-01-16,travel,JR East,PRJ-0097,CorporateCard,False,True,1,60264,JPY,1.0,0.1,0.0,SRC-00040272
EXP-040273,EMP-0050,Procurement,2026-02-17,other,Printing Co,PRJ-0100,BankTransfer,True,True,4,407,USD,150.0,0.08,0.0,SRC-00040273
EXP-040274,EMP-0063,HR,2026-03-18,accommodation,Hotel Group C,PRJ-0103,EmployeeReimbursement,True,True,3,13674,EUR,162.0,0.1,0.0,SRC-00040274
EXP-040275,EMP-0076,IT,2026-04-19,meal,Restaurant A,PRJ-0106,Cash,True,True,4,11425,JPY,1.0,0.1,0.0,SRC-00040275
EXP-040276,EMP-0089,Engineering,2026-05-20,travel,Railway Services,PRJ-0109,CorporateCard,False,True,1,60812,USD,150.0,0.1,0.0,SRC-00040276
EXP-040277,EMP-0102,Sales,2026-06-21,other,Software Store,PRJ-0112,BankTransfer,True,True,3,643,EUR,162.0,0.08,0.0,SRC-00040277
EXP-040278,EMP-0115,Legal,2026-07-22,accommodation,Hotel Group C,PRJ-0115,EmployeeReimbursement,True,True,1,14078,JPY,1.0,0.1,0.05,SRC-00040278
EXP-040279,EMP-0128,Operations,2026-08-23,meal,Catering Co,PRJ-0118,Cash,True,True,4,11757,USD,150.0,0.1,0.0,SRC-00040279
EXP-040280,EMP-0141,Finance,2026-09-24,travel,JAL,PRJ-0001,CorporateCard,False,True,1,61360,EUR,162.0,0.1,0.0,SRC-00040280
EXP-040281,EMP-0154,Procurement,2026-10-25,other,Courier Service,PRJ-0004,BankTransfer,True,True,2,879,JPY,1.0,0.08,0.0,SRC-00040281
EXP-040282,EMP-0167,HR,2026-11-26,accommodation,Hotel Group C,PRJ-0007,EmployeeReimbursement,True,True,2,14482,USD,150.0,0.1,0.0,SRC-00040282
EXP-040283,EMP-0180,IT,2026-12-27,meal,Business Dining,PRJ-0010,Cash,True,True,4,12089,EUR,162.0,0.1,0.0,SRC-00040283
EXP-040284,EMP-0193,Engineering,2026-01-01,travel,JR East,PRJ-0013,CorporateCard,False,True,1,61908,JPY,1.0,0.1,0.0,SRC-00040284
EXP-040285,EMP-0206,Sales,2026-02-02,other,Office Supply Co,PRJ-0016,BankTransfer,True,True,1,1115,USD,150.0,0.08,0.05,SRC-00040285
EXP-040286,EMP-0219,Legal,2026-03-03,accommodation,Hotel Group C,PRJ-0019,EmployeeReimbursement,True,True,3,14886,EUR,162.0,0.1,0.0,SRC-00040286
EXP-040287,EMP-0232,Operations,2026-04-04,meal,Cafe Central,PRJ-0022,Cash,True,True,4,12421,JPY,1.0,0.1,0.0,SRC-00040287
EXP-040288,EMP-0245,Finance,2026-05-05,travel,Railway Services,PRJ-0025,CorporateCard,False,True,1,62456,USD,150.0,0.1,0.0,SRC-00040288
EXP-040289,EMP-0008,Procurement,2026-06-06,other,Misc Services,PRJ-0028,BankTransfer,True,True,5,1351,EUR,162.0,0.08,0.0,SRC-00040289
EXP-040290,EMP-0021,HR,2026-07-07,accommodation,Hotel Group C,PRJ-0031,EmployeeReimbursement,True,True,1,15290,JPY,1.0,0.1,0.0,SRC-00040290
EXP-040291,EMP-0034,IT,2026-08-08,meal,Restaurant B,PRJ-0034,Cash,True,True,4,12753,USD,150.0,0.1,0.0,SRC-00040291
EXP-040292,EMP-0047,Engineering,2026-09-09,travel,JAL,PRJ-0037,CorporateCard,False,True,1,63004,EUR,162.0,0.1,0.05,SRC-00040292
EXP-040293,EMP-0060,Sales,2026-10-10,other,Printing Co,PRJ-0040,BankTransfer,True,True,4,1587,JPY,1.0,0.08,0.0,SRC-00040293
EXP-040294,EMP-0073,Legal,2026-11-11,accommodation,Hotel Group C,PRJ-0043,EmployeeReimbursement,True,True,2,15694,USD,150.0,0.1,0.0,SRC-00040294
EXP-040295,EMP-0086,Operations,2026-12-12,meal,Restaurant A,PRJ-0046,Cash,True,True,4,13085,EUR,162.0,0.1,0.0,SRC-00040295
EXP-040296,EMP-0099,Finance,2026-01-13,travel,JR East,PRJ-0049,CorporateCard,False,True,1,63552,JPY,1.0,0.1,0.0,SRC-00040296
EXP-040297,EMP-0112,Procurement,2026-02-14,other,Software Store,PRJ-0052,BankTransfer,True,True,3,1823,USD,150.0,0.08,0.0,SRC-00040297
EXP-040298,EMP-0125,HR,2026-03-15,accommodation,Hotel Group C,PRJ-0055,EmployeeReimbursement,True,True,3,16098,EUR,162.0,0.1,0.0,SRC-00040298
EXP-040299,EMP-0138,IT,2026-04-16,meal,Catering Co,PRJ-0058,Cash,True,True,4,13417,JPY,1.0,0.1,0.05,SRC-00040299
EXP-040300,EMP-0151,Engineering,2026-05-17,travel,Railway Services,PRJ-0061,CorporateCard,False,True,1,64100,USD,150.0,0.1,0.0,SRC-00040300
EXP-040301,EMP-0164,Sales,2026-06-18,other,Courier Service,PRJ-0064,BankTransfer,True,True,2,2059,EUR,162.0,0.08,0.0,SRC-00040301
EXP-040302,EMP-0177,Legal,2026-07-19,accommodation,Hotel Group C,PRJ-0067,EmployeeReimbursement,True,True,1,16502,JPY,1.0,0.1,0.0,SRC-00040302
EXP-040303,EMP-0190,Operations,2026-08-20,meal,Business Dining,PRJ-0070,Cash,True,True,4,13749,USD,150.0,0.1,0.0,SRC-00040303
EXP-040304,EMP-0203,Finance,2026-09-21,travel,JAL,PRJ-0073,CorporateCard,False,True,1,64648,EUR,162.0,0.1,0.0,SRC-00040304
EXP-040305,EMP-0216,Procurement,2026-10-22,other,Office Supply Co,PRJ-0076,BankTransfer,True,True,1,2295,JPY,1.0,0.08,0.0,SRC-00040305
EXP-040306,EMP-0229,HR,2026-11-23,accommodation,Hotel Group C,PRJ-0079,EmployeeReimbursement,True,True,2,16906,USD,150.0,0.1,0.05,SRC-00040306
EXP-040307,EMP-0242,IT,2026-12-24,meal,Cafe Central,PRJ-0082,Cash,True,True,4,14081,EUR,162.0,0.1,0.0,SRC-00040307
EXP-040308,EMP-0005,Engineering,2026-01-25,travel,JR East,PRJ-0085,CorporateCard,False,True,1,65196,JPY,1.0,0.1,0.0,SRC-00040308
EXP-040309,EMP-0018,Sales,2026-02-26,other,Misc Services,PRJ-0088,BankTransfer,True,True,5,2531,USD,150.0,0.08,0.0,SRC-00040309
EXP-040310,EMP-0031,Legal,2026-03-27,accommodation,Hotel Group C,PRJ-0091,EmployeeReimbursement,True,True,3,17310,EUR,162.0,0.1,0.0,SRC-00040310
EXP-040311,EMP-0044,Operations,2026-04-01,meal,Restaurant B,PRJ-0094,Cash,True,True,4,14413,JPY,1.0,0.1,0.0,SRC-00040311
EXP-040312,EMP-0057,Finance,2026-05-02,travel,Railway Services,PRJ-0097,CorporateCard,False,True,1,65744,USD,150.0,0.1,0.0,SRC-00040312
EXP-040313,EMP-0070,Procurement,2026-06-03,other,Printing Co,PRJ-0100,BankTransfer,True,True,4,2767,EUR,162.0,0.08,0.05,SRC-00040313
EXP-040314,EMP-0083,HR,2026-07-04,accommodation,Hotel Group C,PRJ-0103,EmployeeReimbursement,True,True,1,17714,JPY,1.0,0.1,0.0,SRC-00040314
EXP-040315,EMP-0096,IT,2026-08-05,meal,Restaurant A,PRJ-0106,Cash,True,True,4,745,USD,150.0,0.1,0.0,SRC-00040315
EXP-040316,EMP-0109,Engineering,2026-09-06,travel,JAL,PRJ-0109,CorporateCard,False,True,1,66292,EUR,162.0,0.1,0.0,SRC-00040316
EXP-040317,EMP-0122,Sales,2026-10-07,other,Software Store,PRJ-0112,BankTransfer,True,True,3,3003,JPY,1.0,0.08,0.0,SRC-00040317
EXP-040318,EMP-0135,Legal,2026-11-08,accommodation,Hotel Group C,PRJ-0115,EmployeeReimbursement,True,True,2,18118,USD,150.0,0.1,0.0,SRC-00040318
EXP-040319,EMP-0148,Operations,2026-12-09,meal,Catering Co,PRJ-0118,Cash,True,True,4,1077,EUR,162.0,0.1,0.0,SRC-00040319
EXP-040320,EMP-0161,Finance,2026-01-10,travel,JR East,PRJ-0001,CorporateCard,False,True,1,66840,JPY,1.0,0.1,0.05,SRC-00040320
EXP-040321,EMP-0174,Procurement,2026-02-11,other,Courier Service,PRJ-0004,BankTransfer,True,True,2,3239,USD,150.0,0.08,0.0,SRC-00040321
EXP-040322,EMP-0187,HR,2026-03-12,accommodation,Hotel Group C,PRJ-0007,EmployeeReimbursement,True,True,3,18522,EUR,162.0,0.1,0.0,SRC-00040322
EXP-040323,EMP-0200,IT,2026-04-13,meal,Business Dining,PRJ-0010,Cash,True,True,4,1409,JPY,1.0,0.1,0.0,SRC-00040323
EXP-040324,EMP-0213,Engineering,2026-05-14,travel,Railway Services,PRJ-0013,CorporateCard,False,True,1,67388,USD,150.0,0.1,0.0,SRC-00040324
EXP-040325,EMP-0226,Sales,2026-06-15,other,Office Supply Co,PRJ-0016,BankTransfer,True,True,1,3475,EUR,162.0,0.08,0.0,SRC-00040325
EXP-040326,EMP-0239,Legal,2026-07-16,accommodation,Hotel Group C,PRJ-0019,EmployeeReimbursement,True,True,1,18926,JPY,1.0,0.1,0.0,SRC-00040326
EXP-040327,EMP-0002,Operations,2026-08-17,meal,Cafe Central,PRJ-0022,Cash,True,True,4,1741,USD,150.0,0.1,0.05,SRC-00040327
EXP-040328,EMP-0015,Finance,2026-09-18,travel,JAL,PRJ-0025,CorporateCard,False,True,1,67936,EUR,162.0,0.1,0.0,SRC-00040328
EXP-040329,EMP-0028,Procurement,2026-10-19,other,Misc Services,PRJ-0028,BankTransfer,True,True,5,3711,JPY,1.0,0.08,0.0,SRC-00040329
EXP-040330,EMP-0041,HR,2026-11-20,accommodation,Hotel Group C,PRJ-0031,EmployeeReimbursement,True,True,2,19330,USD,150.0,0.1,0.0,SRC-00040330
EXP-040331,EMP-0054,IT,2026-12-21,meal,Restaurant B,PRJ-0034,Cash,True,True,4,2073,EUR,162.0,0.1,0.0,SRC-00040331
EXP-040332,EMP-0067,Engineering,2026-01-22,travel,JR East,PRJ-0037,CorporateCard,False,True,1,68484,JPY,1.0,0.1,0.0,SRC-00040332
EXP-040333,EMP-0080,Sales,2026-02-23,other,Printing Co,PRJ-0040,BankTransfer,True,True,4,3947,USD,150.0,0.08,0.0,SRC-00040333
EXP-040334,EMP-0093,Legal,2026-03-24,accommodation,Hotel Group C,PRJ-0043,EmployeeReimbursement,True,True,3,19734,EUR,162.0,0.1,0.05,SRC-00040334
EXP-040335,EMP-0106,Operations,2026-04-25,meal,Restaurant A,PRJ-0046,Cash,True,True,4,2405,JPY,1.0,0.1,0.0,SRC-00040335
EXP-040336,EMP-0119,Finance,2026-05-26,travel,Railway Services,PRJ-0049,CorporateCard,False,True,1,69032,USD,150.0,0.1,0.0,SRC-00040336
EXP-040337,EMP-0132,Procurement,2026-06-27,other,Software Store,PRJ-0052,BankTransfer,True,True,3,4183,EUR,162.0,0.08,0.0,SRC-00040337
EXP-040338,EMP-0145,HR,2026-07-01,accommodation,Hotel Group C,PRJ-0055,EmployeeReimbursement,True,True,1,20138,JPY,1.0,0.1,0.0,SRC-00040338
EXP-040339,EMP-0158,IT,2026-08-02,meal,Catering Co,PRJ-0058,Cash,True,True,4,2737,USD,150.0,0.1,0.0,SRC-00040339
EXP-040340,EMP-0171,Engineering,2026-09-03,travel,JAL,PRJ-0061,CorporateCard,False,True,1,69580,EUR,162.0,0.1,0.0,SRC-00040340
EXP-040341,EMP-0184,Sales,2026-10-04,other,Courier Service,PRJ-0064,BankTransfer,True,True,2,4419,JPY,1.0,0.08,0.05,SRC-00040341
EXP-040342,EMP-0197,Legal,2026-11-05,accommodation,Hotel Group C,PRJ-0067,EmployeeReimbursement,True,True,2,20542,USD,150.0,0.1,0.0,SRC-00040342
EXP-040343,EMP-0210,Operations,2026-12-06,meal,Business Dining,PRJ-0070,Cash,True,True,4,3069,EUR,162.0,0.1,0.0,SRC-00040343
EXP-040344,EMP-0223,Finance,2026-01-07,travel,JR East,PRJ-0073,CorporateCard,False,True,1,70128,JPY,1.0,0.1,0.0,SRC-00040344
EXP-040345,EMP-0236,Procurement,2026-02-08,other,Office Supply Co,PRJ-0076,BankTransfer,True,True,1,4655,USD,150.0,0.08,0.0,SRC-00040345
EXP-040346,EMP-0249,HR,2026-03-09,accommodation,Hotel Group C,PRJ-0079,EmployeeReimbursement,True,True,3,20946,EUR,162.0,0.1,0.0,SRC-00040346
EXP-040347,EMP-0012,IT,2026-04-10,meal,Cafe Central,PRJ-0082,Cash,True,True,4,3401,JPY,1.0,0.1,0.0,SRC-00040347
EXP-040348,EMP-0025,Engineering,2026-05-11,travel,Railway Services,PRJ-0085,CorporateCard,False,True,1,70676,USD,150.0,0.1,0.05,SRC-00040348
EXP-040349,EMP-0038,Sales,2026-06-12,other,Misc Services,PRJ-0088,BankTransfer,True,True,5,4891,EUR,162.0,0.08,0.0,SRC-00040349
EXP-040350,EMP-0051,Legal,2026-07-13,accommodation,Hotel Group C,PRJ-0091,EmployeeReimbursement,True,True,1,21350,JPY,1.0,0.1,0.0,SRC-00040350
EXP-040351,EMP-0064,Operations,2026-08-14,meal,Restaurant B,PRJ-0094,Cash,True,True,4,3733,USD,150.0,0.1,0.0,SRC-00040351
EXP-040352,EMP-0077,Finance,2026-09-15,travel,JAL,PRJ-0097,CorporateCard,False,True,1,71224,EUR,162.0,0.1,0.0,SRC-00040352
EXP-040353,EMP-0090,Procurement,2026-10-16,other,Printing Co,PRJ-0100,BankTransfer,True,True,4,5127,JPY,1.0,0.08,0.0,SRC-00040353
EXP-040354,EMP-0103,HR,2026-11-17,accommodation,Hotel Group C,PRJ-0103,EmployeeReimbursement,True,True,2,21754,USD,150.0,0.1,0.0,SRC-00040354
EXP-040355,EMP-0116,IT,2026-12-18,meal,Restaurant A,PRJ-0106,Cash,True,True,4,4065,EUR,162.0,0.1,0.05,SRC-00040355
EXP-040356,EMP-0129,Engineering,2026-01-19,travel,JR East,PRJ-0109,CorporateCard,False,True,1,71772,JPY,1.0,0.1,0.0,SRC-00040356
EXP-040357,EMP-0142,Sales,2026-02-20,other,Software Store,PRJ-0112,BankTransfer,True,True,3,5363,USD,150.0,0.08,0.0,SRC-00040357
EXP-040358,EMP-0155,Legal,2026-03-21,accommodation,Hotel Group C,PRJ-0115,EmployeeReimbursement,True,True,3,22158,EUR,162.0,0.1,0.0,SRC-00040358
EXP-040359,EMP-0168,Operations,2026-04-22,meal,Catering Co,PRJ-0118,Cash,True,True,4,4397,JPY,1.0,0.1,0.0,SRC-00040359
EXP-040360,EMP-0181,Finance,2026-05-23,travel,Railway Services,PRJ-0001,CorporateCard,False,True,1,72320,USD,150.0,0.1,0.0,SRC-00040360
EXP-040361,EMP-0194,Procurement,2026-06-24,other,Courier Service,PRJ-0004,BankTransfer,True,True,2,5599,EUR,162.0,0.08,0.0,SRC-00040361
EXP-040362,EMP-0207,HR,2026-07-25,accommodation,Hotel Group C,PRJ-0007,EmployeeReimbursement,True,True,1,22562,JPY,1.0,0.1,0.05,SRC-00040362
EXP-040363,EMP-0220,IT,2026-08-26,meal,Business Dining,PRJ-0010,Cash,True,True,4,4729,USD,150.0,0.1,0.0,SRC-00040363
EXP-040364,EMP-0233,Engineering,2026-09-27,travel,JAL,PRJ-0013,CorporateCard,False,True,1,72868,EUR,162.0,0.1,0.0,SRC-00040364
EXP-040365,EMP-0246,Sales,2026-10-01,other,Office Supply Co,PRJ-0016,BankTransfer,True,True,1,5835,JPY,1.0,0.08,0.0,SRC-00040365
EXP-040366,EMP-0009,Legal,2026-11-02,accommodation,Hotel Group C,PRJ-0019,EmployeeReimbursement,True,True,2,22966,USD,150.0,0.1,0.0,SRC-00040366
EXP-040367,EMP-0022,Operations,2026-12-03,meal,Cafe Central,PRJ-0022,Cash,True,True,4,5061,EUR,162.0,0.1,0.0,SRC-00040367
EXP-040368,EMP-0035,Finance,2026-01-04,travel,JR East,PRJ-0025,CorporateCard,False,True,1,3416,JPY,1.0,0.1,0.0,SRC-00040368
EXP-040369,EMP-0048,Procurement,2026-02-05,other,Misc Services,PRJ-0028,BankTransfer,True,True,5,6071,USD,150.0,0.08,0.05,SRC-00040369
EXP-040370,EMP-0061,HR,2026-03-06,accommodation,Hotel Group C,PRJ-0031,EmployeeReimbursement,True,True,3,23370,EUR,162.0,0.1,0.0,SRC-00040370
EXP-040371,EMP-0074,IT,2026-04-07,meal,Restaurant B,PRJ-0034,Cash,True,True,4,5393,JPY,1.0,0.1,0.0,SRC-00040371
EXP-040372,EMP-0087,Engineering,2026-05-08,travel,Railway Services,PRJ-0037,CorporateCard,False,True,1,3964,USD,150.0,0.1,0.0,SRC-00040372
EXP-040373,EMP-0100,Sales,2026-06-09,other,Printing Co,PRJ-0040,BankTransfer,True,True,4,6307,EUR,162.0,0.08,0.0,SRC-00040373
EXP-040374,EMP-0113,Legal,2026-07-10,accommodation,Hotel Group C,PRJ-0043,EmployeeReimbursement,True,True,1,23774,JPY,1.0,0.1,0.0,SRC-00040374
EXP-040375,EMP-0126,Operations,2026-08-11,meal,Restaurant A,PRJ-0046,Cash,True,True,4,5725,USD,150.0,0.1,0.0,SRC-00040375
EXP-040376,EMP-0139,Finance,2026-09-12,travel,JAL,PRJ-0049,CorporateCard,False,True,1,4512,EUR,162.0,0.1,0.05,SRC-00040376
EXP-040377,EMP-0152,Procurement,2026-10-13,other,Software Store,PRJ-0052,BankTransfer,True,True,3,6543,JPY,1.0,0.08,0.0,SRC-00040377
EXP-040378,EMP-0165,HR,2026-11-14,accommodation,Hotel Group C,PRJ-0055,EmployeeReimbursement,True,True,2,24178,USD,150.0,0.1,0.0,SRC-00040378
EXP-040379,EMP-0178,IT,2026-12-15,meal,Catering Co,PRJ-0058,Cash,True,True,4,6057,EUR,162.0,0.1,0.0,SRC-00040379
EXP-040380,EMP-0191,Engineering,2026-01-16,travel,JR East,PRJ-0061,CorporateCard,False,True,1,5060,JPY,1.0,0.1,0.0,SRC-00040380
EXP-040381,EMP-0204,Sales,2026-02-17,other,Courier Service,PRJ-0064,BankTransfer,True,True,2,6779,USD,150.0,0.08,0.0,SRC-00040381
EXP-040382,EMP-0217,Legal,2026-03-18,accommodation,Hotel Group C,PRJ-0067,EmployeeReimbursement,True,True,3,24582,EUR,162.0,0.1,0.0,SRC-00040382
EXP-040383,EMP-0230,Operations,2026-04-19,meal,Business Dining,PRJ-0070,Cash,True,True,4,6389,JPY,1.0,0.1,0.05,SRC-00040383
EXP-040384,EMP-0243,Finance,2026-05-20,travel,Railway Services,PRJ-0073,CorporateCard,False,True,1,5608,USD,150.0,0.1,0.0,SRC-00040384
EXP-040385,EMP-0006,Procurement,2026-06-21,other,Office Supply Co,PRJ-0076,BankTransfer,True,True,1,7015,EUR,162.0,0.08,0.0,SRC-00040385
EXP-040386,EMP-0019,HR,2026-07-22,accommodation,Hotel Group C,PRJ-0079,EmployeeReimbursement,True,True,1,24986,JPY,1.0,0.1,0.0,SRC-00040386
EXP-040387,EMP-0032,IT,2026-08-23,meal,Cafe Central,PRJ-0082,Cash,True,True,4,6721,USD,150.0,0.1,0.0,SRC-00040387
EXP-040388,EMP-0045,Engineering,2026-09-24,travel,JAL,PRJ-0085,CorporateCard,False,True,1,6156,EUR,162.0,0.1,0.0,SRC-00040388
EXP-040389,EMP-0058,Sales,2026-10-25,other,Misc Services,PRJ-0088,BankTransfer,True,True,5,7251,JPY,1.0,0.08,0.0,SRC-00040389
EXP-040390,EMP-0071,Legal,2026-11-26,accommodation,Hotel Group C,PRJ-0091,EmployeeReimbursement,True,True,2,25390,USD,150.0,0.1,0.05,SRC-00040390
EXP-040391,EMP-0084,Operations,2026-12-27,meal,Restaurant B,PRJ-0094,Cash,True,True,4,7053,EUR,162.0,0.1,0.0,SRC-00040391
EXP-040392,EMP-0097,Finance,2026-01-01,travel,JR East,PRJ-0097,CorporateCard,False,True,1,6704,JPY,1.0,0.1,0.0,SRC-00040392
EXP-040393,EMP-0110,Procurement,2026-02-02,other,Printing Co,PRJ-0100,BankTransfer,True,True,4,7487,USD,150.0,0.08,0.0,SRC-00040393
EXP-040394,EMP-0123,HR,2026-03-03,accommodation,Hotel Group C,PRJ-0103,EmployeeReimbursement,True,True,3,25794,EUR,162.0,0.1,0.0,SRC-00040394
EXP-040395,EMP-0136,IT,2026-04-04,meal,Restaurant A,PRJ-0106,Cash,True,True,4,7385,JPY,1.0,0.1,0.0,SRC-00040395
EXP-040396,EMP-0149,Engineering,2026-05-05,travel,Railway Services,PRJ-0109,CorporateCard,False,True,1,7252,USD,150.0,0.1,0.0,SRC-00040396
EXP-040397,EMP-0162,Sales,2026-06-06,other,Software Store,PRJ-0112,BankTransfer,True,True,3,7723,EUR,162.0,0.08,0.05,SRC-00040397
EXP-040398,EMP-0175,Legal,2026-07-07,accommodation,Hotel Group C,PRJ-0115,EmployeeReimbursement,True,True,1,26198,JPY,1.0,0.1,0.0,SRC-00040398
EXP-040399,EMP-0188,Operations,2026-08-08,meal,Catering Co,PRJ-0118,Cash,True,True,4,7717,USD,150.0,0.1,0.0,SRC-00040399
EXP-040400,EMP-0201,Finance,2026-09-09,travel,JAL,PRJ-0001,CorporateCard,False,True,1,7800,EUR,162.0,0.1,0.0,SRC-00040400
EXP-040401,EMP-0214,Procurement,2026-10-10,other,Courier Service,PRJ-0004,BankTransfer,True,True,2,7959,JPY,1.0,0.08,0.0,SRC-00040401
EXP-040402,EMP-0227,HR,2026-11-11,accommodation,Hotel Group C,PRJ-0007,EmployeeReimbursement,True,True,2,26602,USD,150.0,0.1,0.0,SRC-00040402
EXP-040403,EMP-0240,IT,2026-12-12,meal,Business Dining,PRJ-0010,Cash,True,True,4,8049,EUR,162.0,0.1,0.0,SRC-00040403
EXP-040404,EMP-0003,Engineering,2026-01-13,travel,JR East,PRJ-0013,CorporateCard,False,True,1,8348,JPY,1.0,0.1,0.05,SRC-00040404
EXP-040405,EMP-0016,Sales,2026-02-14,other,Office Supply Co,PRJ-0016,BankTransfer,True,True,1,8195,USD,150.0,0.08,0.0,SRC-00040405
EXP-040406,EMP-0029,Legal,2026-03-15,accommodation,Hotel Group C,PRJ-0019,EmployeeReimbursement,True,True,3,27006,EUR,162.0,0.1,0.0,SRC-00040406
EXP-040407,EMP-0042,Operations,2026-04-16,meal,Cafe Central,PRJ-0022,Cash,True,True,4,8381,JPY,1.0,0.1,0.0,SRC-00040407
EXP-040408,EMP-0055,Finance,2026-05-17,travel,Railway Services,PRJ-0025,CorporateCard,False,True,1,8896,USD,150.0,0.1,0.0,SRC-00040408
EXP-040409,EMP-0068,Procurement,2026-06-18,other,Misc Services,PRJ-0028,BankTransfer,True,True,5,8431,EUR,162.0,0.08,0.0,SRC-00040409
EXP-040410,EMP-0081,HR,2026-07-19,accommodation,Hotel Group C,PRJ-0031,EmployeeReimbursement,True,True,1,27410,JPY,1.0,0.1,0.0,SRC-00040410
EXP-040411,EMP-0094,IT,2026-08-20,meal,Restaurant B,PRJ-0034,Cash,True,True,4,8713,USD,150.0,0.1,0.05,SRC-00040411
EXP-040412,EMP-0107,Engineering,2026-09-21,travel,JAL,PRJ-0037,CorporateCard,False,True,1,9444,EUR,162.0,0.1,0.0,SRC-00040412
EXP-040413,EMP-0120,Sales,2026-10-22,other,Printing Co,PRJ-0040,BankTransfer,True,True,4,8667,JPY,1.0,0.08,0.0,SRC-00040413
EXP-040414,EMP-0133,Legal,2026-11-23,accommodation,Hotel Group C,PRJ-0043,EmployeeReimbursement,True,True,2,27814,USD,150.0,0.1,0.0,SRC-00040414
EXP-040415,EMP-0146,Operations,2026-12-24,meal,Restaurant A,PRJ-0046,Cash,True,True,4,9045,EUR,162.0,0.1,0.0,SRC-00040415
EXP-040416,EMP-0159,Finance,2026-01-25,travel,JR East,PRJ-0049,CorporateCard,False,True,1,9992,JPY,1.0,0.1,0.0,SRC-00040416
EXP-040417,EMP-0172,Procurement,2026-02-26,other,Software Store,PRJ-0052,BankTransfer,True,True,3,8903,USD,150.0,0.08,0.0,SRC-00040417
EXP-040418,EMP-0185,HR,2026-03-27,accommodation,Hotel Group C,PRJ-0055,EmployeeReimbursement,True,True,3,28218,EUR,162.0,0.1,0.05,SRC-00040418
EXP-040419,EMP-0198,IT,2026-04-01,meal,Catering Co,PRJ-0058,Cash,True,True,4,9377,JPY,1.0,0.1,0.0,SRC-00040419
EXP-040420,EMP-0211,Engineering,2026-05-02,travel,Railway Services,PRJ-0061,CorporateCard,False,True,1,10540,USD,150.0,0.1,0.0,SRC-00040420
EXP-040421,EMP-0224,Sales,2026-06-03,other,Courier Service,PRJ-0064,BankTransfer,True,True,2,9139,EUR,162.0,0.08,0.0,SRC-00040421
EXP-040422,EMP-0237,Legal,2026-07-04,accommodation,Hotel Group C,PRJ-0067,EmployeeReimbursement,True,True,1,28622,JPY,1.0,0.1,0.0,SRC-00040422
EXP-040423,EMP-0250,Operations,2026-08-05,meal,Business Dining,PRJ-0070,Cash,True,True,4,9709,USD,150.0,0.1,0.0,SRC-00040423
EXP-040424,EMP-0013,Finance,2026-09-06,travel,JAL,PRJ-0073,CorporateCard,False,True,1,11088,EUR,162.0,0.1,0.0,SRC-00040424
EXP-040425,EMP-0026,Procurement,2026-10-07,other,Office Supply Co,PRJ-0076,BankTransfer,True,True,1,9375,JPY,1.0,0.08,0.05,SRC-00040425
EXP-040426,EMP-0039,HR,2026-11-08,accommodation,Hotel Group C,PRJ-0079,EmployeeReimbursement,True,True,2,29026,USD,150.0,0.1,0.0,SRC-00040426
EXP-040427,EMP-0052,IT,2026-12-09,meal,Cafe Central,PRJ-0082,Cash,True,True,4,10041,EUR,162.0,0.1,0.0,SRC-00040427
EXP-040428,EMP-0065,Engineering,2026-01-10,travel,JR East,PRJ-0085,CorporateCard,False,True,1,11636,JPY,1.0,0.1,0.0,SRC-00040428
EXP-040429,EMP-0078,Sales,2026-02-11,other,Misc Services,PRJ-0088,BankTransfer,True,True,5,9611,USD,150.0,0.08,0.0,SRC-00040429
EXP-040430,EMP-0091,Legal,2026-03-12,accommodation,Hotel Group C,PRJ-0091,EmployeeReimbursement,True,True,3,29430,EUR,162.0,0.1,0.0,SRC-00040430
EXP-040431,EMP-0104,Operations,2026-04-13,meal,Restaurant B,PRJ-0094,Cash,True,True,4,10373,JPY,1.0,0.1,0.0,SRC-00040431
EXP-040432,EMP-0117,Finance,2026-05-14,travel,Railway Services,PRJ-0097,CorporateCard,False,True,1,12184,USD,150.0,0.1,0.05,SRC-00040432
EXP-040433,EMP-0130,Procurement,2026-06-15,other,Printing Co,PRJ-0100,BankTransfer,True,True,4,9847,EUR,162.0,0.08,0.0,SRC-00040433
EXP-040434,EMP-0143,HR,2026-07-16,accommodation,Hotel Group C,PRJ-0103,EmployeeReimbursement,True,True,1,29834,JPY,1.0,0.1,0.0,SRC-00040434
EXP-040435,EMP-0156,IT,2026-08-17,meal,Restaurant A,PRJ-0106,Cash,True,True,4,10705,USD,150.0,0.1,0.0,SRC-00040435
EXP-040436,EMP-0169,Engineering,2026-09-18,travel,JAL,PRJ-0109,CorporateCard,False,True,1,12732,EUR,162.0,0.1,0.0,SRC-00040436
EXP-040437,EMP-0182,Sales,2026-10-19,other,Software Store,PRJ-0112,BankTransfer,True,True,3,10083,JPY,1.0,0.08,0.0,SRC-00040437
EXP-040438,EMP-0195,Legal,2026-11-20,accommodation,Hotel Group C,PRJ-0115,EmployeeReimbursement,True,True,2,30238,USD,150.0,0.1,0.0,SRC-00040438
EXP-040439,EMP-0208,Operations,2026-12-21,meal,Catering Co,PRJ-0118,Cash,True,True,4,11037,EUR,162.0,0.1,0.05,SRC-00040439
EXP-040440,EMP-0221,Finance,2026-01-22,travel,JR East,PRJ-0001,CorporateCard,False,True,1,13280,JPY,1.0,0.1,0.0,SRC-00040440
EXP-040441,EMP-0234,Procurement,2026-02-23,other,Courier Service,PRJ-0004,BankTransfer,True,True,2,10319,USD,150.0,0.08,0.0,SRC-00040441
EXP-040442,EMP-0247,HR,2026-03-24,accommodation,Hotel Group C,PRJ-0007,EmployeeReimbursement,True,True,3,30642,EUR,162.0,0.1,0.0,SRC-00040442
EXP-040443,EMP-0010,IT,2026-04-25,meal,Business Dining,PRJ-0010,Cash,True,True,4,11369,JPY,1.0,0.1,0.0,SRC-00040443
EXP-040444,EMP-0023,Engineering,2026-05-26,travel,Railway Services,PRJ-0013,CorporateCard,False,True,1,13828,USD,150.0,0.1,0.0,SRC-00040444
EXP-040445,EMP-0036,Sales,2026-06-27,other,Office Supply Co,PRJ-0016,BankTransfer,True,True,1,10555,EUR,162.0,0.08,0.0,SRC-00040445
EXP-040446,EMP-0049,Legal,2026-07-01,accommodation,Hotel Group C,PRJ-0019,EmployeeReimbursement,True,True,1,31046,JPY,1.0,0.1,0.05,SRC-00040446
EXP-040447,EMP-0062,Operations,2026-08-02,meal,Cafe Central,PRJ-0022,Cash,True,True,4,11701,USD,150.0,0.1,0.0,SRC-00040447
EXP-040448,EMP-0075,Finance,2026-09-03,travel,JAL,PRJ-0025,CorporateCard,False,True,1,14376,EUR,162.0,0.1,0.0,SRC-00040448
EXP-040449,EMP-0088,Procurement,2026-10-04,other,Misc Services,PRJ-0028,BankTransfer,True,True,5,10791,JPY,1.0,0.08,0.0,SRC-00040449
EXP-040450,EMP-0101,HR,2026-11-05,accommodation,Hotel Group C,PRJ-0031,EmployeeReimbursement,True,True,2,31450,USD,150.0,0.1,0.0,SRC-00040450
EXP-040451,EMP-0114,IT,2026-12-06,meal,Restaurant B,PRJ-0034,Cash,True,True,4,12033,EUR,162.0,0.1,0.0,SRC-00040451
EXP-040452,EMP-0127,Engineering,2026-01-07,travel,JR East,PRJ-0037,CorporateCard,False,True,1,14924,JPY,1.0,0.1,0.0,SRC-00040452
EXP-040453,EMP-0140,Sales,2026-02-08,other,Printing Co,PRJ-0040,BankTransfer,True,True,4,11027,USD,150.0,0.08,0.05,SRC-00040453
EXP-040454,EMP-0153,Legal,2026-03-09,accommodation,Hotel Group C,PRJ-0043,EmployeeReimbursement,True,True,3,31854,EUR,162.0,0.1,0.0,SRC-00040454
EXP-040455,EMP-0166,Operations,2026-04-10,meal,Restaurant A,PRJ-0046,Cash,True,True,4,12365,JPY,1.0,0.1,0.0,SRC-00040455
EXP-040456,EMP-0179,Finance,2026-05-11,travel,Railway Services,PRJ-0049,CorporateCard,False,True,1,15472,USD,150.0,0.1,0.0,SRC-00040456
EXP-040457,EMP-0192,Procurement,2026-06-12,other,Software Store,PRJ-0052,BankTransfer,True,True,3,11263,EUR,162.0,0.08,0.0,SRC-00040457
EXP-040458,EMP-0205,HR,2026-07-13,accommodation,Hotel Group C,PRJ-0055,EmployeeReimbursement,True,True,1,32258,JPY,1.0,0.1,0.0,SRC-00040458
EXP-040459,EMP-0218,IT,2026-08-14,meal,Catering Co,PRJ-0058,Cash,True,True,4,12697,USD,150.0,0.1,0.0,SRC-00040459
EXP-040460,EMP-0231,Engineering,2026-09-15,travel,JAL,PRJ-0061,CorporateCard,False,True,1,16020,EUR,162.0,0.1,0.05,SRC-00040460
EXP-040461,EMP-0244,Sales,2026-10-16,other,Courier Service,PRJ-0064,BankTransfer,True,True,2,11499,JPY,1.0,0.08,0.0,SRC-00040461
EXP-040462,EMP-0007,Legal,2026-11-17,accommodation,Hotel Group C,PRJ-0067,EmployeeReimbursement,True,True,2,32662,USD,150.0,0.1,0.0,SRC-00040462
EXP-040463,EMP-0020,Operations,2026-12-18,meal,Business Dining,PRJ-0070,Cash,True,True,4,13029,EUR,162.0,0.1,0.0,SRC-00040463
EXP-040464,EMP-0033,Finance,2026-01-19,travel,JR East,PRJ-0073,CorporateCard,False,True,1,16568,JPY,1.0,0.1,0.0,SRC-00040464
EXP-040465,EMP-0046,Procurement,2026-02-20,other,Office Supply Co,PRJ-0076,BankTransfer,True,True,1,11735,USD,150.0,0.08,0.0,SRC-00040465
EXP-040466,EMP-0059,HR,2026-03-21,accommodation,Hotel Group C,PRJ-0079,EmployeeReimbursement,True,True,3,33066,EUR,162.0,0.1,0.0,SRC-00040466
EXP-040467,EMP-0072,IT,2026-04-22,meal,Cafe Central,PRJ-0082,Cash,True,True,4,13361,JPY,1.0,0.1,0.05,SRC-00040467
EXP-040468,EMP-0085,Engineering,2026-05-23,travel,Railway Services,PRJ-0085,CorporateCard,False,True,1,17116,USD,150.0,0.1,0.0,SRC-00040468
EXP-040469,EMP-0098,Sales,2026-06-24,other,Misc Services,PRJ-0088,BankTransfer,True,True,5,11971,EUR,162.0,0.08,0.0,SRC-00040469
EXP-040470,EMP-0111,Legal,2026-07-25,accommodation,Hotel Group C,PRJ-0091,EmployeeReimbursement,True,True,1,33470,JPY,1.0,0.1,0.0,SRC-00040470
EXP-040471,EMP-0124,Operations,2026-08-26,meal,Restaurant B,PRJ-0094,Cash,True,True,4,13693,USD,150.0,0.1,0.0,SRC-00040471
EXP-040472,EMP-0137,Finance,2026-09-27,travel,JAL,PRJ-0097,CorporateCard,False,True,1,17664,EUR,162.0,0.1,0.0,SRC-00040472
EXP-040473,EMP-0150,Procurement,2026-10-01,other,Printing Co,PRJ-0100,BankTransfer,True,True,4,12207,JPY,1.0,0.08,0.0,SRC-00040473
EXP-040474,EMP-0163,HR,2026-11-02,accommodation,Hotel Group C,PRJ-0103,EmployeeReimbursement,True,True,2,33874,USD,150.0,0.1,0.05,SRC-00040474
EXP-040475,EMP-0176,IT,2026-12-03,meal,Restaurant A,PRJ-0106,Cash,True,True,4,14025,EUR,162.0,0.1,0.0,SRC-00040475
EXP-040476,EMP-0189,Engineering,2026-01-04,travel,JR East,PRJ-0109,CorporateCard,False,True,1,18212,JPY,1.0,0.1,0.0,SRC-00040476
EXP-040477,EMP-0202,Sales,2026-02-05,other,Software Store,PRJ-0112,BankTransfer,True,True,3,12443,USD,150.0,0.08,0.0,SRC-00040477
EXP-040478,EMP-0215,Legal,2026-03-06,accommodation,Hotel Group C,PRJ-0115,EmployeeReimbursement,True,True,3,6278,EUR,162.0,0.1,0.0,SRC-00040478
EXP-040479,EMP-0228,Operations,2026-04-07,meal,Catering Co,PRJ-0118,Cash,True,True,4,14357,JPY,1.0,0.1,0.0,SRC-00040479
EXP-040480,EMP-0241,Finance,2026-05-08,travel,Railway Services,PRJ-0001,CorporateCard,False,True,1,18760,USD,150.0,0.1,0.0,SRC-00040480
EXP-040481,EMP-0004,Procurement,2026-06-09,other,Courier Service,PRJ-0004,BankTransfer,True,True,2,12679,EUR,162.0,0.08,0.05,SRC-00040481
EXP-040482,EMP-0017,HR,2026-07-10,accommodation,Hotel Group C,PRJ-0007,EmployeeReimbursement,True,True,1,6682,JPY,1.0,0.1,0.0,SRC-00040482
EXP-040483,EMP-0030,IT,2026-08-11,meal,Business Dining,PRJ-0010,Cash,True,True,4,689,USD,150.0,0.1,0.0,SRC-00040483
EXP-040484,EMP-0043,Engineering,2026-09-12,travel,JAL,PRJ-0013,CorporateCard,False,True,1,19308,EUR,162.0,0.1,0.0,SRC-00040484
EXP-040485,EMP-0056,Sales,2026-10-13,other,Office Supply Co,PRJ-0016,BankTransfer,True,True,1,12915,JPY,1.0,0.08,0.0,SRC-00040485
EXP-040486,EMP-0069,Legal,2026-11-14,accommodation,Hotel Group C,PRJ-0019,EmployeeReimbursement,True,True,2,7086,USD,150.0,0.1,0.0,SRC-00040486
EXP-040487,EMP-0082,Operations,2026-12-15,meal,Cafe Central,PRJ-0022,Cash,True,True,4,1021,EUR,162.0,0.1,0.0,SRC-00040487
EXP-040488,EMP-0095,Finance,2026-01-16,travel,JR East,PRJ-0025,CorporateCard,False,True,1,19856,JPY,1.0,0.1,0.05,SRC-00040488
EXP-040489,EMP-0108,Procurement,2026-02-17,other,Misc Services,PRJ-0028,BankTransfer,True,True,5,13151,USD,150.0,0.08,0.0,SRC-00040489
EXP-040490,EMP-0121,HR,2026-03-18,accommodation,Hotel Group C,PRJ-0031,EmployeeReimbursement,True,True,3,7490,EUR,162.0,0.1,0.0,SRC-00040490
EXP-040491,EMP-0134,IT,2026-04-19,meal,Restaurant B,PRJ-0034,Cash,True,True,4,1353,JPY,1.0,0.1,0.0,SRC-00040491
EXP-040492,EMP-0147,Engineering,2026-05-20,travel,Railway Services,PRJ-0037,CorporateCard,False,True,1,20404,USD,150.0,0.1,0.0,SRC-00040492
EXP-040493,EMP-0160,Sales,2026-06-21,other,Printing Co,PRJ-0040,BankTransfer,True,True,4,13387,EUR,162.0,0.08,0.0,SRC-00040493
EXP-040494,EMP-0173,Legal,2026-07-22,accommodation,Hotel Group C,PRJ-0043,EmployeeReimbursement,True,True,1,7894,JPY,1.0,0.1,0.0,SRC-00040494
EXP-040495,EMP-0186,Operations,2026-08-23,meal,Restaurant A,PRJ-0046,Cash,True,True,4,1685,USD,150.0,0.1,0.05,SRC-00040495
EXP-040496,EMP-0199,Finance,2026-09-24,travel,JAL,PRJ-0049,CorporateCard,False,True,1,20952,EUR,162.0,0.1,0.0,SRC-00040496
EXP-040497,EMP-0212,Procurement,2026-10-25,other,Software Store,PRJ-0052,BankTransfer,True,True,3,13623,JPY,1.0,0.08,0.0,SRC-00040497
EXP-040498,EMP-0225,HR,2026-11-26,accommodation,Hotel Group C,PRJ-0055,EmployeeReimbursement,True,True,2,8298,USD,150.0,0.1,0.0,SRC-00040498
EXP-040499,EMP-0238,IT,2026-12-27,meal,Catering Co,PRJ-0058,Cash,True,True,4,2017,EUR,162.0,0.1,0.0,SRC-00040499
EXP-040500,EMP-0001,Engineering,2026-01-01,travel,JR East,PRJ-0061,CorporateCard,False,True,1,21500,JPY,1.0,0.1,0.0,SRC-00040500
EXP-040501,EMP-0014,Sales,2026-02-02,other,Courier Service,PRJ-0064,BankTransfer,True,True,2,13859,USD,150.0,0.08,0.0,SRC-00040501
EXP-040502,EMP-0027,Legal,2026-03-03,accommodation,Hotel Group C,PRJ-0067,EmployeeReimbursement,True,True,3,8702,EUR,162.0,0.1,0.05,SRC-00040502
EXP-040503,EMP-0040,Operations,2026-04-04,meal,Business Dining,PRJ-0070,Cash,True,True,4,2349,JPY,1.0,0.1,0.0,SRC-00040503
EXP-040504,EMP-0053,Finance,2026-05-05,travel,Railway Services,PRJ-0073,CorporateCard,False,True,1,22048,USD,150.0,0.1,0.0,SRC-00040504
EXP-040505,EMP-0066,Procurement,2026-06-06,other,Office Supply Co,PRJ-0076,BankTransfer,True,True,1,14095,EUR,162.0,0.08,0.0,SRC-00040505
EXP-040506,EMP-0079,HR,2026-07-07,accommodation,Hotel Group C,PRJ-0079,EmployeeReimbursement,True,True,1,9106,JPY,1.0,0.1,0.0,SRC-00040506
EXP-040507,EMP-0092,IT,2026-08-08,meal,Cafe Central,PRJ-0082,Cash,True,True,4,2681,USD,150.0,0.1,0.0,SRC-00040507
EXP-040508,EMP-0105,Engineering,2026-09-09,travel,JAL,PRJ-0085,CorporateCard,False,True,1,22596,EUR,162.0,0.1,0.0,SRC-00040508
EXP-040509,EMP-0118,Sales,2026-10-10,other,Misc Services,PRJ-0088,BankTransfer,True,True,5,14331,JPY,1.0,0.08,0.05,SRC-00040509
EXP-040510,EMP-0131,Legal,2026-11-11,accommodation,Hotel Group C,PRJ-0091,EmployeeReimbursement,True,True,2,9510,USD,150.0,0.1,0.0,SRC-00040510
EXP-040511,EMP-0144,Operations,2026-12-12,meal,Restaurant B,PRJ-0094,Cash,True,True,4,3013,EUR,162.0,0.1,0.0,SRC-00040511
EXP-040512,EMP-0157,Finance,2026-01-13,travel,JR East,PRJ-0097,CorporateCard,False,True,1,23144,JPY,1.0,0.1,0.0,SRC-00040512
EXP-040513,EMP-0170,Procurement,2026-02-14,other,Printing Co,PRJ-0100,BankTransfer,True,True,4,14567,USD,150.0,0.08,0.0,SRC-00040513
EXP-040514,EMP-0183,HR,2026-03-15,accommodation,Hotel Group C,PRJ-0103,EmployeeReimbursement,True,True,3,9914,EUR,162.0,0.1,0.0,SRC-00040514
EXP-040515,EMP-0196,IT,2026-04-16,meal,Restaurant A,PRJ-0106,Cash,True,True,4,3345,JPY,1.0,0.1,0.0,SRC-00040515
EXP-040516,EMP-0209,Engineering,2026-05-17,travel,Railway Services,PRJ-0109,CorporateCard,False,True,1,23692,USD,150.0,0.1,0.05,SRC-00040516
EXP-040517,EMP-0222,Sales,2026-06-18,other,Software Store,PRJ-0112,BankTransfer,True,True,3,14803,EUR,162.0,0.08,0.0,SRC-00040517
EXP-040518,EMP-0235,Legal,2026-07-19,accommodation,Hotel Group C,PRJ-0115,EmployeeReimbursement,True,True,1,10318,JPY,1.0,0.1,0.0,SRC-00040518
EXP-040519,EMP-0248,Operations,2026-08-20,meal,Catering Co,PRJ-0118,Cash,True,True,4,3677,USD,150.0,0.1,0.0,SRC-00040519
EXP-040520,EMP-0011,Finance,2026-09-21,travel,JAL,PRJ-0001,CorporateCard,False,True,1,24240,EUR,162.0,0.1,0.0,SRC-00040520
EXP-040521,EMP-0024,Procurement,2026-10-22,other,Courier Service,PRJ-0004,BankTransfer,True,True,2,15039,JPY,1.0,0.08,0.0,SRC-00040521
EXP-040522,EMP-0037,HR,2026-11-23,accommodation,Hotel Group C,PRJ-0007,EmployeeReimbursement,True,True,2,10722,USD,150.0,0.1,0.0,SRC-00040522
EXP-040523,EMP-0050,IT,2026-12-24,meal,Business Dining,PRJ-0010,Cash,True,True,4,4009,EUR,162.0,0.1,0.05,SRC-00040523
EXP-040524,EMP-0063,Engineering,2026-01-25,travel,JR East,PRJ-0013,CorporateCard,False,True,1,24788,JPY,1.0,0.1,0.0,SRC-00040524
EXP-040525,EMP-0076,Sales,2026-02-26,other,Office Supply Co,PRJ-0016,BankTransfer,True,True,1,15275,USD,150.0,0.08,0.0,SRC-00040525
EXP-040526,EMP-0089,Legal,2026-03-27,accommodation,Hotel Group C,PRJ-0019,EmployeeReimbursement,True,True,3,11126,EUR,162.0,0.1,0.0,SRC-00040526
EXP-040527,EMP-0102,Operations,2026-04-01,meal,Cafe Central,PRJ-0022,Cash,True,True,4,4341,JPY,1.0,0.1,0.0,SRC-00040527
EXP-040528,EMP-0115,Finance,2026-05-02,travel,Railway Services,PRJ-0025,CorporateCard,False,True,1,25336,USD,150.0,0.1,0.0,SRC-00040528
EXP-040529,EMP-0128,Procurement,2026-06-03,other,Misc Services,PRJ-0028,BankTransfer,True,True,5,15511,EUR,162.0,0.08,0.0,SRC-00040529
EXP-040530,EMP-0141,HR,2026-07-04,accommodation,Hotel Group C,PRJ-0031,EmployeeReimbursement,True,True,1,11530,JPY,1.0,0.1,0.05,SRC-00040530
EXP-040531,EMP-0154,IT,2026-08-05,meal,Restaurant B,PRJ-0034,Cash,True,True,4,4673,USD,150.0,0.1,0.0,SRC-00040531
EXP-040532,EMP-0167,Engineering,2026-09-06,travel,JAL,PRJ-0037,CorporateCard,False,True,1,25884,EUR,162.0,0.1,0.0,SRC-00040532
EXP-040533,EMP-0180,Sales,2026-10-07,other,Printing Co,PRJ-0040,BankTransfer,True,True,4,15747,JPY,1.0,0.08,0.0,SRC-00040533
EXP-040534,EMP-0193,Legal,2026-11-08,accommodation,Hotel Group C,PRJ-0043,EmployeeReimbursement,True,True,2,11934,USD,150.0,0.1,0.0,SRC-00040534
EXP-040535,EMP-0206,Operations,2026-12-09,meal,Restaurant A,PRJ-0046,Cash,True,True,4,5005,EUR,162.0,0.1,0.0,SRC-00040535
EXP-040536,EMP-0219,Finance,2026-01-10,travel,JR East,PRJ-0049,CorporateCard,False,True,1,26432,JPY,1.0,0.1,0.0,SRC-00040536
EXP-040537,EMP-0232,Procurement,2026-02-11,other,Software Store,PRJ-0052,BankTransfer,True,True,3,15983,USD,150.0,0.08,0.05,SRC-00040537
EXP-040538,EMP-0245,HR,2026-03-12,accommodation,Hotel Group C,PRJ-0055,EmployeeReimbursement,True,True,3,12338,EUR,162.0,0.1,0.0,SRC-00040538
EXP-040539,EMP-0008,IT,2026-04-13,meal,Catering Co,PRJ-0058,Cash,True,True,4,5337,JPY,1.0,0.1,0.0,SRC-00040539
EXP-040540,EMP-0021,Engineering,2026-05-14,travel,Railway Services,PRJ-0061,CorporateCard,False,True,1,26980,USD,150.0,0.1,0.0,SRC-00040540
EXP-040541,EMP-0034,Sales,2026-06-15,other,Courier Service,PRJ-0064,BankTransfer,True,True,2,16219,EUR,162.0,0.08,0.0,SRC-00040541
EXP-040542,EMP-0047,Legal,2026-07-16,accommodation,Hotel Group C,PRJ-0067,EmployeeReimbursement,True,True,1,12742,JPY,1.0,0.1,0.0,SRC-00040542
EXP-040543,EMP-0060,Operations,2026-08-17,meal,Business Dining,PRJ-0070,Cash,True,True,4,5669,USD,150.0,0.1,0.0,SRC-00040543
EXP-040544,EMP-0073,Finance,2026-09-18,travel,JAL,PRJ-0073,CorporateCard,False,True,1,27528,EUR,162.0,0.1,0.05,SRC-00040544
EXP-040545,EMP-0086,Procurement,2026-10-19,other,Office Supply Co,PRJ-0076,BankTransfer,True,True,1,16455,JPY,1.0,0.08,0.0,SRC-00040545
EXP-040546,EMP-0099,HR,2026-11-20,accommodation,Hotel Group C,PRJ-0079,EmployeeReimbursement,True,True,2,13146,USD,150.0,0.1,0.0,SRC-00040546
EXP-040547,EMP-0112,IT,2026-12-21,meal,Cafe Central,PRJ-0082,Cash,True,True,4,6001,EUR,162.0,0.1,0.0,SRC-00040547
EXP-040548,EMP-0125,Engineering,2026-01-22,travel,JR East,PRJ-0085,CorporateCard,False,True,1,28076,JPY,1.0,0.1,0.0,SRC-00040548
EXP-040549,EMP-0138,Sales,2026-02-23,other,Misc Services,PRJ-0088,BankTransfer,True,True,5,16691,USD,150.0,0.08,0.0,SRC-00040549
EXP-040550,EMP-0151,Legal,2026-03-24,accommodation,Hotel Group C,PRJ-0091,EmployeeReimbursement,True,True,3,13550,EUR,162.0,0.1,0.0,SRC-00040550
EXP-040551,EMP-0164,Operations,2026-04-25,meal,Restaurant B,PRJ-0094,Cash,True,True,4,6333,JPY,1.0,0.1,0.05,SRC-00040551
EXP-040552,EMP-0177,Finance,2026-05-26,travel,Railway Services,PRJ-0097,CorporateCard,False,True,1,28624,USD,150.0,0.1,0.0,SRC-00040552
EXP-040553,EMP-0190,Procurement,2026-06-27,other,Printing Co,PRJ-0100,BankTransfer,True,True,4,16927,EUR,162.0,0.08,0.0,SRC-00040553
EXP-040554,EMP-0203,HR,2026-07-01,accommodation,Hotel Group C,PRJ-0103,EmployeeReimbursement,True,True,1,13954,JPY,1.0,0.1,0.0,SRC-00040554
EXP-040555,EMP-0216,IT,2026-08-02,meal,Restaurant A,PRJ-0106,Cash,True,True,4,6665,USD,150.0,0.1,0.0,SRC-00040555
EXP-040556,EMP-0229,Engineering,2026-09-03,travel,JAL,PRJ-0109,CorporateCard,False,True,1,29172,EUR,162.0,0.1,0.0,SRC-00040556
EXP-040557,EMP-0242,Sales,2026-10-04,other,Software Store,PRJ-0112,BankTransfer,True,True,3,17163,JPY,1.0,0.08,0.0,SRC-00040557
EXP-040558,EMP-0005,Legal,2026-11-05,accommodation,Hotel Group C,PRJ-0115,EmployeeReimbursement,True,True,2,14358,USD,150.0,0.1,0.05,SRC-00040558
EXP-040559,EMP-0018,Operations,2026-12-06,meal,Catering Co,PRJ-0118,Cash,True,True,4,6997,EUR,162.0,0.1,0.0,SRC-00040559
EXP-040560,EMP-0031,Finance,2026-01-07,travel,JR East,PRJ-0001,CorporateCard,False,True,1,29720,JPY,1.0,0.1,0.0,SRC-00040560
EXP-040561,EMP-0044,Procurement,2026-02-08,other,Courier Service,PRJ-0004,BankTransfer,True,True,2,17399,USD,150.0,0.08,0.0,SRC-00040561
EXP-040562,EMP-0057,HR,2026-03-09,accommodation,Hotel Group C,PRJ-0007,EmployeeReimbursement,True,True,3,14762,EUR,162.0,0.1,0.0,SRC-00040562
EXP-040563,EMP-0070,IT,2026-04-10,meal,Business Dining,PRJ-0010,Cash,True,True,4,7329,JPY,1.0,0.1,0.0,SRC-00040563
EXP-040564,EMP-0083,Engineering,2026-05-11,travel,Railway Services,PRJ-0013,CorporateCard,False,True,1,30268,USD,150.0,0.1,0.0,SRC-00040564
EXP-040565,EMP-0096,Sales,2026-06-12,other,Office Supply Co,PRJ-0016,BankTransfer,True,True,1,17635,EUR,162.0,0.08,0.05,SRC-00040565
EXP-040566,EMP-0109,Legal,2026-07-13,accommodation,Hotel Group C,PRJ-0019,EmployeeReimbursement,True,True,1,15166,JPY,1.0,0.1,0.0,SRC-00040566
EXP-040567,EMP-0122,Operations,2026-08-14,meal,Cafe Central,PRJ-0022,Cash,True,True,4,7661,USD,150.0,0.1,0.0,SRC-00040567
EXP-040568,EMP-0135,Finance,2026-09-15,travel,JAL,PRJ-0025,CorporateCard,False,True,1,30816,EUR,162.0,0.1,0.0,SRC-00040568
EXP-040569,EMP-0148,Procurement,2026-10-16,other,Misc Services,PRJ-0028,BankTransfer,True,True,5,17871,JPY,1.0,0.08,0.0,SRC-00040569
EXP-040570,EMP-0161,HR,2026-11-17,accommodation,Hotel Group C,PRJ-0031,EmployeeReimbursement,True,True,2,15570,USD,150.0,0.1,0.0,SRC-00040570
EXP-040571,EMP-0174,IT,2026-12-18,meal,Restaurant B,PRJ-0034,Cash,True,True,4,7993,EUR,162.0,0.1,0.0,SRC-00040571
EXP-040572,EMP-0187,Engineering,2026-01-19,travel,JR East,PRJ-0037,CorporateCard,False,True,1,31364,JPY,1.0,0.1,0.05,SRC-00040572
EXP-040573,EMP-0200,Sales,2026-02-20,other,Printing Co,PRJ-0040,BankTransfer,True,True,4,18107,USD,150.0,0.08,0.0,SRC-00040573
EXP-040574,EMP-0213,Legal,2026-03-21,accommodation,Hotel Group C,PRJ-0043,EmployeeReimbursement,True,True,3,15974,EUR,162.0,0.1,0.0,SRC-00040574
EXP-040575,EMP-0226,Operations,2026-04-22,meal,Restaurant A,PRJ-0046,Cash,True,True,4,8325,JPY,1.0,0.1,0.0,SRC-00040575
EXP-040576,EMP-0239,Finance,2026-05-23,travel,Railway Services,PRJ-0049,CorporateCard,False,True,1,31912,USD,150.0,0.1,0.0,SRC-00040576
EXP-040577,EMP-0002,Procurement,2026-06-24,other,Software Store,PRJ-0052,BankTransfer,True,True,3,343,EUR,162.0,0.08,0.0,SRC-00040577
EXP-040578,EMP-0015,HR,2026-07-25,accommodation,Hotel Group C,PRJ-0055,EmployeeReimbursement,True,True,1,16378,JPY,1.0,0.1,0.0,SRC-00040578
EXP-040579,EMP-0028,IT,2026-08-26,meal,Catering Co,PRJ-0058,Cash,True,True,4,8657,USD,150.0,0.1,0.05,SRC-00040579
EXP-040580,EMP-0041,Engineering,2026-09-27,travel,JAL,PRJ-0061,CorporateCard,False,True,1,32460,EUR,162.0,0.1,0.0,SRC-00040580
EXP-040581,EMP-0054,Sales,2026-10-01,other,Courier Service,PRJ-0064,BankTransfer,True,True,2,579,JPY,1.0,0.08,0.0,SRC-00040581
EXP-040582,EMP-0067,Legal,2026-11-02,accommodation,Hotel Group C,PRJ-0067,EmployeeReimbursement,True,True,2,16782,USD,150.0,0.1,0.0,SRC-00040582
EXP-040583,EMP-0080,Operations,2026-12-03,meal,Business Dining,PRJ-0070,Cash,True,True,4,8989,EUR,162.0,0.1,0.0,SRC-00040583
EXP-040584,EMP-0093,Finance,2026-01-04,travel,JR East,PRJ-0073,CorporateCard,False,True,1,33008,JPY,1.0,0.1,0.0,SRC-00040584
EXP-040585,EMP-0106,Procurement,2026-02-05,other,Office Supply Co,PRJ-0076,BankTransfer,True,True,1,815,USD,150.0,0.08,0.0,SRC-00040585
EXP-040586,EMP-0119,HR,2026-03-06,accommodation,Hotel Group C,PRJ-0079,EmployeeReimbursement,True,True,3,17186,EUR,162.0,0.1,0.05,SRC-00040586
EXP-040587,EMP-0132,IT,2026-04-07,meal,Cafe Central,PRJ-0082,Cash,True,True,4,9321,JPY,1.0,0.1,0.0,SRC-00040587
EXP-040588,EMP-0145,Engineering,2026-05-08,travel,Railway Services,PRJ-0085,CorporateCard,False,True,1,33556,USD,150.0,0.1,0.0,SRC-00040588
EXP-040589,EMP-0158,Sales,2026-06-09,other,Misc Services,PRJ-0088,BankTransfer,True,True,5,1051,EUR,162.0,0.08,0.0,SRC-00040589
EXP-040590,EMP-0171,Legal,2026-07-10,accommodation,Hotel Group C,PRJ-0091,EmployeeReimbursement,True,True,1,17590,JPY,1.0,0.1,0.0,SRC-00040590
EXP-040591,EMP-0184,Operations,2026-08-11,meal,Restaurant B,PRJ-0094,Cash,True,True,4,9653,USD,150.0,0.1,0.0,SRC-00040591
EXP-040592,EMP-0197,Finance,2026-09-12,travel,JAL,PRJ-0097,CorporateCard,False,True,1,34104,EUR,162.0,0.1,0.0,SRC-00040592
EXP-040593,EMP-0210,Procurement,2026-10-13,other,Printing Co,PRJ-0100,BankTransfer,True,True,4,1287,JPY,1.0,0.08,0.05,SRC-00040593
EXP-040594,EMP-0223,HR,2026-11-14,accommodation,Hotel Group C,PRJ-0103,EmployeeReimbursement,True,True,2,17994,USD,150.0,0.1,0.0,SRC-00040594
EXP-040595,EMP-0236,IT,2026-12-15,meal,Restaurant A,PRJ-0106,Cash,True,True,4,9985,EUR,162.0,0.1,0.0,SRC-00040595
EXP-040596,EMP-0249,Engineering,2026-01-16,travel,JR East,PRJ-0109,CorporateCard,False,True,1,34652,JPY,1.0,0.1,0.0,SRC-00040596
EXP-040597,EMP-0012,Sales,2026-02-17,other,Software Store,PRJ-0112,BankTransfer,True,True,3,1523,USD,150.0,0.08,0.0,SRC-00040597
EXP-040598,EMP-0025,Legal,2026-03-18,accommodation,Hotel Group C,PRJ-0115,EmployeeReimbursement,True,True,3,18398,EUR,162.0,0.1,0.0,SRC-00040598
EXP-040599,EMP-0038,Operations,2026-04-19,meal,Catering Co,PRJ-0118,Cash,True,True,4,10317,JPY,1.0,0.1,0.0,SRC-00040599
EXP-040600,EMP-0051,Finance,2026-05-20,travel,Railway Services,PRJ-0001,CorporateCard,False,True,1,35200,USD,150.0,0.1,0.05,SRC-00040600
EXP-040601,EMP-0064,Procurement,2026-06-21,other,Courier Service,PRJ-0004,BankTransfer,True,True,2,1759,EUR,162.0,0.08,0.0,SRC-00040601
EXP-040602,EMP-0077,HR,2026-07-22,accommodation,Hotel Group C,PRJ-0007,EmployeeReimbursement,True,True,1,18802,JPY,1.0,0.1,0.0,SRC-00040602
EXP-040603,EMP-0090,IT,2026-08-23,meal,Business Dining,PRJ-0010,Cash,True,True,4,10649,USD,150.0,0.1,0.0,SRC-00040603
EXP-040604,EMP-0103,Engineering,2026-09-24,travel,JAL,PRJ-0013,CorporateCard,False,True,1,35748,EUR,162.0,0.1,0.0,SRC-00040604
EXP-040605,EMP-0116,Sales,2026-10-25,other,Office Supply Co,PRJ-0016,BankTransfer,True,True,1,1995,JPY,1.0,0.08,0.0,SRC-00040605
EXP-040606,EMP-0129,Legal,2026-11-26,accommodation,Hotel Group C,PRJ-0019,EmployeeReimbursement,True,True,2,19206,USD,150.0,0.1,0.0,SRC-00040606
EXP-040607,EMP-0142,Operations,2026-12-27,meal,Cafe Central,PRJ-0022,Cash,True,True,4,10981,EUR,162.0,0.1,0.05,SRC-00040607
EXP-040608,EMP-0155,Finance,2026-01-01,travel,JR East,PRJ-0025,CorporateCard,False,True,1,36296,JPY,1.0,0.1,0.0,SRC-00040608
EXP-040609,EMP-0168,Procurement,2026-02-02,other,Misc Services,PRJ-0028,BankTransfer,True,True,5,2231,USD,150.0,0.08,0.0,SRC-00040609
EXP-040610,EMP-0181,HR,2026-03-03,accommodation,Hotel Group C,PRJ-0031,EmployeeReimbursement,True,True,3,19610,EUR,162.0,0.1,0.0,SRC-00040610
EXP-040611,EMP-0194,IT,2026-04-04,meal,Restaurant B,PRJ-0034,Cash,True,True,4,11313,JPY,1.0,0.1,0.0,SRC-00040611
EXP-040612,EMP-0207,Engineering,2026-05-05,travel,Railway Services,PRJ-0037,CorporateCard,False,True,1,36844,USD,150.0,0.1,0.0,SRC-00040612
EXP-040613,EMP-0220,Sales,2026-06-06,other,Printing Co,PRJ-0040,BankTransfer,True,True,4,2467,EUR,162.0,0.08,0.0,SRC-00040613
EXP-040614,EMP-0233,Legal,2026-07-07,accommodation,Hotel Group C,PRJ-0043,EmployeeReimbursement,True,True,1,20014,JPY,1.0,0.1,0.05,SRC-00040614
EXP-040615,EMP-0246,Operations,2026-08-08,meal,Restaurant A,PRJ-0046,Cash,True,True,4,11645,USD,150.0,0.1,0.0,SRC-00040615
EXP-040616,EMP-0009,Finance,2026-09-09,travel,JAL,PRJ-0049,CorporateCard,False,True,1,37392,EUR,162.0,0.1,0.0,SRC-00040616
EXP-040617,EMP-0022,Procurement,2026-10-10,other,Software Store,PRJ-0052,BankTransfer,True,True,3,2703,JPY,1.0,0.08,0.0,SRC-00040617
EXP-040618,EMP-0035,HR,2026-11-11,accommodation,Hotel Group C,PRJ-0055,EmployeeReimbursement,True,True,2,20418,USD,150.0,0.1,0.0,SRC-00040618
EXP-040619,EMP-0048,IT,2026-12-12,meal,Catering Co,PRJ-0058,Cash,True,True,4,11977,EUR,162.0,0.1,0.0,SRC-00040619
EXP-040620,EMP-0061,Engineering,2026-01-13,travel,JR East,PRJ-0061,CorporateCard,False,True,1,37940,JPY,1.0,0.1,0.0,SRC-00040620
EXP-040621,EMP-0074,Sales,2026-02-14,other,Courier Service,PRJ-0064,BankTransfer,True,True,2,2939,USD,150.0,0.08,0.05,SRC-00040621
EXP-040622,EMP-0087,Legal,2026-03-15,accommodation,Hotel Group C,PRJ-0067,EmployeeReimbursement,True,True,3,20822,EUR,162.0,0.1,0.0,SRC-00040622
EXP-040623,EMP-0100,Operations,2026-04-16,meal,Business Dining,PRJ-0070,Cash,True,True,4,12309,JPY,1.0,0.1,0.0,SRC-00040623
EXP-040624,EMP-0113,Finance,2026-05-17,travel,Railway Services,PRJ-0073,CorporateCard,False,True,1,38488,USD,150.0,0.1,0.0,SRC-00040624
EXP-040625,EMP-0126,Procurement,2026-06-18,other,Office Supply Co,PRJ-0076,BankTransfer,True,True,1,3175,EUR,162.0,0.08,0.0,SRC-00040625
EXP-040626,EMP-0139,HR,2026-07-19,accommodation,Hotel Group C,PRJ-0079,EmployeeReimbursement,True,True,1,21226,JPY,1.0,0.1,0.0,SRC-00040626
EXP-040627,EMP-0152,IT,2026-08-20,meal,Cafe Central,PRJ-0082,Cash,True,True,4,12641,USD,150.0,0.1,0.0,SRC-00040627
EXP-040628,EMP-0165,Engineering,2026-09-21,travel,JAL,PRJ-0085,CorporateCard,False,True,1,39036,EUR,162.0,0.1,0.05,SRC-00040628
EXP-040629,EMP-0178,Sales,2026-10-22,other,Misc Services,PRJ-0088,BankTransfer,True,True,5,3411,JPY,1.0,0.08,0.0,SRC-00040629
EXP-040630,EMP-0191,Legal,2026-11-23,accommodation,Hotel Group C,PRJ-0091,EmployeeReimbursement,True,True,2,21630,USD,150.0,0.1,0.0,SRC-00040630
EXP-040631,EMP-0204,Operations,2026-12-24,meal,Restaurant B,PRJ-0094,Cash,True,True,4,12973,EUR,162.0,0.1,0.0,SRC-00040631
EXP-040632,EMP-0217,Finance,2026-01-25,travel,JR East,PRJ-0097,CorporateCard,False,True,1,39584,JPY,1.0,0.1,0.0,SRC-00040632
EXP-040633,EMP-0230,Procurement,2026-02-26,other,Printing Co,PRJ-0100,BankTransfer,True,True,4,3647,USD,150.0,0.08,0.0,SRC-00040633
EXP-040634,EMP-0243,HR,2026-03-27,accommodation,Hotel Group C,PRJ-0103,EmployeeReimbursement,True,True,3,22034,EUR,162.0,0.1,0.0,SRC-00040634
EXP-040635,EMP-0006,IT,2026-04-01,meal,Restaurant A,PRJ-0106,Cash,True,True,4,13305,JPY,1.0,0.1,0.05,SRC-00040635
EXP-040636,EMP-0019,Engineering,2026-05-02,travel,Railway Services,PRJ-0109,CorporateCard,False,True,1,40132,USD,150.0,0.1,0.0,SRC-00040636
EXP-040637,EMP-0032,Sales,2026-06-03,other,Software Store,PRJ-0112,BankTransfer,True,True,3,3883,EUR,162.0,0.08,0.0,SRC-00040637
EXP-040638,EMP-0045,Legal,2026-07-04,accommodation,Hotel Group C,PRJ-0115,EmployeeReimbursement,True,True,1,22438,JPY,1.0,0.1,0.0,SRC-00040638
EXP-040639,EMP-0058,Operations,2026-08-05,meal,Catering Co,PRJ-0118,Cash,True,True,4,13637,USD,150.0,0.1,0.0,SRC-00040639
EXP-040640,EMP-0071,Finance,2026-09-06,travel,JAL,PRJ-0001,CorporateCard,False,True,1,40680,EUR,162.0,0.1,0.0,SRC-00040640
EXP-040641,EMP-0084,Procurement,2026-10-07,other,Courier Service,PRJ-0004,BankTransfer,True,True,2,4119,JPY,1.0,0.08,0.0,SRC-00040641
EXP-040642,EMP-0097,HR,2026-11-08,accommodation,Hotel Group C,PRJ-0007,EmployeeReimbursement,True,True,2,22842,USD,150.0,0.1,0.05,SRC-00040642
EXP-040643,EMP-0110,IT,2026-12-09,meal,Business Dining,PRJ-0010,Cash,True,True,4,13969,EUR,162.0,0.1,0.0,SRC-00040643
EXP-040644,EMP-0123,Engineering,2026-01-10,travel,JR East,PRJ-0013,CorporateCard,False,True,1,41228,JPY,1.0,0.1,0.0,SRC-00040644
EXP-040645,EMP-0136,Sales,2026-02-11,other,Office Supply Co,PRJ-0016,BankTransfer,True,True,1,4355,USD,150.0,0.08,0.0,SRC-00040645
EXP-040646,EMP-0149,Legal,2026-03-12,accommodation,Hotel Group C,PRJ-0019,EmployeeReimbursement,True,True,3,23246,EUR,162.0,0.1,0.0,SRC-00040646
EXP-040647,EMP-0162,Operations,2026-04-13,meal,Cafe Central,PRJ-0022,Cash,True,True,4,14301,JPY,1.0,0.1,0.0,SRC-00040647
EXP-040648,EMP-0175,Finance,2026-05-14,travel,Railway Services,PRJ-0025,CorporateCard,False,True,1,41776,USD,150.0,0.1,0.0,SRC-00040648
EXP-040649,EMP-0188,Procurement,2026-06-15,other,Misc Services,PRJ-0028,BankTransfer,True,True,5,4591,EUR,162.0,0.08,0.05,SRC-00040649
EXP-040650,EMP-0201,HR,2026-07-16,accommodation,Hotel Group C,PRJ-0031,EmployeeReimbursement,True,True,1,23650,JPY,1.0,0.1,0.0,SRC-00040650
EXP-040651,EMP-0214,IT,2026-08-17,meal,Restaurant B,PRJ-0034,Cash,True,True,4,633,USD,150.0,0.1,0.0,SRC-00040651
EXP-040652,EMP-0227,Engineering,2026-09-18,travel,JAL,PRJ-0037,CorporateCard,False,True,1,42324,EUR,162.0,0.1,0.0,SRC-00040652
EXP-040653,EMP-0240,Sales,2026-10-19,other,Printing Co,PRJ-0040,BankTransfer,True,True,4,4827,JPY,1.0,0.08,0.0,SRC-00040653
EXP-040654,EMP-0003,Legal,2026-11-20,accommodation,Hotel Group C,PRJ-0043,EmployeeReimbursement,True,True,2,24054,USD,150.0,0.1,0.0,SRC-00040654
EXP-040655,EMP-0016,Operations,2026-12-21,meal,Restaurant A,PRJ-0046,Cash,True,True,4,965,EUR,162.0,0.1,0.0,SRC-00040655
EXP-040656,EMP-0029,Finance,2026-01-22,travel,JR East,PRJ-0049,CorporateCard,False,True,1,42872,JPY,1.0,0.1,0.05,SRC-00040656
EXP-040657,EMP-0042,Procurement,2026-02-23,other,Software Store,PRJ-0052,BankTransfer,True,True,3,5063,USD,150.0,0.08,0.0,SRC-00040657
EXP-040658,EMP-0055,HR,2026-03-24,accommodation,Hotel Group C,PRJ-0055,EmployeeReimbursement,True,True,3,24458,EUR,162.0,0.1,0.0,SRC-00040658
EXP-040659,EMP-0068,IT,2026-04-25,meal,Catering Co,PRJ-0058,Cash,True,True,4,1297,JPY,1.0,0.1,0.0,SRC-00040659
EXP-040660,EMP-0081,Engineering,2026-05-26,travel,Railway Services,PRJ-0061,CorporateCard,False,True,1,43420,USD,150.0,0.1,0.0,SRC-00040660
EXP-040661,EMP-0094,Sales,2026-06-27,other,Courier Service,PRJ-0064,BankTransfer,True,True,2,5299,EUR,162.0,0.08,0.0,SRC-00040661
EXP-040662,EMP-0107,Legal,2026-07-01,accommodation,Hotel Group C,PRJ-0067,EmployeeReimbursement,True,True,1,24862,JPY,1.0,0.1,0.0,SRC-00040662
EXP-040663,EMP-0120,Operations,2026-08-02,meal,Business Dining,PRJ-0070,Cash,True,True,4,1629,USD,150.0,0.1,0.05,SRC-00040663
EXP-040664,EMP-0133,Finance,2026-09-03,travel,JAL,PRJ-0073,CorporateCard,False,True,1,43968,EUR,162.0,0.1,0.0,SRC-00040664
EXP-040665,EMP-0146,Procurement,2026-10-04,other,Office Supply Co,PRJ-0076,BankTransfer,True,True,1,5535,JPY,1.0,0.08,0.0,SRC-00040665
EXP-040666,EMP-0159,HR,2026-11-05,accommodation,Hotel Group C,PRJ-0079,EmployeeReimbursement,True,True,2,25266,USD,150.0,0.1,0.0,SRC-00040666
EXP-040667,EMP-0172,IT,2026-12-06,meal,Cafe Central,PRJ-0082,Cash,True,True,4,1961,EUR,162.0,0.1,0.0,SRC-00040667
EXP-040668,EMP-0185,Engineering,2026-01-07,travel,JR East,PRJ-0085,CorporateCard,False,True,1,44516,JPY,1.0,0.1,0.0,SRC-00040668
EXP-040669,EMP-0198,Sales,2026-02-08,other,Misc Services,PRJ-0088,BankTransfer,True,True,5,5771,USD,150.0,0.08,0.0,SRC-00040669
EXP-040670,EMP-0211,Legal,2026-03-09,accommodation,Hotel Group C,PRJ-0091,EmployeeReimbursement,True,True,3,25670,EUR,162.0,0.1,0.05,SRC-00040670
EXP-040671,EMP-0224,Operations,2026-04-10,meal,Restaurant B,PRJ-0094,Cash,True,True,4,2293,JPY,1.0,0.1,0.0,SRC-00040671
EXP-040672,EMP-0237,Finance,2026-05-11,travel,Railway Services,PRJ-0097,CorporateCard,False,True,1,45064,USD,150.0,0.1,0.0,SRC-00040672
EXP-040673,EMP-0250,Procurement,2026-06-12,other,Printing Co,PRJ-0100,BankTransfer,True,True,4,6007,EUR,162.0,0.08,0.0,SRC-00040673
EXP-040674,EMP-0013,HR,2026-07-13,accommodation,Hotel Group C,PRJ-0103,EmployeeReimbursement,True,True,1,26074,JPY,1.0,0.1,0.0,SRC-00040674
EXP-040675,EMP-0026,IT,2026-08-14,meal,Restaurant A,PRJ-0106,Cash,True,True,4,2625,USD,150.0,0.1,0.0,SRC-00040675
EXP-040676,EMP-0039,Engineering,2026-09-15,travel,JAL,PRJ-0109,CorporateCard,False,True,1,45612,EUR,162.0,0.1,0.0,SRC-00040676
EXP-040677,EMP-0052,Sales,2026-10-16,other,Software Store,PRJ-0112,BankTransfer,True,True,3,6243,JPY,1.0,0.08,0.05,SRC-00040677
EXP-040678,EMP-0065,Legal,2026-11-17,accommodation,Hotel Group C,PRJ-0115,EmployeeReimbursement,True,True,2,26478,USD,150.0,0.1,0.0,SRC-00040678
EXP-040679,EMP-0078,Operations,2026-12-18,meal,Catering Co,PRJ-0118,Cash,True,True,4,2957,EUR,162.0,0.1,0.0,SRC-00040679
EXP-040680,EMP-0091,Finance,2026-01-19,travel,JR East,PRJ-0001,CorporateCard,False,True,1,46160,JPY,1.0,0.1,0.0,SRC-00040680
EXP-040681,EMP-0104,Procurement,2026-02-20,other,Courier Service,PRJ-0004,BankTransfer,True,True,2,6479,USD,150.0,0.08,0.0,SRC-00040681
EXP-040682,EMP-0117,HR,2026-03-21,accommodation,Hotel Group C,PRJ-0007,EmployeeReimbursement,True,True,3,26882,EUR,162.0,0.1,0.0,SRC-00040682
EXP-040683,EMP-0130,IT,2026-04-22,meal,Business Dining,PRJ-0010,Cash,True,True,4,3289,JPY,1.0,0.1,0.0,SRC-00040683
EXP-040684,EMP-0143,Engineering,2026-05-23,travel,Railway Services,PRJ-0013,CorporateCard,False,True,1,46708,USD,150.0,0.1,0.05,SRC-00040684
EXP-040685,EMP-0156,Sales,2026-06-24,other,Office Supply Co,PRJ-0016,BankTransfer,True,True,1,6715,EUR,162.0,0.08,0.0,SRC-00040685
EXP-040686,EMP-0169,Legal,2026-07-25,accommodation,Hotel Group C,PRJ-0019,EmployeeReimbursement,True,True,1,27286,JPY,1.0,0.1,0.0,SRC-00040686
EXP-040687,EMP-0182,Operations,2026-08-26,meal,Cafe Central,PRJ-0022,Cash,True,True,4,3621,USD,150.0,0.1,0.0,SRC-00040687
EXP-040688,EMP-0195,Finance,2026-09-27,travel,JAL,PRJ-0025,CorporateCard,False,True,1,47256,EUR,162.0,0.1,0.0,SRC-00040688
EXP-040689,EMP-0208,Procurement,2026-10-01,other,Misc Services,PRJ-0028,BankTransfer,True,True,5,6951,JPY,1.0,0.08,0.0,SRC-00040689
EXP-040690,EMP-0221,HR,2026-11-02,accommodation,Hotel Group C,PRJ-0031,EmployeeReimbursement,True,True,2,27690,USD,150.0,0.1,0.0,SRC-00040690
EXP-040691,EMP-0234,IT,2026-12-03,meal,Restaurant B,PRJ-0034,Cash,True,True,4,3953,EUR,162.0,0.1,0.05,SRC-00040691
EXP-040692,EMP-0247,Engineering,2026-01-04,travel,JR East,PRJ-0037,CorporateCard,False,True,1,47804,JPY,1.0,0.1,0.0,SRC-00040692
EXP-040693,EMP-0010,Sales,2026-02-05,other,Printing Co,PRJ-0040,BankTransfer,True,True,4,7187,USD,150.0,0.08,0.0,SRC-00040693
EXP-040694,EMP-0023,Legal,2026-03-06,accommodation,Hotel Group C,PRJ-0043,EmployeeReimbursement,True,True,3,28094,EUR,162.0,0.1,0.0,SRC-00040694
EXP-040695,EMP-0036,Operations,2026-04-07,meal,Restaurant A,PRJ-0046,Cash,True,True,4,4285,JPY,1.0,0.1,0.0,SRC-00040695
EXP-040696,EMP-0049,Finance,2026-05-08,travel,Railway Services,PRJ-0049,CorporateCard,False,True,1,48352,USD,150.0,0.1,0.0,SRC-00040696
EXP-040697,EMP-0062,Procurement,2026-06-09,other,Software Store,PRJ-0052,BankTransfer,True,True,3,7423,EUR,162.0,0.08,0.0,SRC-00040697
EXP-040698,EMP-0075,HR,2026-07-10,accommodation,Hotel Group C,PRJ-0055,EmployeeReimbursement,True,True,1,28498,JPY,1.0,0.1,0.05,SRC-00040698
EXP-040699,EMP-0088,IT,2026-08-11,meal,Catering Co,PRJ-0058,Cash,True,True,4,4617,USD,150.0,0.1,0.0,SRC-00040699
EXP-040700,EMP-0101,Engineering,2026-09-12,travel,JAL,PRJ-0061,CorporateCard,False,True,1,48900,EUR,162.0,0.1,0.0,SRC-00040700
EXP-040701,EMP-0114,Sales,2026-10-13,other,Courier Service,PRJ-0064,BankTransfer,True,True,2,7659,JPY,1.0,0.08,0.0,SRC-00040701
EXP-040702,EMP-0127,Legal,2026-11-14,accommodation,Hotel Group C,PRJ-0067,EmployeeReimbursement,True,True,2,28902,USD,150.0,0.1,0.0,SRC-00040702
EXP-040703,EMP-0140,Operations,2026-12-15,meal,Business Dining,PRJ-0070,Cash,True,True,4,4949,EUR,162.0,0.1,0.0,SRC-00040703
EXP-040704,EMP-0153,Finance,2026-01-16,travel,JR East,PRJ-0073,CorporateCard,False,True,1,49448,JPY,1.0,0.1,0.0,SRC-00040704
EXP-040705,EMP-0166,Procurement,2026-02-17,other,Office Supply Co,PRJ-0076,BankTransfer,True,True,1,7895,USD,150.0,0.08,0.05,SRC-00040705
EXP-040706,EMP-0179,HR,2026-03-18,accommodation,Hotel Group C,PRJ-0079,EmployeeReimbursement,True,True,3,29306,EUR,162.0,0.1,0.0,SRC-00040706
EXP-040707,EMP-0192,IT,2026-04-19,meal,Cafe Central,PRJ-0082,Cash,True,True,4,5281,JPY,1.0,0.1,0.0,SRC-00040707
EXP-040708,EMP-0205,Engineering,2026-05-20,travel,Railway Services,PRJ-0085,CorporateCard,False,True,1,49996,USD,150.0,0.1,0.0,SRC-00040708
EXP-040709,EMP-0218,Sales,2026-06-21,other,Misc Services,PRJ-0088,BankTransfer,True,True,5,8131,EUR,162.0,0.08,0.0,SRC-00040709
EXP-040710,EMP-0231,Legal,2026-07-22,accommodation,Hotel Group C,PRJ-0091,EmployeeReimbursement,True,True,1,29710,JPY,1.0,0.1,0.0,SRC-00040710
EXP-040711,EMP-0244,Operations,2026-08-23,meal,Restaurant B,PRJ-0094,Cash,True,True,4,5613,USD,150.0,0.1,0.0,SRC-00040711
EXP-040712,EMP-0007,Finance,2026-09-24,travel,JAL,PRJ-0097,CorporateCard,False,True,1,50544,EUR,162.0,0.1,0.05,SRC-00040712
EXP-040713,EMP-0020,Procurement,2026-10-25,other,Printing Co,PRJ-0100,BankTransfer,True,True,4,8367,JPY,1.0,0.08,0.0,SRC-00040713
EXP-040714,EMP-0033,HR,2026-11-26,accommodation,Hotel Group C,PRJ-0103,EmployeeReimbursement,True,True,2,30114,USD,150.0,0.1,0.0,SRC-00040714
EXP-040715,EMP-0046,IT,2026-12-27,meal,Restaurant A,PRJ-0106,Cash,True,True,4,5945,EUR,162.0,0.1,0.0,SRC-00040715
EXP-040716,EMP-0059,Engineering,2026-01-01,travel,JR East,PRJ-0109,CorporateCard,False,True,1,51092,JPY,1.0,0.1,0.0,SRC-00040716
EXP-040717,EMP-0072,Sales,2026-02-02,other,Software Store,PRJ-0112,BankTransfer,True,True,3,8603,USD,150.0,0.08,0.0,SRC-00040717
EXP-040718,EMP-0085,Legal,2026-03-03,accommodation,Hotel Group C,PRJ-0115,EmployeeReimbursement,True,True,3,30518,EUR,162.0,0.1,0.0,SRC-00040718
EXP-040719,EMP-0098,Operations,2026-04-04,meal,Catering Co,PRJ-0118,Cash,True,True,4,6277,JPY,1.0,0.1,0.05,SRC-00040719
EXP-040720,EMP-0111,Finance,2026-05-05,travel,Railway Services,PRJ-0001,CorporateCard,False,True,1,51640,USD,150.0,0.1,0.0,SRC-00040720
EXP-040721,EMP-0124,Procurement,2026-06-06,other,Courier Service,PRJ-0004,BankTransfer,True,True,2,8839,EUR,162.0,0.08,0.0,SRC-00040721
EXP-040722,EMP-0137,HR,2026-07-07,accommodation,Hotel Group C,PRJ-0007,EmployeeReimbursement,True,True,1,30922,JPY,1.0,0.1,0.0,SRC-00040722
EXP-040723,EMP-0150,IT,2026-08-08,meal,Business Dining,PRJ-0010,Cash,True,True,4,6609,USD,150.0,0.1,0.0,SRC-00040723
EXP-040724,EMP-0163,Engineering,2026-09-09,travel,JAL,PRJ-0013,CorporateCard,False,True,1,52188,EUR,162.0,0.1,0.0,SRC-00040724
EXP-040725,EMP-0176,Sales,2026-10-10,other,Office Supply Co,PRJ-0016,BankTransfer,True,True,1,9075,JPY,1.0,0.08,0.0,SRC-00040725
EXP-040726,EMP-0189,Legal,2026-11-11,accommodation,Hotel Group C,PRJ-0019,EmployeeReimbursement,True,True,2,31326,USD,150.0,0.1,0.05,SRC-00040726
EXP-040727,EMP-0202,Operations,2026-12-12,meal,Cafe Central,PRJ-0022,Cash,True,True,4,6941,EUR,162.0,0.1,0.0,SRC-00040727
EXP-040728,EMP-0215,Finance,2026-01-13,travel,JR East,PRJ-0025,CorporateCard,False,True,1,52736,JPY,1.0,0.1,0.0,SRC-00040728
EXP-040729,EMP-0228,Procurement,2026-02-14,other,Misc Services,PRJ-0028,BankTransfer,True,True,5,9311,USD,150.0,0.08,0.0,SRC-00040729
EXP-040730,EMP-0241,HR,2026-03-15,accommodation,Hotel Group C,PRJ-0031,EmployeeReimbursement,True,True,3,31730,EUR,162.0,0.1,0.0,SRC-00040730
EXP-040731,EMP-0004,IT,2026-04-16,meal,Restaurant B,PRJ-0034,Cash,True,True,4,7273,JPY,1.0,0.1,0.0,SRC-00040731
EXP-040732,EMP-0017,Engineering,2026-05-17,travel,Railway Services,PRJ-0037,CorporateCard,False,True,1,53284,USD,150.0,0.1,0.0,SRC-00040732
EXP-040733,EMP-0030,Sales,2026-06-18,other,Printing Co,PRJ-0040,BankTransfer,True,True,4,9547,EUR,162.0,0.08,0.05,SRC-00040733
EXP-040734,EMP-0043,Legal,2026-07-19,accommodation,Hotel Group C,PRJ-0043,EmployeeReimbursement,True,True,1,32134,JPY,1.0,0.1,0.0,SRC-00040734
EXP-040735,EMP-0056,Operations,2026-08-20,meal,Restaurant A,PRJ-0046,Cash,True,True,4,7605,USD,150.0,0.1,0.0,SRC-00040735
EXP-040736,EMP-0069,Finance,2026-09-21,travel,JAL,PRJ-0049,CorporateCard,False,True,1,53832,EUR,162.0,0.1,0.0,SRC-00040736
EXP-040737,EMP-0082,Procurement,2026-10-22,other,Software Store,PRJ-0052,BankTransfer,True,True,3,9783,JPY,1.0,0.08,0.0,SRC-00040737
EXP-040738,EMP-0095,HR,2026-11-23,accommodation,Hotel Group C,PRJ-0055,EmployeeReimbursement,True,True,2,32538,USD,150.0,0.1,0.0,SRC-00040738
EXP-040739,EMP-0108,IT,2026-12-24,meal,Catering Co,PRJ-0058,Cash,True,True,4,7937,EUR,162.0,0.1,0.0,SRC-00040739
EXP-040740,EMP-0121,Engineering,2026-01-25,travel,JR East,PRJ-0061,CorporateCard,False,True,1,54380,JPY,1.0,0.1,0.05,SRC-00040740
EXP-040741,EMP-0134,Sales,2026-02-26,other,Courier Service,PRJ-0064,BankTransfer,True,True,2,10019,USD,150.0,0.08,0.0,SRC-00040741
EXP-040742,EMP-0147,Legal,2026-03-27,accommodation,Hotel Group C,PRJ-0067,EmployeeReimbursement,True,True,3,32942,EUR,162.0,0.1,0.0,SRC-00040742
EXP-040743,EMP-0160,Operations,2026-04-01,meal,Business Dining,PRJ-0070,Cash,True,True,4,8269,JPY,1.0,0.1,0.0,SRC-00040743
EXP-040744,EMP-0173,Finance,2026-05-02,travel,Railway Services,PRJ-0073,CorporateCard,False,True,1,54928,USD,150.0,0.1,0.0,SRC-00040744
EXP-040745,EMP-0186,Procurement,2026-06-03,other,Office Supply Co,PRJ-0076,BankTransfer,True,True,1,10255,EUR,162.0,0.08,0.0,SRC-00040745
EXP-040746,EMP-0199,HR,2026-07-04,accommodation,Hotel Group C,PRJ-0079,EmployeeReimbursement,True,True,1,33346,JPY,1.0,0.1,0.0,SRC-00040746
EXP-040747,EMP-0212,IT,2026-08-05,meal,Cafe Central,PRJ-0082,Cash,True,True,4,8601,USD,150.0,0.1,0.05,SRC-00040747
EXP-040748,EMP-0225,Engineering,2026-09-06,travel,JAL,PRJ-0085,CorporateCard,False,True,1,55476,EUR,162.0,0.1,0.0,SRC-00040748
EXP-040749,EMP-0238,Sales,2026-10-07,other,Misc Services,PRJ-0088,BankTransfer,True,True,5,10491,JPY,1.0,0.08,0.0,SRC-00040749
EXP-040750,EMP-0001,Legal,2026-11-08,accommodation,Hotel Group C,PRJ-0091,EmployeeReimbursement,True,True,2,33750,USD,150.0,0.1,0.0,SRC-00040750
EXP-040751,EMP-0014,Operations,2026-12-09,meal,Restaurant B,PRJ-0094,Cash,True,True,4,8933,EUR,162.0,0.1,0.0,SRC-00040751
EXP-040752,EMP-0027,Finance,2026-01-10,travel,JR East,PRJ-0097,CorporateCard,False,True,1,56024,JPY,1.0,0.1,0.0,SRC-00040752
EXP-040753,EMP-0040,Procurement,2026-02-11,other,Printing Co,PRJ-0100,BankTransfer,True,True,4,10727,USD,150.0,0.08,0.0,SRC-00040753
EXP-040754,EMP-0053,HR,2026-03-12,accommodation,Hotel Group C,PRJ-0103,EmployeeReimbursement,True,True,3,6154,EUR,162.0,0.1,0.05,SRC-00040754
EXP-040755,EMP-0066,IT,2026-04-13,meal,Restaurant A,PRJ-0106,Cash,True,True,4,9265,JPY,1.0,0.1,0.0,SRC-00040755
EXP-040756,EMP-0079,Engineering,2026-05-14,travel,Railway Services,PRJ-0109,CorporateCard,False,True,1,56572,USD,150.0,0.1,0.0,SRC-00040756
EXP-040757,EMP-0092,Sales,2026-06-15,other,Software Store,PRJ-0112,BankTransfer,True,True,3,10963,EUR,162.0,0.08,0.0,SRC-00040757
EXP-040758,EMP-0105,Legal,2026-07-16,accommodation,Hotel Group C,PRJ-0115,EmployeeReimbursement,True,True,1,6558,JPY,1.0,0.1,0.0,SRC-00040758
EXP-040759,EMP-0118,Operations,2026-08-17,meal,Catering Co,PRJ-0118,Cash,True,True,4,9597,USD,150.0,0.1,0.0,SRC-00040759
EXP-040760,EMP-0131,Finance,2026-09-18,travel,JAL,PRJ-0001,CorporateCard,False,True,1,57120,EUR,162.0,0.1,0.0,SRC-00040760
EXP-040761,EMP-0144,Procurement,2026-10-19,other,Courier Service,PRJ-0004,BankTransfer,True,True,2,11199,JPY,1.0,0.08,0.05,SRC-00040761
EXP-040762,EMP-0157,HR,2026-11-20,accommodation,Hotel Group C,PRJ-0007,EmployeeReimbursement,True,True,2,6962,USD,150.0,0.1,0.0,SRC-00040762
EXP-040763,EMP-0170,IT,2026-12-21,meal,Business Dining,PRJ-0010,Cash,True,True,4,9929,EUR,162.0,0.1,0.0,SRC-00040763
EXP-040764,EMP-0183,Engineering,2026-01-22,travel,JR East,PRJ-0013,CorporateCard,False,True,1,57668,JPY,1.0,0.1,0.0,SRC-00040764
EXP-040765,EMP-0196,Sales,2026-02-23,other,Office Supply Co,PRJ-0016,BankTransfer,True,True,1,11435,USD,150.0,0.08,0.0,SRC-00040765
EXP-040766,EMP-0209,Legal,2026-03-24,accommodation,Hotel Group C,PRJ-0019,EmployeeReimbursement,True,True,3,7366,EUR,162.0,0.1,0.0,SRC-00040766
EXP-040767,EMP-0222,Operations,2026-04-25,meal,Cafe Central,PRJ-0022,Cash,True,True,4,10261,JPY,1.0,0.1,0.0,SRC-00040767
EXP-040768,EMP-0235,Finance,2026-05-26,travel,Railway Services,PRJ-0025,CorporateCard,False,True,1,58216,USD,150.0,0.1,0.05,SRC-00040768
EXP-040769,EMP-0248,Procurement,2026-06-27,other,Misc Services,PRJ-0028,BankTransfer,True,True,5,11671,EUR,162.0,0.08,0.0,SRC-00040769
EXP-040770,EMP-0011,HR,2026-07-01,accommodation,Hotel Group C,PRJ-0031,EmployeeReimbursement,True,True,1,7770,JPY,1.0,0.1,0.0,SRC-00040770
EXP-040771,EMP-0024,IT,2026-08-02,meal,Restaurant B,PRJ-0034,Cash,True,True,4,10593,USD,150.0,0.1,0.0,SRC-00040771
EXP-040772,EMP-0037,Engineering,2026-09-03,travel,JAL,PRJ-0037,CorporateCard,False,True,1,58764,EUR,162.0,0.1,0.0,SRC-00040772
EXP-040773,EMP-0050,Sales,2026-10-04,other,Printing Co,PRJ-0040,BankTransfer,True,True,4,11907,JPY,1.0,0.08,0.0,SRC-00040773
EXP-040774,EMP-0063,Legal,2026-11-05,accommodation,Hotel Group C,PRJ-0043,EmployeeReimbursement,True,True,2,8174,USD,150.0,0.1,0.0,SRC-00040774
EXP-040775,EMP-0076,Operations,2026-12-06,meal,Restaurant A,PRJ-0046,Cash,True,True,4,10925,EUR,162.0,0.1,0.05,SRC-00040775
EXP-040776,EMP-0089,Finance,2026-01-07,travel,JR East,PRJ-0049,CorporateCard,False,True,1,59312,JPY,1.0,0.1,0.0,SRC-00040776
EXP-040777,EMP-0102,Procurement,2026-02-08,other,Software Store,PRJ-0052,BankTransfer,True,True,3,12143,USD,150.0,0.08,0.0,SRC-00040777
EXP-040778,EMP-0115,HR,2026-03-09,accommodation,Hotel Group C,PRJ-0055,EmployeeReimbursement,True,True,3,8578,EUR,162.0,0.1,0.0,SRC-00040778
EXP-040779,EMP-0128,IT,2026-04-10,meal,Catering Co,PRJ-0058,Cash,True,True,4,11257,JPY,1.0,0.1,0.0,SRC-00040779
EXP-040780,EMP-0141,Engineering,2026-05-11,travel,Railway Services,PRJ-0061,CorporateCard,False,True,1,59860,USD,150.0,0.1,0.0,SRC-00040780
EXP-040781,EMP-0154,Sales,2026-06-12,other,Courier Service,PRJ-0064,BankTransfer,True,True,2,12379,EUR,162.0,0.08,0.0,SRC-00040781
EXP-040782,EMP-0167,Legal,2026-07-13,accommodation,Hotel Group C,PRJ-0067,EmployeeReimbursement,True,True,1,8982,JPY,1.0,0.1,0.05,SRC-00040782
EXP-040783,EMP-0180,Operations,2026-08-14,meal,Business Dining,PRJ-0070,Cash,True,True,4,11589,USD,150.0,0.1,0.0,SRC-00040783
EXP-040784,EMP-0193,Finance,2026-09-15,travel,JAL,PRJ-0073,CorporateCard,False,True,1,60408,EUR,162.0,0.1,0.0,SRC-00040784
EXP-040785,EMP-0206,Procurement,2026-10-16,other,Office Supply Co,PRJ-0076,BankTransfer,True,True,1,12615,JPY,1.0,0.08,0.0,SRC-00040785
EXP-040786,EMP-0219,HR,2026-11-17,accommodation,Hotel Group C,PRJ-0079,EmployeeReimbursement,True,True,2,9386,USD,150.0,0.1,0.0,SRC-00040786
EXP-040787,EMP-0232,IT,2026-12-18,meal,Cafe Central,PRJ-0082,Cash,True,True,4,11921,EUR,162.0,0.1,0.0,SRC-00040787
EXP-040788,EMP-0245,Engineering,2026-01-19,travel,JR East,PRJ-0085,CorporateCard,False,True,1,60956,JPY,1.0,0.1,0.0,SRC-00040788
EXP-040789,EMP-0008,Sales,2026-02-20,other,Misc Services,PRJ-0088,BankTransfer,True,True,5,12851,USD,150.0,0.08,0.05,SRC-00040789
EXP-040790,EMP-0021,Legal,2026-03-21,accommodation,Hotel Group C,PRJ-0091,EmployeeReimbursement,True,True,3,9790,EUR,162.0,0.1,0.0,SRC-00040790
EXP-040791,EMP-0034,Operations,2026-04-22,meal,Restaurant B,PRJ-0094,Cash,True,True,4,12253,JPY,1.0,0.1,0.0,SRC-00040791
EXP-040792,EMP-0047,Finance,2026-05-23,travel,Railway Services,PRJ-0097,CorporateCard,False,True,1,61504,USD,150.0,0.1,0.0,SRC-00040792
EXP-040793,EMP-0060,Procurement,2026-06-24,other,Printing Co,PRJ-0100,BankTransfer,True,True,4,13087,EUR,162.0,0.08,0.0,SRC-00040793
EXP-040794,EMP-0073,HR,2026-07-25,accommodation,Hotel Group C,PRJ-0103,EmployeeReimbursement,True,True,1,10194,JPY,1.0,0.1,0.0,SRC-00040794
EXP-040795,EMP-0086,IT,2026-08-26,meal,Restaurant A,PRJ-0106,Cash,True,True,4,12585,USD,150.0,0.1,0.0,SRC-00040795
EXP-040796,EMP-0099,Engineering,2026-09-27,travel,JAL,PRJ-0109,CorporateCard,False,True,1,62052,EUR,162.0,0.1,0.05,SRC-00040796
EXP-040797,EMP-0112,Sales,2026-10-01,other,Software Store,PRJ-0112,BankTransfer,True,True,3,13323,JPY,1.0,0.08,0.0,SRC-00040797
EXP-040798,EMP-0125,Legal,2026-11-02,accommodation,Hotel Group C,PRJ-0115,EmployeeReimbursement,True,True,2,10598,USD,150.0,0.1,0.0,SRC-00040798
EXP-040799,EMP-0138,Operations,2026-12-03,meal,Catering Co,PRJ-0118,Cash,True,True,4,12917,EUR,162.0,0.1,0.0,SRC-00040799
EXP-040800,EMP-0151,Finance,2026-01-04,travel,JR East,PRJ-0001,CorporateCard,False,True,1,62600,JPY,1.0,0.1,0.0,SRC-00040800
EXP-040801,EMP-0164,Procurement,2026-02-05,other,Courier Service,PRJ-0004,BankTransfer,True,True,2,13559,USD,150.0,0.08,0.0,SRC-00040801
EXP-040802,EMP-0177,HR,2026-03-06,accommodation,Hotel Group C,PRJ-0007,EmployeeReimbursement,True,True,3,11002,EUR,162.0,0.1,0.0,SRC-00040802
EXP-040803,EMP-0190,IT,2026-04-07,meal,Business Dining,PRJ-0010,Cash,True,True,4,13249,JPY,1.0,0.1,0.05,SRC-00040803
EXP-040804,EMP-0203,Engineering,2026-05-08,travel,Railway Services,PRJ-0013,CorporateCard,False,True,1,63148,USD,150.0,0.1,0.0,SRC-00040804
EXP-040805,EMP-0216,Sales,2026-06-09,other,Office Supply Co,PRJ-0016,BankTransfer,True,True,1,13795,EUR,162.0,0.08,0.0,SRC-00040805
EXP-040806,EMP-0229,Legal,2026-07-10,accommodation,Hotel Group C,PRJ-0019,EmployeeReimbursement,True,True,1,11406,JPY,1.0,0.1,0.0,SRC-00040806
EXP-040807,EMP-0242,Operations,2026-08-11,meal,Cafe Central,PRJ-0022,Cash,True,True,4,13581,USD,150.0,0.1,0.0,SRC-00040807
EXP-040808,EMP-0005,Finance,2026-09-12,travel,JAL,PRJ-0025,CorporateCard,False,True,1,63696,EUR,162.0,0.1,0.0,SRC-00040808
EXP-040809,EMP-0018,Procurement,2026-10-13,other,Misc Services,PRJ-0028,BankTransfer,True,True,5,14031,JPY,1.0,0.08,0.0,SRC-00040809
EXP-040810,EMP-0031,HR,2026-11-14,accommodation,Hotel Group C,PRJ-0031,EmployeeReimbursement,True,True,2,11810,USD,150.0,0.1,0.05,SRC-00040810
EXP-040811,EMP-0044,IT,2026-12-15,meal,Restaurant B,PRJ-0034,Cash,True,True,4,13913,EUR,162.0,0.1,0.0,SRC-00040811
EXP-040812,EMP-0057,Engineering,2026-01-16,travel,JR East,PRJ-0037,CorporateCard,False,True,1,64244,JPY,1.0,0.1,0.0,SRC-00040812
EXP-040813,EMP-0070,Sales,2026-02-17,other,Printing Co,PRJ-0040,BankTransfer,True,True,4,14267,USD,150.0,0.08,0.0,SRC-00040813
EXP-040814,EMP-0083,Legal,2026-03-18,accommodation,Hotel Group C,PRJ-0043,EmployeeReimbursement,True,True,3,12214,EUR,162.0,0.1,0.0,SRC-00040814
EXP-040815,EMP-0096,Operations,2026-04-19,meal,Restaurant A,PRJ-0046,Cash,True,True,4,14245,JPY,1.0,0.1,0.0,SRC-00040815
EXP-040816,EMP-0109,Finance,2026-05-20,travel,Railway Services,PRJ-0049,CorporateCard,False,True,1,64792,USD,150.0,0.1,0.0,SRC-00040816
EXP-040817,EMP-0122,Procurement,2026-06-21,other,Software Store,PRJ-0052,BankTransfer,True,True,3,14503,EUR,162.0,0.08,0.05,SRC-00040817
EXP-040818,EMP-0135,HR,2026-07-22,accommodation,Hotel Group C,PRJ-0055,EmployeeReimbursement,True,True,1,12618,JPY,1.0,0.1,0.0,SRC-00040818
EXP-040819,EMP-0148,IT,2026-08-23,meal,Catering Co,PRJ-0058,Cash,True,True,4,14577,USD,150.0,0.1,0.0,SRC-00040819
EXP-040820,EMP-0161,Engineering,2026-09-24,travel,JAL,PRJ-0061,CorporateCard,False,True,1,65340,EUR,162.0,0.1,0.0,SRC-00040820
EXP-040821,EMP-0174,Sales,2026-10-25,other,Courier Service,PRJ-0064,BankTransfer,True,True,2,14739,JPY,1.0,0.08,0.0,SRC-00040821
EXP-040822,EMP-0187,Legal,2026-11-26,accommodation,Hotel Group C,PRJ-0067,EmployeeReimbursement,True,True,2,13022,USD,150.0,0.1,0.0,SRC-00040822
EXP-040823,EMP-0200,Operations,2026-12-27,meal,Business Dining,PRJ-0070,Cash,True,True,4,909,EUR,162.0,0.1,0.0,SRC-00040823
EXP-040824,EMP-0213,Finance,2026-01-01,travel,JR East,PRJ-0073,CorporateCard,False,True,1,65888,JPY,1.0,0.1,0.05,SRC-00040824
EXP-040825,EMP-0226,Procurement,2026-02-02,other,Office Supply Co,PRJ-0076,BankTransfer,True,True,1,14975,USD,150.0,0.08,0.0,SRC-00040825
EXP-040826,EMP-0239,HR,2026-03-03,accommodation,Hotel Group C,PRJ-0079,EmployeeReimbursement,True,True,3,13426,EUR,162.0,0.1,0.0,SRC-00040826
EXP-040827,EMP-0002,IT,2026-04-04,meal,Cafe Central,PRJ-0082,Cash,True,True,4,1241,JPY,1.0,0.1,0.0,SRC-00040827
EXP-040828,EMP-0015,Engineering,2026-05-05,travel,Railway Services,PRJ-0085,CorporateCard,False,True,1,66436,USD,150.0,0.1,0.0,SRC-00040828
EXP-040829,EMP-0028,Sales,2026-06-06,other,Misc Services,PRJ-0088,BankTransfer,True,True,5,15211,EUR,162.0,0.08,0.0,SRC-00040829
EXP-040830,EMP-0041,Legal,2026-07-07,accommodation,Hotel Group C,PRJ-0091,EmployeeReimbursement,True,True,1,13830,JPY,1.0,0.1,0.0,SRC-00040830
EXP-040831,EMP-0054,Operations,2026-08-08,meal,Restaurant B,PRJ-0094,Cash,True,True,4,1573,USD,150.0,0.1,0.05,SRC-00040831
EXP-040832,EMP-0067,Finance,2026-09-09,travel,JAL,PRJ-0097,CorporateCard,False,True,1,66984,EUR,162.0,0.1,0.0,SRC-00040832
EXP-040833,EMP-0080,Procurement,2026-10-10,other,Printing Co,PRJ-0100,BankTransfer,True,True,4,15447,JPY,1.0,0.08,0.0,SRC-00040833
EXP-040834,EMP-0093,HR,2026-11-11,accommodation,Hotel Group C,PRJ-0103,EmployeeReimbursement,True,True,2,14234,USD,150.0,0.1,0.0,SRC-00040834
EXP-040835,EMP-0106,IT,2026-12-12,meal,Restaurant A,PRJ-0106,Cash,True,True,4,1905,EUR,162.0,0.1,0.0,SRC-00040835
EXP-040836,EMP-0119,Engineering,2026-01-13,travel,JR East,PRJ-0109,CorporateCard,False,True,1,67532,JPY,1.0,0.1,0.0,SRC-00040836
EXP-040837,EMP-0132,Sales,2026-02-14,other,Software Store,PRJ-0112,BankTransfer,True,True,3,15683,USD,150.0,0.08,0.0,SRC-00040837
EXP-040838,EMP-0145,Legal,2026-03-15,accommodation,Hotel Group C,PRJ-0115,EmployeeReimbursement,True,True,3,14638,EUR,162.0,0.1,0.05,SRC-00040838
EXP-040839,EMP-0158,Operations,2026-04-16,meal,Catering Co,PRJ-0118,Cash,True,True,4,2237,JPY,1.0,0.1,0.0,SRC-00040839
EXP-040840,EMP-0171,Finance,2026-05-17,travel,Railway Services,PRJ-0001,CorporateCard,False,True,1,68080,USD,150.0,0.1,0.0,SRC-00040840
EXP-040841,EMP-0184,Procurement,2026-06-18,other,Courier Service,PRJ-0004,BankTransfer,True,True,2,15919,EUR,162.0,0.08,0.0,SRC-00040841
EXP-040842,EMP-0197,HR,2026-07-19,accommodation,Hotel Group C,PRJ-0007,EmployeeReimbursement,True,True,1,15042,JPY,1.0,0.1,0.0,SRC-00040842
EXP-040843,EMP-0210,IT,2026-08-20,meal,Business Dining,PRJ-0010,Cash,True,True,4,2569,USD,150.0,0.1,0.0,SRC-00040843
EXP-040844,EMP-0223,Engineering,2026-09-21,travel,JAL,PRJ-0013,CorporateCard,False,True,1,68628,EUR,162.0,0.1,0.0,SRC-00040844
EXP-040845,EMP-0236,Sales,2026-10-22,other,Office Supply Co,PRJ-0016,BankTransfer,True,True,1,16155,JPY,1.0,0.08,0.05,SRC-00040845
EXP-040846,EMP-0249,Legal,2026-11-23,accommodation,Hotel Group C,PRJ-0019,EmployeeReimbursement,True,True,2,15446,USD,150.0,0.1,0.0,SRC-00040846
EXP-040847,EMP-0012,Operations,2026-12-24,meal,Cafe Central,PRJ-0022,Cash,True,True,4,2901,EUR,162.0,0.1,0.0,SRC-00040847
EXP-040848,EMP-0025,Finance,2026-01-25,travel,JR East,PRJ-0025,CorporateCard,False,True,1,69176,JPY,1.0,0.1,0.0,SRC-00040848
EXP-040849,EMP-0038,Procurement,2026-02-26,other,Misc Services,PRJ-0028,BankTransfer,True,True,5,16391,USD,150.0,0.08,0.0,SRC-00040849
EXP-040850,EMP-0051,HR,2026-03-27,accommodation,Hotel Group C,PRJ-0031,EmployeeReimbursement,True,True,3,15850,EUR,162.0,0.1,0.0,SRC-00040850
EXP-040851,EMP-0064,IT,2026-04-01,meal,Restaurant B,PRJ-0034,Cash,True,True,4,3233,JPY,1.0,0.1,0.0,SRC-00040851
EXP-040852,EMP-0077,Engineering,2026-05-02,travel,Railway Services,PRJ-0037,CorporateCard,False,True,1,69724,USD,150.0,0.1,0.05,SRC-00040852
EXP-040853,EMP-0090,Sales,2026-06-03,other,Printing Co,PRJ-0040,BankTransfer,True,True,4,16627,EUR,162.0,0.08,0.0,SRC-00040853
EXP-040854,EMP-0103,Legal,2026-07-04,accommodation,Hotel Group C,PRJ-0043,EmployeeReimbursement,True,True,1,16254,JPY,1.0,0.1,0.0,SRC-00040854
EXP-040855,EMP-0116,Operations,2026-08-05,meal,Restaurant A,PRJ-0046,Cash,True,True,4,3565,USD,150.0,0.1,0.0,SRC-00040855
EXP-040856,EMP-0129,Finance,2026-09-06,travel,JAL,PRJ-0049,CorporateCard,False,True,1,70272,EUR,162.0,0.1,0.0,SRC-00040856
EXP-040857,EMP-0142,Procurement,2026-10-07,other,Software Store,PRJ-0052,BankTransfer,True,True,3,16863,JPY,1.0,0.08,0.0,SRC-00040857
EXP-040858,EMP-0155,HR,2026-11-08,accommodation,Hotel Group C,PRJ-0055,EmployeeReimbursement,True,True,2,16658,USD,150.0,0.1,0.0,SRC-00040858
EXP-040859,EMP-0168,IT,2026-12-09,meal,Catering Co,PRJ-0058,Cash,True,True,4,3897,EUR,162.0,0.1,0.05,SRC-00040859
EXP-040860,EMP-0181,Engineering,2026-01-10,travel,JR East,PRJ-0061,CorporateCard,False,True,1,70820,JPY,1.0,0.1,0.0,SRC-00040860
EXP-040861,EMP-0194,Sales,2026-02-11,other,Courier Service,PRJ-0064,BankTransfer,True,True,2,17099,USD,150.0,0.08,0.0,SRC-00040861
EXP-040862,EMP-0207,Legal,2026-03-12,accommodation,Hotel Group C,PRJ-0067,EmployeeReimbursement,True,True,3,17062,EUR,162.0,0.1,0.0,SRC-00040862
EXP-040863,EMP-0220,Operations,2026-04-13,meal,Business Dining,PRJ-0070,Cash,True,True,4,4229,JPY,1.0,0.1,0.0,SRC-00040863
EXP-040864,EMP-0233,Finance,2026-05-14,travel,Railway Services,PRJ-0073,CorporateCard,False,True,1,71368,USD,150.0,0.1,0.0,SRC-00040864
EXP-040865,EMP-0246,Procurement,2026-06-15,other,Office Supply Co,PRJ-0076,BankTransfer,True,True,1,17335,EUR,162.0,0.08,0.0,SRC-00040865
EXP-040866,EMP-0009,HR,2026-07-16,accommodation,Hotel Group C,PRJ-0079,EmployeeReimbursement,True,True,1,17466,JPY,1.0,0.1,0.05,SRC-00040866
EXP-040867,EMP-0022,IT,2026-08-17,meal,Cafe Central,PRJ-0082,Cash,True,True,4,4561,USD,150.0,0.1,0.0,SRC-00040867
EXP-040868,EMP-0035,Engineering,2026-09-18,travel,JAL,PRJ-0085,CorporateCard,False,True,1,71916,EUR,162.0,0.1,0.0,SRC-00040868
EXP-040869,EMP-0048,Sales,2026-10-19,other,Misc Services,PRJ-0088,BankTransfer,True,True,5,17571,JPY,1.0,0.08,0.0,SRC-00040869
EXP-040870,EMP-0061,Legal,2026-11-20,accommodation,Hotel Group C,PRJ-0091,EmployeeReimbursement,True,True,2,17870,USD,150.0,0.1,0.0,SRC-00040870
EXP-040871,EMP-0074,Operations,2026-12-21,meal,Restaurant B,PRJ-0094,Cash,True,True,4,4893,EUR,162.0,0.1,0.0,SRC-00040871
EXP-040872,EMP-0087,Finance,2026-01-22,travel,JR East,PRJ-0097,CorporateCard,False,True,1,72464,JPY,1.0,0.1,0.0,SRC-00040872
EXP-040873,EMP-0100,Procurement,2026-02-23,other,Printing Co,PRJ-0100,BankTransfer,True,True,4,17807,USD,150.0,0.08,0.05,SRC-00040873
EXP-040874,EMP-0113,HR,2026-03-24,accommodation,Hotel Group C,PRJ-0103,EmployeeReimbursement,True,True,3,18274,EUR,162.0,0.1,0.0,SRC-00040874
EXP-040875,EMP-0126,IT,2026-04-25,meal,Restaurant A,PRJ-0106,Cash,True,True,4,5225,JPY,1.0,0.1,0.0,SRC-00040875
EXP-040876,EMP-0139,Engineering,2026-05-26,travel,Railway Services,PRJ-0109,CorporateCard,False,True,1,3012,USD,150.0,0.1,0.0,SRC-00040876
EXP-040877,EMP-0152,Sales,2026-06-27,other,Software Store,PRJ-0112,BankTransfer,True,True,3,18043,EUR,162.0,0.08,0.0,SRC-00040877
EXP-040878,EMP-0165,Legal,2026-07-01,accommodation,Hotel Group C,PRJ-0115,EmployeeReimbursement,True,True,1,18678,JPY,1.0,0.1,0.0,SRC-00040878
EXP-040879,EMP-0178,Operations,2026-08-02,meal,Catering Co,PRJ-0118,Cash,True,True,4,5557,USD,150.0,0.1,0.0,SRC-00040879
EXP-040880,EMP-0191,Finance,2026-09-03,travel,JAL,PRJ-0001,CorporateCard,False,True,1,3560,EUR,162.0,0.1,0.05,SRC-00040880
EXP-040881,EMP-0204,Procurement,2026-10-04,other,Courier Service,PRJ-0004,BankTransfer,True,True,2,18279,JPY,1.0,0.08,0.0,SRC-00040881
EXP-040882,EMP-0217,HR,2026-11-05,accommodation,Hotel Group C,PRJ-0007,EmployeeReimbursement,True,True,2,19082,USD,150.0,0.1,0.0,SRC-00040882
EXP-040883,EMP-0230,IT,2026-12-06,meal,Business Dining,PRJ-0010,Cash,True,True,4,5889,EUR,162.0,0.1,0.0,SRC-00040883
EXP-040884,EMP-0243,Engineering,2026-01-07,travel,JR East,PRJ-0013,CorporateCard,False,True,1,4108,JPY,1.0,0.1,0.0,SRC-00040884
EXP-040885,EMP-0006,Sales,2026-02-08,other,Office Supply Co,PRJ-0016,BankTransfer,True,True,1,515,USD,150.0,0.08,0.0,SRC-00040885
EXP-040886,EMP-0019,Legal,2026-03-09,accommodation,Hotel Group C,PRJ-0019,EmployeeReimbursement,True,True,3,19486,EUR,162.0,0.1,0.0,SRC-00040886
EXP-040887,EMP-0032,Operations,2026-04-10,meal,Cafe Central,PRJ-0022,Cash,True,True,4,6221,JPY,1.0,0.1,0.05,SRC-00040887
EXP-040888,EMP-0045,Finance,2026-05-11,travel,Railway Services,PRJ-0025,CorporateCard,False,True,1,4656,USD,150.0,0.1,0.0,SRC-00040888
EXP-040889,EMP-0058,Procurement,2026-06-12,other,Misc Services,PRJ-0028,BankTransfer,True,True,5,751,EUR,162.0,0.08,0.0,SRC-00040889
EXP-040890,EMP-0071,HR,2026-07-13,accommodation,Hotel Group C,PRJ-0031,EmployeeReimbursement,True,True,1,19890,JPY,1.0,0.1,0.0,SRC-00040890
EXP-040891,EMP-0084,IT,2026-08-14,meal,Restaurant B,PRJ-0034,Cash,True,True,4,6553,USD,150.0,0.1,0.0,SRC-00040891
EXP-040892,EMP-0097,Engineering,2026-09-15,travel,JAL,PRJ-0037,CorporateCard,False,True,1,5204,EUR,162.0,0.1,0.0,SRC-00040892
EXP-040893,EMP-0110,Sales,2026-10-16,other,Printing Co,PRJ-0040,BankTransfer,True,True,4,987,JPY,1.0,0.08,0.0,SRC-00040893
EXP-040894,EMP-0123,Legal,2026-11-17,accommodation,Hotel Group C,PRJ-0043,EmployeeReimbursement,True,True,2,20294,USD,150.0,0.1,0.05,SRC-00040894
EXP-040895,EMP-0136,Operations,2026-12-18,meal,Restaurant A,PRJ-0046,Cash,True,True,4,6885,EUR,162.0,0.1,0.0,SRC-00040895
EXP-040896,EMP-0149,Finance,2026-01-19,travel,JR East,PRJ-0049,CorporateCard,False,True,1,5752,JPY,1.0,0.1,0.0,SRC-00040896
EXP-040897,EMP-0162,Procurement,2026-02-20,other,Software Store,PRJ-0052,BankTransfer,True,True,3,1223,USD,150.0,0.08,0.0,SRC-00040897
EXP-040898,EMP-0175,HR,2026-03-21,accommodation,Hotel Group C,PRJ-0055,EmployeeReimbursement,True,True,3,20698,EUR,162.0,0.1,0.0,SRC-00040898
EXP-040899,EMP-0188,IT,2026-04-22,meal,Catering Co,PRJ-0058,Cash,True,True,4,7217,JPY,1.0,0.1,0.0,SRC-00040899
EXP-040900,EMP-0201,Engineering,2026-05-23,travel,Railway Services,PRJ-0061,CorporateCard,False,True,1,6300,USD,150.0,0.1,0.0,SRC-00040900
EXP-040901,EMP-0214,Sales,2026-06-24,other,Courier Service,PRJ-0064,BankTransfer,True,True,2,1459,EUR,162.0,0.08,0.05,SRC-00040901
EXP-040902,EMP-0227,Legal,2026-07-25,accommodation,Hotel Group C,PRJ-0067,EmployeeReimbursement,True,True,1,21102,JPY,1.0,0.1,0.0,SRC-00040902
EXP-040903,EMP-0240,Operations,2026-08-26,meal,Business Dining,PRJ-0070,Cash,True,True,4,7549,USD,150.0,0.1,0.0,SRC-00040903
EXP-040904,EMP-0003,Finance,2026-09-27,travel,JAL,PRJ-0073,CorporateCard,False,True,1,6848,EUR,162.0,0.1,0.0,SRC-00040904
EXP-040905,EMP-0016,Procurement,2026-10-01,other,Office Supply Co,PRJ-0076,BankTransfer,True,True,1,1695,JPY,1.0,0.08,0.0,SRC-00040905
EXP-040906,EMP-0029,HR,2026-11-02,accommodation,Hotel Group C,PRJ-0079,EmployeeReimbursement,True,True,2,21506,USD,150.0,0.1,0.0,SRC-00040906
EXP-040907,EMP-0042,IT,2026-12-03,meal,Cafe Central,PRJ-0082,Cash,True,True,4,7881,EUR,162.0,0.1,0.0,SRC-00040907
EXP-040908,EMP-0055,Engineering,2026-01-04,travel,JR East,PRJ-0085,CorporateCard,False,True,1,7396,JPY,1.0,0.1,0.05,SRC-00040908
EXP-040909,EMP-0068,Sales,2026-02-05,other,Misc Services,PRJ-0088,BankTransfer,True,True,5,1931,USD,150.0,0.08,0.0,SRC-00040909
EXP-040910,EMP-0081,Legal,2026-03-06,accommodation,Hotel Group C,PRJ-0091,EmployeeReimbursement,True,True,3,21910,EUR,162.0,0.1,0.0,SRC-00040910
EXP-040911,EMP-0094,Operations,2026-04-07,meal,Restaurant B,PRJ-0094,Cash,True,True,4,8213,JPY,1.0,0.1,0.0,SRC-00040911
EXP-040912,EMP-0107,Finance,2026-05-08,travel,Railway Services,PRJ-0097,CorporateCard,False,True,1,7944,USD,150.0,0.1,0.0,SRC-00040912
EXP-040913,EMP-0120,Procurement,2026-06-09,other,Printing Co,PRJ-0100,BankTransfer,True,True,4,2167,EUR,162.0,0.08,0.0,SRC-00040913
EXP-040914,EMP-0133,HR,2026-07-10,accommodation,Hotel Group C,PRJ-0103,EmployeeReimbursement,True,True,1,22314,JPY,1.0,0.1,0.0,SRC-00040914
EXP-040915,EMP-0146,IT,2026-08-11,meal,Restaurant A,PRJ-0106,Cash,True,True,4,8545,USD,150.0,0.1,0.05,SRC-00040915
EXP-040916,EMP-0159,Engineering,2026-09-12,travel,JAL,PRJ-0109,CorporateCard,False,True,1,8492,EUR,162.0,0.1,0.0,SRC-00040916
EXP-040917,EMP-0172,Sales,2026-10-13,other,Software Store,PRJ-0112,BankTransfer,True,True,3,2403,JPY,1.0,0.08,0.0,SRC-00040917
EXP-040918,EMP-0185,Legal,2026-11-14,accommodation,Hotel Group C,PRJ-0115,EmployeeReimbursement,True,True,2,22718,USD,150.0,0.1,0.0,SRC-00040918
EXP-040919,EMP-0198,Operations,2026-12-15,meal,Catering Co,PRJ-0118,Cash,True,True,4,8877,EUR,162.0,0.1,0.0,SRC-00040919
EXP-040920,EMP-0211,Finance,2026-01-16,travel,JR East,PRJ-0001,CorporateCard,False,True,1,9040,JPY,1.0,0.1,0.0,SRC-00040920
EXP-040921,EMP-0224,Procurement,2026-02-17,other,Courier Service,PRJ-0004,BankTransfer,True,True,2,2639,USD,150.0,0.08,0.0,SRC-00040921
EXP-040922,EMP-0237,HR,2026-03-18,accommodation,Hotel Group C,PRJ-0007,EmployeeReimbursement,True,True,3,23122,EUR,162.0,0.1,0.05,SRC-00040922
EXP-040923,EMP-0250,IT,2026-04-19,meal,Business Dining,PRJ-0010,Cash,True,True,4,9209,JPY,1.0,0.1,0.0,SRC-00040923
EXP-040924,EMP-0013,Engineering,2026-05-20,travel,Railway Services,PRJ-0013,CorporateCard,False,True,1,9588,USD,150.0,0.1,0.0,SRC-00040924
EXP-040925,EMP-0026,Sales,2026-06-21,other,Office Supply Co,PRJ-0016,BankTransfer,True,True,1,2875,EUR,162.0,0.08,0.0,SRC-00040925
EXP-040926,EMP-0039,Legal,2026-07-22,accommodation,Hotel Group C,PRJ-0019,EmployeeReimbursement,True,True,1,23526,JPY,1.0,0.1,0.0,SRC-00040926
EXP-040927,EMP-0052,Operations,2026-08-23,meal,Cafe Central,PRJ-0022,Cash,True,True,4,9541,USD,150.0,0.1,0.0,SRC-00040927
EXP-040928,EMP-0065,Finance,2026-09-24,travel,JAL,PRJ-0025,CorporateCard,False,True,1,10136,EUR,162.0,0.1,0.0,SRC-00040928
EXP-040929,EMP-0078,Procurement,2026-10-25,other,Misc Services,PRJ-0028,BankTransfer,True,True,5,3111,JPY,1.0,0.08,0.05,SRC-00040929
EXP-040930,EMP-0091,HR,2026-11-26,accommodation,Hotel Group C,PRJ-0031,EmployeeReimbursement,True,True,2,23930,USD,150.0,0.1,0.0,SRC-00040930
EXP-040931,EMP-0104,IT,2026-12-27,meal,Restaurant B,PRJ-0034,Cash,True,True,4,9873,EUR,162.0,0.1,0.0,SRC-00040931
EXP-040932,EMP-0117,Engineering,2026-01-01,travel,JR East,PRJ-0037,CorporateCard,False,True,1,10684,JPY,1.0,0.1,0.0,SRC-00040932
EXP-040933,EMP-0130,Sales,2026-02-02,other,Printing Co,PRJ-0040,BankTransfer,True,True,4,3347,USD,150.0,0.08,0.0,SRC-00040933
EXP-040934,EMP-0143,Legal,2026-03-03,accommodation,Hotel Group C,PRJ-0043,EmployeeReimbursement,True,True,3,24334,EUR,162.0,0.1,0.0,SRC-00040934
EXP-040935,EMP-0156,Operations,2026-04-04,meal,Restaurant A,PRJ-0046,Cash,True,True,4,10205,JPY,1.0,0.1,0.0,SRC-00040935
EXP-040936,EMP-0169,Finance,2026-05-05,travel,Railway Services,PRJ-0049,CorporateCard,False,True,1,11232,USD,150.0,0.1,0.05,SRC-00040936
EXP-040937,EMP-0182,Procurement,2026-06-06,other,Software Store,PRJ-0052,BankTransfer,True,True,3,3583,EUR,162.0,0.08,0.0,SRC-00040937
EXP-040938,EMP-0195,HR,2026-07-07,accommodation,Hotel Group C,PRJ-0055,EmployeeReimbursement,True,True,1,24738,JPY,1.0,0.1,0.0,SRC-00040938
EXP-040939,EMP-0208,IT,2026-08-08,meal,Catering Co,PRJ-0058,Cash,True,True,4,10537,USD,150.0,0.1,0.0,SRC-00040939
EXP-040940,EMP-0221,Engineering,2026-09-09,travel,JAL,PRJ-0061,CorporateCard,False,True,1,11780,EUR,162.0,0.1,0.0,SRC-00040940
EXP-040941,EMP-0234,Sales,2026-10-10,other,Courier Service,PRJ-0064,BankTransfer,True,True,2,3819,JPY,1.0,0.08,0.0,SRC-00040941
EXP-040942,EMP-0247,Legal,2026-11-11,accommodation,Hotel Group C,PRJ-0067,EmployeeReimbursement,True,True,2,25142,USD,150.0,0.1,0.0,SRC-00040942
EXP-040943,EMP-0010,Operations,2026-12-12,meal,Business Dining,PRJ-0070,Cash,True,True,4,10869,EUR,162.0,0.1,0.05,SRC-00040943
EXP-040944,EMP-0023,Finance,2026-01-13,travel,JR East,PRJ-0073,CorporateCard,False,True,1,12328,JPY,1.0,0.1,0.0,SRC-00040944
EXP-040945,EMP-0036,Procurement,2026-02-14,other,Office Supply Co,PRJ-0076,BankTransfer,True,True,1,4055,USD,150.0,0.08,0.0,SRC-00040945
EXP-040946,EMP-0049,HR,2026-03-15,accommodation,Hotel Group C,PRJ-0079,EmployeeReimbursement,True,True,3,25546,EUR,162.0,0.1,0.0,SRC-00040946
EXP-040947,EMP-0062,IT,2026-04-16,meal,Cafe Central,PRJ-0082,Cash,True,True,4,11201,JPY,1.0,0.1,0.0,SRC-00040947
EXP-040948,EMP-0075,Engineering,2026-05-17,travel,Railway Services,PRJ-0085,CorporateCard,False,True,1,12876,USD,150.0,0.1,0.0,SRC-00040948
EXP-040949,EMP-0088,Sales,2026-06-18,other,Misc Services,PRJ-0088,BankTransfer,True,True,5,4291,EUR,162.0,0.08,0.0,SRC-00040949
EXP-040950,EMP-0101,Legal,2026-07-19,accommodation,Hotel Group C,PRJ-0091,EmployeeReimbursement,True,True,1,25950,JPY,1.0,0.1,0.05,SRC-00040950
EXP-040951,EMP-0114,Operations,2026-08-20,meal,Restaurant B,PRJ-0094,Cash,True,True,4,11533,USD,150.0,0.1,0.0,SRC-00040951
EXP-040952,EMP-0127,Finance,2026-09-21,travel,JAL,PRJ-0097,CorporateCard,False,True,1,13424,EUR,162.0,0.1,0.0,SRC-00040952
EXP-040953,EMP-0140,Procurement,2026-10-22,other,Printing Co,PRJ-0100,BankTransfer,True,True,4,4527,JPY,1.0,0.08,0.0,SRC-00040953
EXP-040954,EMP-0153,HR,2026-11-23,accommodation,Hotel Group C,PRJ-0103,EmployeeReimbursement,True,True,2,26354,USD,150.0,0.1,0.0,SRC-00040954
EXP-040955,EMP-0166,IT,2026-12-24,meal,Restaurant A,PRJ-0106,Cash,True,True,4,11865,EUR,162.0,0.1,0.0,SRC-00040955
EXP-040956,EMP-0179,Engineering,2026-01-25,travel,JR East,PRJ-0109,CorporateCard,False,True,1,13972,JPY,1.0,0.1,0.0,SRC-00040956
EXP-040957,EMP-0192,Sales,2026-02-26,other,Software Store,PRJ-0112,BankTransfer,True,True,3,4763,USD,150.0,0.08,0.05,SRC-00040957
EXP-040958,EMP-0205,Legal,2026-03-27,accommodation,Hotel Group C,PRJ-0115,EmployeeReimbursement,True,True,3,26758,EUR,162.0,0.1,0.0,SRC-00040958
EXP-040959,EMP-0218,Operations,2026-04-01,meal,Catering Co,PRJ-0118,Cash,True,True,4,12197,JPY,1.0,0.1,0.0,SRC-00040959
EXP-040960,EMP-0231,Finance,2026-05-02,travel,Railway Services,PRJ-0001,CorporateCard,False,True,1,14520,USD,150.0,0.1,0.0,SRC-00040960
EXP-040961,EMP-0244,Procurement,2026-06-03,other,Courier Service,PRJ-0004,BankTransfer,True,True,2,4999,EUR,162.0,0.08,0.0,SRC-00040961
EXP-040962,EMP-0007,HR,2026-07-04,accommodation,Hotel Group C,PRJ-0007,EmployeeReimbursement,True,True,1,27162,JPY,1.0,0.1,0.0,SRC-00040962
EXP-040963,EMP-0020,IT,2026-08-05,meal,Business Dining,PRJ-0010,Cash,True,True,4,12529,USD,150.0,0.1,0.0,SRC-00040963
EXP-040964,EMP-0033,Engineering,2026-09-06,travel,JAL,PRJ-0013,CorporateCard,False,True,1,15068,EUR,162.0,0.1,0.05,SRC-00040964
EXP-040965,EMP-0046,Sales,2026-10-07,other,Office Supply Co,PRJ-0016,BankTransfer,True,True,1,5235,JPY,1.0,0.08,0.0,SRC-00040965
EXP-040966,EMP-0059,Legal,2026-11-08,accommodation,Hotel Group C,PRJ-0019,EmployeeReimbursement,True,True,2,27566,USD,150.0,0.1,0.0,SRC-00040966
EXP-040967,EMP-0072,Operations,2026-12-09,meal,Cafe Central,PRJ-0022,Cash,True,True,4,12861,EUR,162.0,0.1,0.0,SRC-00040967
EXP-040968,EMP-0085,Finance,2026-01-10,travel,JR East,PRJ-0025,CorporateCard,False,True,1,15616,JPY,1.0,0.1,0.0,SRC-00040968
EXP-040969,EMP-0098,Procurement,2026-02-11,other,Misc Services,PRJ-0028,BankTransfer,True,True,5,5471,USD,150.0,0.08,0.0,SRC-00040969
EXP-040970,EMP-0111,HR,2026-03-12,accommodation,Hotel Group C,PRJ-0031,EmployeeReimbursement,True,True,3,27970,EUR,162.0,0.1,0.0,SRC-00040970
EXP-040971,EMP-0124,IT,2026-04-13,meal,Restaurant B,PRJ-0034,Cash,True,True,4,13193,JPY,1.0,0.1,0.05,SRC-00040971
EXP-040972,EMP-0137,Engineering,2026-05-14,travel,Railway Services,PRJ-0037,CorporateCard,False,True,1,16164,USD,150.0,0.1,0.0,SRC-00040972
EXP-040973,EMP-0150,Sales,2026-06-15,other,Printing Co,PRJ-0040,BankTransfer,True,True,4,5707,EUR,162.0,0.08,0.0,SRC-00040973
EXP-040974,EMP-0163,Legal,2026-07-16,accommodation,Hotel Group C,PRJ-0043,EmployeeReimbursement,True,True,1,28374,JPY,1.0,0.1,0.0,SRC-00040974
EXP-040975,EMP-0176,Operations,2026-08-17,meal,Restaurant A,PRJ-0046,Cash,True,True,4,13525,USD,150.0,0.1,0.0,SRC-00040975
EXP-040976,EMP-0189,Finance,2026-09-18,travel,JAL,PRJ-0049,CorporateCard,False,True,1,16712,EUR,162.0,0.1,0.0,SRC-00040976
EXP-040977,EMP-0202,Procurement,2026-10-19,other,Software Store,PRJ-0052,BankTransfer,True,True,3,5943,JPY,1.0,0.08,0.0,SRC-00040977
EXP-040978,EMP-0215,HR,2026-11-20,accommodation,Hotel Group C,PRJ-0055,EmployeeReimbursement,True,True,2,28778,USD,150.0,0.1,0.05,SRC-00040978
EXP-040979,EMP-0228,IT,2026-12-21,meal,Catering Co,PRJ-0058,Cash,True,True,4,13857,EUR,162.0,0.1,0.0,SRC-00040979
EXP-040980,EMP-0241,Engineering,2026-01-22,travel,JR East,PRJ-0061,CorporateCard,False,True,1,17260,JPY,1.0,0.1,0.0,SRC-00040980
EXP-040981,EMP-0004,Sales,2026-02-23,other,Courier Service,PRJ-0064,BankTransfer,True,True,2,6179,USD,150.0,0.08,0.0,SRC-00040981
EXP-040982,EMP-0017,Legal,2026-03-24,accommodation,Hotel Group C,PRJ-0067,EmployeeReimbursement,True,True,3,29182,EUR,162.0,0.1,0.0,SRC-00040982
EXP-040983,EMP-0030,Operations,2026-04-25,meal,Business Dining,PRJ-0070,Cash,True,True,4,14189,JPY,1.0,0.1,0.0,SRC-00040983
EXP-040984,EMP-0043,Finance,2026-05-26,travel,Railway Services,PRJ-0073,CorporateCard,False,True,1,17808,USD,150.0,0.1,0.0,SRC-00040984
EXP-040985,EMP-0056,Procurement,2026-06-27,other,Office Supply Co,PRJ-0076,BankTransfer,True,True,1,6415,EUR,162.0,0.08,0.05,SRC-00040985
EXP-040986,EMP-0069,HR,2026-07-01,accommodation,Hotel Group C,PRJ-0079,EmployeeReimbursement,True,True,1,29586,JPY,1.0,0.1,0.0,SRC-00040986
EXP-040987,EMP-0082,IT,2026-08-02,meal,Cafe Central,PRJ-0082,Cash,True,True,4,14521,USD,150.0,0.1,0.0,SRC-00040987
EXP-040988,EMP-0095,Engineering,2026-09-03,travel,JAL,PRJ-0085,CorporateCard,False,True,1,18356,EUR,162.0,0.1,0.0,SRC-00040988
EXP-040989,EMP-0108,Sales,2026-10-04,other,Misc Services,PRJ-0088,BankTransfer,True,True,5,6651,JPY,1.0,0.08,0.0,SRC-00040989
EXP-040990,EMP-0121,Legal,2026-11-05,accommodation,Hotel Group C,PRJ-0091,EmployeeReimbursement,True,True,2,29990,USD,150.0,0.1,0.0,SRC-00040990
EXP-040991,EMP-0134,Operations,2026-12-06,meal,Restaurant B,PRJ-0094,Cash,True,True,4,853,EUR,162.0,0.1,0.0,SRC-00040991
EXP-040992,EMP-0147,Finance,2026-01-07,travel,JR East,PRJ-0097,CorporateCard,False,True,1,18904,JPY,1.0,0.1,0.05,SRC-00040992
EXP-040993,EMP-0160,Procurement,2026-02-08,other,Printing Co,PRJ-0100,BankTransfer,True,True,4,6887,USD,150.0,0.08,0.0,SRC-00040993
EXP-040994,EMP-0173,HR,2026-03-09,accommodation,Hotel Group C,PRJ-0103,EmployeeReimbursement,True,True,3,30394,EUR,162.0,0.1,0.0,SRC-00040994
EXP-040995,EMP-0186,IT,2026-04-10,meal,Restaurant A,PRJ-0106,Cash,True,True,4,1185,JPY,1.0,0.1,0.0,SRC-00040995
EXP-040996,EMP-0199,Engineering,2026-05-11,travel,Railway Services,PRJ-0109,CorporateCard,False,True,1,19452,USD,150.0,0.1,0.0,SRC-00040996
EXP-040997,EMP-0212,Sales,2026-06-12,other,Software Store,PRJ-0112,BankTransfer,True,True,3,7123,EUR,162.0,0.08,0.0,SRC-00040997
EXP-040998,EMP-0225,Legal,2026-07-13,accommodation,Hotel Group C,PRJ-0115,EmployeeReimbursement,True,True,1,30798,JPY,1.0,0.1,0.0,SRC-00040998
EXP-040999,EMP-0238,Operations,2026-08-14,meal,Catering Co,PRJ-0118,Cash,True,True,4,1517,USD,150.0,0.1,0.05,SRC-00040999
EXP-041000,EMP-0001,Finance,2026-09-15,travel,JAL,PRJ-0001,CorporateCard,False,True,1,20000,EUR,162.0,0.1,0.0,SRC-00041000
EXP-041001,EMP-0014,Procurement,2026-10-16,other,Courier Service,PRJ-0004,BankTransfer,True,True,2,7359,JPY,1.0,0.08,0.0,SRC-00041001
EXP-041002,EMP-0027,HR,2026-11-17,accommodation,Hotel Group C,PRJ-0007,EmployeeReimbursement,True,True,2,31202,USD,150.0,0.1,0.0,SRC-00041002
EXP-041003,EMP-0040,IT,2026-12-18,meal,Business Dining,PRJ-0010,Cash,True,True,4,1849,EUR,162.0,0.1,0.0,SRC-00041003
EXP-041004,EMP-0053,Engineering,2026-01-19,travel,JR East,PRJ-0013,CorporateCard,False,True,1,20548,JPY,1.0,0.1,0.0,SRC-00041004
EXP-041005,EMP-0066,Sales,2026-02-20,other,Office Supply Co,PRJ-0016,BankTransfer,True,True,1,7595,USD,150.0,0.08,0.0,SRC-00041005
EXP-041006,EMP-0079,Legal,2026-03-21,accommodation,Hotel Group C,PRJ-0019,EmployeeReimbursement,True,True,3,31606,EUR,162.0,0.1,0.05,SRC-00041006
EXP-041007,EMP-0092,Operations,2026-04-22,meal,Cafe Central,PRJ-0022,Cash,True,True,4,2181,JPY,1.0,0.1,0.0,SRC-00041007
EXP-041008,EMP-0105,Finance,2026-05-23,travel,Railway Services,PRJ-0025,CorporateCard,False,True,1,21096,USD,150.0,0.1,0.0,SRC-00041008
EXP-041009,EMP-0118,Procurement,2026-06-24,other,Misc Services,PRJ-0028,BankTransfer,True,True,5,7831,EUR,162.0,0.08,0.0,SRC-00041009
EXP-041010,EMP-0131,HR,2026-07-25,accommodation,Hotel Group C,PRJ-0031,EmployeeReimbursement,True,True,1,32010,JPY,1.0,0.1,0.0,SRC-00041010
EXP-041011,EMP-0144,IT,2026-08-26,meal,Restaurant B,PRJ-0034,Cash,True,True,4,2513,USD,150.0,0.1,0.0,SRC-00041011
EXP-041012,EMP-0157,Engineering,2026-09-27,travel,JAL,PRJ-0037,CorporateCard,False,True,1,21644,EUR,162.0,0.1,0.0,SRC-00041012
EXP-041013,EMP-0170,Sales,2026-10-01,other,Printing Co,PRJ-0040,BankTransfer,True,True,4,8067,JPY,1.0,0.08,0.05,SRC-00041013
EXP-041014,EMP-0183,Legal,2026-11-02,accommodation,Hotel Group C,PRJ-0043,EmployeeReimbursement,True,True,2,32414,USD,150.0,0.1,0.0,SRC-00041014
EXP-041015,EMP-0196,Operations,2026-12-03,meal,Restaurant A,PRJ-0046,Cash,True,True,4,2845,EUR,162.0,0.1,0.0,SRC-00041015
EXP-041016,EMP-0209,Finance,2026-01-04,travel,JR East,PRJ-0049,CorporateCard,False,True,1,22192,JPY,1.0,0.1,0.0,SRC-00041016
EXP-041017,EMP-0222,Procurement,2026-02-05,other,Software Store,PRJ-0052,BankTransfer,True,True,3,8303,USD,150.0,0.08,0.0,SRC-00041017
EXP-041018,EMP-0235,HR,2026-03-06,accommodation,Hotel Group C,PRJ-0055,EmployeeReimbursement,True,True,3,32818,EUR,162.0,0.1,0.0,SRC-00041018
EXP-041019,EMP-0248,IT,2026-04-07,meal,Catering Co,PRJ-0058,Cash,True,True,4,3177,JPY,1.0,0.1,0.0,SRC-00041019
EXP-041020,EMP-0011,Engineering,2026-05-08,travel,Railway Services,PRJ-0061,CorporateCard,False,True,1,22740,USD,150.0,0.1,0.05,SRC-00041020
EXP-041021,EMP-0024,Sales,2026-06-09,other,Courier Service,PRJ-0064,BankTransfer,True,True,2,8539,EUR,162.0,0.08,0.0,SRC-00041021
EXP-041022,EMP-0037,Legal,2026-07-10,accommodation,Hotel Group C,PRJ-0067,EmployeeReimbursement,True,True,1,33222,JPY,1.0,0.1,0.0,SRC-00041022
EXP-041023,EMP-0050,Operations,2026-08-11,meal,Business Dining,PRJ-0070,Cash,True,True,4,3509,USD,150.0,0.1,0.0,SRC-00041023
EXP-041024,EMP-0063,Finance,2026-09-12,travel,JAL,PRJ-0073,CorporateCard,False,True,1,23288,EUR,162.0,0.1,0.0,SRC-00041024
EXP-041025,EMP-0076,Procurement,2026-10-13,other,Office Supply Co,PRJ-0076,BankTransfer,True,True,1,8775,JPY,1.0,0.08,0.0,SRC-00041025
EXP-041026,EMP-0089,HR,2026-11-14,accommodation,Hotel Group C,PRJ-0079,EmployeeReimbursement,True,True,2,33626,USD,150.0,0.1,0.0,SRC-00041026
EXP-041027,EMP-0102,IT,2026-12-15,meal,Cafe Central,PRJ-0082,Cash,True,True,4,3841,EUR,162.0,0.1,0.05,SRC-00041027
EXP-041028,EMP-0115,Engineering,2026-01-16,travel,JR East,PRJ-0085,CorporateCard,False,True,1,23836,JPY,1.0,0.1,0.0,SRC-00041028
EXP-041029,EMP-0128,Sales,2026-02-17,other,Misc Services,PRJ-0088,BankTransfer,True,True,5,9011,USD,150.0,0.08,0.0,SRC-00041029
EXP-041030,EMP-0141,Legal,2026-03-18,accommodation,Hotel Group C,PRJ-0091,EmployeeReimbursement,True,True,3,6030,EUR,162.0,0.1,0.0,SRC-00041030
EXP-041031,EMP-0154,Operations,2026-04-19,meal,Restaurant B,PRJ-0094,Cash,True,True,4,4173,JPY,1.0,0.1,0.0,SRC-00041031
EXP-041032,EMP-0167,Finance,2026-05-20,travel,Railway Services,PRJ-0097,CorporateCard,False,True,1,24384,USD,150.0,0.1,0.0,SRC-00041032
EXP-041033,EMP-0180,Procurement,2026-06-21,other,Printing Co,PRJ-0100,BankTransfer,True,True,4,9247,EUR,162.0,0.08,0.0,SRC-00041033
EXP-041034,EMP-0193,HR,2026-07-22,accommodation,Hotel Group C,PRJ-0103,EmployeeReimbursement,True,True,1,6434,JPY,1.0,0.1,0.05,SRC-00041034
EXP-041035,EMP-0206,IT,2026-08-23,meal,Restaurant A,PRJ-0106,Cash,True,True,4,4505,USD,150.0,0.1,0.0,SRC-00041035
EXP-041036,EMP-0219,Engineering,2026-09-24,travel,JAL,PRJ-0109,CorporateCard,False,True,1,24932,EUR,162.0,0.1,0.0,SRC-00041036
EXP-041037,EMP-0232,Sales,2026-10-25,other,Software Store,PRJ-0112,BankTransfer,True,True,3,9483,JPY,1.0,0.08,0.0,SRC-00041037
EXP-041038,EMP-0245,Legal,2026-11-26,accommodation,Hotel Group C,PRJ-0115,EmployeeReimbursement,True,True,2,6838,USD,150.0,0.1,0.0,SRC-00041038
EXP-041039,EMP-0008,Operations,2026-12-27,meal,Catering Co,PRJ-0118,Cash,True,True,4,4837,EUR,162.0,0.1,0.0,SRC-00041039
EXP-041040,EMP-0021,Finance,2026-01-01,travel,JR East,PRJ-0001,CorporateCard,False,True,1,25480,JPY,1.0,0.1,0.0,SRC-00041040
EXP-041041,EMP-0034,Procurement,2026-02-02,other,Courier Service,PRJ-0004,BankTransfer,True,True,2,9719,USD,150.0,0.08,0.05,SRC-00041041
EXP-041042,EMP-0047,HR,2026-03-03,accommodation,Hotel Group C,PRJ-0007,EmployeeReimbursement,True,True,3,7242,EUR,162.0,0.1,0.0,SRC-00041042
EXP-041043,EMP-0060,IT,2026-04-04,meal,Business Dining,PRJ-0010,Cash,True,True,4,5169,JPY,1.0,0.1,0.0,SRC-00041043
EXP-041044,EMP-0073,Engineering,2026-05-05,travel,Railway Services,PRJ-0013,CorporateCard,False,True,1,26028,USD,150.0,0.1,0.0,SRC-00041044
EXP-041045,EMP-0086,Sales,2026-06-06,other,Office Supply Co,PRJ-0016,BankTransfer,True,True,1,9955,EUR,162.0,0.08,0.0,SRC-00041045
EXP-041046,EMP-0099,Legal,2026-07-07,accommodation,Hotel Group C,PRJ-0019,EmployeeReimbursement,True,True,1,7646,JPY,1.0,0.1,0.0,SRC-00041046
EXP-041047,EMP-0112,Operations,2026-08-08,meal,Cafe Central,PRJ-0022,Cash,True,True,4,5501,USD,150.0,0.1,0.0,SRC-00041047
EXP-041048,EMP-0125,Finance,2026-09-09,travel,JAL,PRJ-0025,CorporateCard,False,True,1,26576,EUR,162.0,0.1,0.05,SRC-00041048
EXP-041049,EMP-0138,Procurement,2026-10-10,other,Misc Services,PRJ-0028,BankTransfer,True,True,5,10191,JPY,1.0,0.08,0.0,SRC-00041049
EXP-041050,EMP-0151,HR,2026-11-11,accommodation,Hotel Group C,PRJ-0031,EmployeeReimbursement,True,True,2,8050,USD,150.0,0.1,0.0,SRC-00041050
EXP-041051,EMP-0164,IT,2026-12-12,meal,Restaurant B,PRJ-0034,Cash,True,True,4,5833,EUR,162.0,0.1,0.0,SRC-00041051
EXP-041052,EMP-0177,Engineering,2026-01-13,travel,JR East,PRJ-0037,CorporateCard,False,True,1,27124,JPY,1.0,0.1,0.0,SRC-00041052
EXP-041053,EMP-0190,Sales,2026-02-14,other,Printing Co,PRJ-0040,BankTransfer,True,True,4,10427,USD,150.0,0.08,0.0,SRC-00041053
EXP-041054,EMP-0203,Legal,2026-03-15,accommodation,Hotel Group C,PRJ-0043,EmployeeReimbursement,True,True,3,8454,EUR,162.0,0.1,0.0,SRC-00041054
EXP-041055,EMP-0216,Operations,2026-04-16,meal,Restaurant A,PRJ-0046,Cash,True,True,4,6165,JPY,1.0,0.1,0.05,SRC-00041055
EXP-041056,EMP-0229,Finance,2026-05-17,travel,Railway Services,PRJ-0049,CorporateCard,False,True,1,27672,USD,150.0,0.1,0.0,SRC-00041056
EXP-041057,EMP-0242,Procurement,2026-06-18,other,Software Store,PRJ-0052,BankTransfer,True,True,3,10663,EUR,162.0,0.08,0.0,SRC-00041057
EXP-041058,EMP-0005,HR,2026-07-19,accommodation,Hotel Group C,PRJ-0055,EmployeeReimbursement,True,True,1,8858,JPY,1.0,0.1,0.0,SRC-00041058
EXP-041059,EMP-0018,IT,2026-08-20,meal,Catering Co,PRJ-0058,Cash,True,True,4,6497,USD,150.0,0.1,0.0,SRC-00041059
EXP-041060,EMP-0031,Engineering,2026-09-21,travel,JAL,PRJ-0061,CorporateCard,False,True,1,28220,EUR,162.0,0.1,0.0,SRC-00041060
EXP-041061,EMP-0044,Sales,2026-10-22,other,Courier Service,PRJ-0064,BankTransfer,True,True,2,10899,JPY,1.0,0.08,0.0,SRC-00041061
EXP-041062,EMP-0057,Legal,2026-11-23,accommodation,Hotel Group C,PRJ-0067,EmployeeReimbursement,True,True,2,9262,USD,150.0,0.1,0.05,SRC-00041062
EXP-041063,EMP-0070,Operations,2026-12-24,meal,Business Dining,PRJ-0070,Cash,True,True,4,6829,EUR,162.0,0.1,0.0,SRC-00041063
EXP-041064,EMP-0083,Finance,2026-01-25,travel,JR East,PRJ-0073,CorporateCard,False,True,1,28768,JPY,1.0,0.1,0.0,SRC-00041064
EXP-041065,EMP-0096,Procurement,2026-02-26,other,Office Supply Co,PRJ-0076,BankTransfer,True,True,1,11135,USD,150.0,0.08,0.0,SRC-00041065
EXP-041066,EMP-0109,HR,2026-03-27,accommodation,Hotel Group C,PRJ-0079,EmployeeReimbursement,True,True,3,9666,EUR,162.0,0.1,0.0,SRC-00041066
EXP-041067,EMP-0122,IT,2026-04-01,meal,Cafe Central,PRJ-0082,Cash,True,True,4,7161,JPY,1.0,0.1,0.0,SRC-00041067
EXP-041068,EMP-0135,Engineering,2026-05-02,travel,Railway Services,PRJ-0085,CorporateCard,False,True,1,29316,USD,150.0,0.1,0.0,SRC-00041068
EXP-041069,EMP-0148,Sales,2026-06-03,other,Misc Services,PRJ-0088,BankTransfer,True,True,5,11371,EUR,162.0,0.08,0.05,SRC-00041069
EXP-041070,EMP-0161,Legal,2026-07-04,accommodation,Hotel Group C,PRJ-0091,EmployeeReimbursement,True,True,1,10070,JPY,1.0,0.1,0.0,SRC-00041070
EXP-041071,EMP-0174,Operations,2026-08-05,meal,Restaurant B,PRJ-0094,Cash,True,True,4,7493,USD,150.0,0.1,0.0,SRC-00041071
EXP-041072,EMP-0187,Finance,2026-09-06,travel,JAL,PRJ-0097,CorporateCard,False,True,1,29864,EUR,162.0,0.1,0.0,SRC-00041072
EXP-041073,EMP-0200,Procurement,2026-10-07,other,Printing Co,PRJ-0100,BankTransfer,True,True,4,11607,JPY,1.0,0.08,0.0,SRC-00041073
EXP-041074,EMP-0213,HR,2026-11-08,accommodation,Hotel Group C,PRJ-0103,EmployeeReimbursement,True,True,2,10474,USD,150.0,0.1,0.0,SRC-00041074
EXP-041075,EMP-0226,IT,2026-12-09,meal,Restaurant A,PRJ-0106,Cash,True,True,4,7825,EUR,162.0,0.1,0.0,SRC-00041075
EXP-041076,EMP-0239,Engineering,2026-01-10,travel,JR East,PRJ-0109,CorporateCard,False,True,1,30412,JPY,1.0,0.1,0.05,SRC-00041076
EXP-041077,EMP-0002,Sales,2026-02-11,other,Software Store,PRJ-0112,BankTransfer,True,True,3,11843,USD,150.0,0.08,0.0,SRC-00041077
EXP-041078,EMP-0015,Legal,2026-03-12,accommodation,Hotel Group C,PRJ-0115,EmployeeReimbursement,True,True,3,10878,EUR,162.0,0.1,0.0,SRC-00041078
EXP-041079,EMP-0028,Operations,2026-04-13,meal,Catering Co,PRJ-0118,Cash,True,True,4,8157,JPY,1.0,0.1,0.0,SRC-00041079
EXP-041080,EMP-0041,Finance,2026-05-14,travel,Railway Services,PRJ-0001,CorporateCard,False,True,1,30960,USD,150.0,0.1,0.0,SRC-00041080
EXP-041081,EMP-0054,Procurement,2026-06-15,other,Courier Service,PRJ-0004,BankTransfer,True,True,2,12079,EUR,162.0,0.08,0.0,SRC-00041081
EXP-041082,EMP-0067,HR,2026-07-16,accommodation,Hotel Group C,PRJ-0007,EmployeeReimbursement,True,True,1,11282,JPY,1.0,0.1,0.0,SRC-00041082
EXP-041083,EMP-0080,IT,2026-08-17,meal,Business Dining,PRJ-0010,Cash,True,True,4,8489,USD,150.0,0.1,0.05,SRC-00041083
EXP-041084,EMP-0093,Engineering,2026-09-18,travel,JAL,PRJ-0013,CorporateCard,False,True,1,31508,EUR,162.0,0.1,0.0,SRC-00041084
EXP-041085,EMP-0106,Sales,2026-10-19,other,Office Supply Co,PRJ-0016,BankTransfer,True,True,1,12315,JPY,1.0,0.08,0.0,SRC-00041085
EXP-041086,EMP-0119,Legal,2026-11-20,accommodation,Hotel Group C,PRJ-0019,EmployeeReimbursement,True,True,2,11686,USD,150.0,0.1,0.0,SRC-00041086
EXP-041087,EMP-0132,Operations,2026-12-21,meal,Cafe Central,PRJ-0022,Cash,True,True,4,8821,EUR,162.0,0.1,0.0,SRC-00041087
EXP-041088,EMP-0145,Finance,2026-01-22,travel,JR East,PRJ-0025,CorporateCard,False,True,1,32056,JPY,1.0,0.1,0.0,SRC-00041088
EXP-041089,EMP-0158,Procurement,2026-02-23,other,Misc Services,PRJ-0028,BankTransfer,True,True,5,12551,USD,150.0,0.08,0.0,SRC-00041089
EXP-041090,EMP-0171,HR,2026-03-24,accommodation,Hotel Group C,PRJ-0031,EmployeeReimbursement,True,True,3,12090,EUR,162.0,0.1,0.05,SRC-00041090
EXP-041091,EMP-0184,IT,2026-04-25,meal,Restaurant B,PRJ-0034,Cash,True,True,4,9153,JPY,1.0,0.1,0.0,SRC-00041091
EXP-041092,EMP-0197,Engineering,2026-05-26,travel,Railway Services,PRJ-0037,CorporateCard,False,True,1,32604,USD,150.0,0.1,0.0,SRC-00041092
EXP-041093,EMP-0210,Sales,2026-06-27,other,Printing Co,PRJ-0040,BankTransfer,True,True,4,12787,EUR,162.0,0.08,0.0,SRC-00041093
EXP-041094,EMP-0223,Legal,2026-07-01,accommodation,Hotel Group C,PRJ-0043,EmployeeReimbursement,True,True,1,12494,JPY,1.0,0.1,0.0,SRC-00041094
EXP-041095,EMP-0236,Operations,2026-08-02,meal,Restaurant A,PRJ-0046,Cash,True,True,4,9485,USD,150.0,0.1,0.0,SRC-00041095
EXP-041096,EMP-0249,Finance,2026-09-03,travel,JAL,PRJ-0049,CorporateCard,False,True,1,33152,EUR,162.0,0.1,0.0,SRC-00041096
EXP-041097,EMP-0012,Procurement,2026-10-04,other,Software Store,PRJ-0052,BankTransfer,True,True,3,13023,JPY,1.0,0.08,0.05,SRC-00041097
EXP-041098,EMP-0025,HR,2026-11-05,accommodation,Hotel Group C,PRJ-0055,EmployeeReimbursement,True,True,2,12898,USD,150.0,0.1,0.0,SRC-00041098
EXP-041099,EMP-0038,IT,2026-12-06,meal,Catering Co,PRJ-0058,Cash,True,True,4,9817,EUR,162.0,0.1,0.0,SRC-00041099
EXP-041100,EMP-0051,Engineering,2026-01-07,travel,JR East,PRJ-0061,CorporateCard,False,True,1,33700,JPY,1.0,0.1,0.0,SRC-00041100
EXP-041101,EMP-0064,Sales,2026-02-08,other,Courier Service,PRJ-0064,BankTransfer,True,True,2,13259,USD,150.0,0.08,0.0,SRC-00041101
EXP-041102,EMP-0077,Legal,2026-03-09,accommodation,Hotel Group C,PRJ-0067,EmployeeReimbursement,True,True,3,13302,EUR,162.0,0.1,0.0,SRC-00041102
EXP-041103,EMP-0090,Operations,2026-04-10,meal,Business Dining,PRJ-0070,Cash,True,True,4,10149,JPY,1.0,0.1,0.0,SRC-00041103
EXP-041104,EMP-0103,Finance,2026-05-11,travel,Railway Services,PRJ-0073,CorporateCard,False,True,1,34248,USD,150.0,0.1,0.05,SRC-00041104
EXP-041105,EMP-0116,Procurement,2026-06-12,other,Office Supply Co,PRJ-0076,BankTransfer,True,True,1,13495,EUR,162.0,0.08,0.0,SRC-00041105
EXP-041106,EMP-0129,HR,2026-07-13,accommodation,Hotel Group C,PRJ-0079,EmployeeReimbursement,True,True,1,13706,JPY,1.0,0.1,0.0,SRC-00041106
EXP-041107,EMP-0142,IT,2026-08-14,meal,Cafe Central,PRJ-0082,Cash,True,True,4,10481,USD,150.0,0.1,0.0,SRC-00041107
EXP-041108,EMP-0155,Engineering,2026-09-15,travel,JAL,PRJ-0085,CorporateCard,False,True,1,34796,EUR,162.0,0.1,0.0,SRC-00041108
EXP-041109,EMP-0168,Sales,2026-10-16,other,Misc Services,PRJ-0088,BankTransfer,True,True,5,13731,JPY,1.0,0.08,0.0,SRC-00041109
EXP-041110,EMP-0181,Legal,2026-11-17,accommodation,Hotel Group C,PRJ-0091,EmployeeReimbursement,True,True,2,14110,USD,150.0,0.1,0.0,SRC-00041110
EXP-041111,EMP-0194,Operations,2026-12-18,meal,Restaurant B,PRJ-0094,Cash,True,True,4,10813,EUR,162.0,0.1,0.05,SRC-00041111
EXP-041112,EMP-0207,Finance,2026-01-19,travel,JR East,PRJ-0097,CorporateCard,False,True,1,35344,JPY,1.0,0.1,0.0,SRC-00041112
EXP-041113,EMP-0220,Procurement,2026-02-20,other,Printing Co,PRJ-0100,BankTransfer,True,True,4,13967,USD,150.0,0.08,0.0,SRC-00041113
EXP-041114,EMP-0233,HR,2026-03-21,accommodation,Hotel Group C,PRJ-0103,EmployeeReimbursement,True,True,3,14514,EUR,162.0,0.1,0.0,SRC-00041114
EXP-041115,EMP-0246,IT,2026-04-22,meal,Restaurant A,PRJ-0106,Cash,True,True,4,11145,JPY,1.0,0.1,0.0,SRC-00041115
EXP-041116,EMP-0009,Engineering,2026-05-23,travel,Railway Services,PRJ-0109,CorporateCard,False,True,1,35892,USD,150.0,0.1,0.0,SRC-00041116
EXP-041117,EMP-0022,Sales,2026-06-24,other,Software Store,PRJ-0112,BankTransfer,True,True,3,14203,EUR,162.0,0.08,0.0,SRC-00041117
EXP-041118,EMP-0035,Legal,2026-07-25,accommodation,Hotel Group C,PRJ-0115,EmployeeReimbursement,True,True,1,14918,JPY,1.0,0.1,0.05,SRC-00041118
EXP-041119,EMP-0048,Operations,2026-08-26,meal,Catering Co,PRJ-0118,Cash,True,True,4,11477,USD,150.0,0.1,0.0,SRC-00041119
EXP-041120,EMP-0061,Finance,2026-09-27,travel,JAL,PRJ-0001,CorporateCard,False,True,1,36440,EUR,162.0,0.1,0.0,SRC-00041120
EXP-041121,EMP-0074,Procurement,2026-10-01,other,Courier Service,PRJ-0004,BankTransfer,True,True,2,14439,JPY,1.0,0.08,0.0,SRC-00041121
EXP-041122,EMP-0087,HR,2026-11-02,accommodation,Hotel Group C,PRJ-0007,EmployeeReimbursement,True,True,2,15322,USD,150.0,0.1,0.0,SRC-00041122
EXP-041123,EMP-0100,IT,2026-12-03,meal,Business Dining,PRJ-0010,Cash,True,True,4,11809,EUR,162.0,0.1,0.0,SRC-00041123
EXP-041124,EMP-0113,Engineering,2026-01-04,travel,JR East,PRJ-0013,CorporateCard,False,True,1,36988,JPY,1.0,0.1,0.0,SRC-00041124
EXP-041125,EMP-0126,Sales,2026-02-05,other,Office Supply Co,PRJ-0016,BankTransfer,True,True,1,14675,USD,150.0,0.08,0.05,SRC-00041125
EXP-041126,EMP-0139,Legal,2026-03-06,accommodation,Hotel Group C,PRJ-0019,EmployeeReimbursement,True,True,3,15726,EUR,162.0,0.1,0.0,SRC-00041126
EXP-041127,EMP-0152,Operations,2026-04-07,meal,Cafe Central,PRJ-0022,Cash,True,True,4,12141,JPY,1.0,0.1,0.0,SRC-00041127
EXP-041128,EMP-0165,Finance,2026-05-08,travel,Railway Services,PRJ-0025,CorporateCard,False,True,1,37536,USD,150.0,0.1,0.0,SRC-00041128
EXP-041129,EMP-0178,Procurement,2026-06-09,other,Misc Services,PRJ-0028,BankTransfer,True,True,5,14911,EUR,162.0,0.08,0.0,SRC-00041129
EXP-041130,EMP-0191,HR,2026-07-10,accommodation,Hotel Group C,PRJ-0031,EmployeeReimbursement,True,True,1,16130,JPY,1.0,0.1,0.0,SRC-00041130
EXP-041131,EMP-0204,IT,2026-08-11,meal,Restaurant B,PRJ-0034,Cash,True,True,4,12473,USD,150.0,0.1,0.0,SRC-00041131
EXP-041132,EMP-0217,Engineering,2026-09-12,travel,JAL,PRJ-0037,CorporateCard,False,True,1,38084,EUR,162.0,0.1,0.05,SRC-00041132
EXP-041133,EMP-0230,Sales,2026-10-13,other,Printing Co,PRJ-0040,BankTransfer,True,True,4,15147,JPY,1.0,0.08,0.0,SRC-00041133
EXP-041134,EMP-0243,Legal,2026-11-14,accommodation,Hotel Group C,PRJ-0043,EmployeeReimbursement,True,True,2,16534,USD,150.0,0.1,0.0,SRC-00041134
EXP-041135,EMP-0006,Operations,2026-12-15,meal,Restaurant A,PRJ-0046,Cash,True,True,4,12805,EUR,162.0,0.1,0.0,SRC-00041135
EXP-041136,EMP-0019,Finance,2026-01-16,travel,JR East,PRJ-0049,CorporateCard,False,True,1,38632,JPY,1.0,0.1,0.0,SRC-00041136
EXP-041137,EMP-0032,Procurement,2026-02-17,other,Software Store,PRJ-0052,BankTransfer,True,True,3,15383,USD,150.0,0.08,0.0,SRC-00041137
EXP-041138,EMP-0045,HR,2026-03-18,accommodation,Hotel Group C,PRJ-0055,EmployeeReimbursement,True,True,3,16938,EUR,162.0,0.1,0.0,SRC-00041138
EXP-041139,EMP-0058,IT,2026-04-19,meal,Catering Co,PRJ-0058,Cash,True,True,4,13137,JPY,1.0,0.1,0.05,SRC-00041139
EXP-041140,EMP-0071,Engineering,2026-05-20,travel,Railway Services,PRJ-0061,CorporateCard,False,True,1,39180,USD,150.0,0.1,0.0,SRC-00041140
EXP-041141,EMP-0084,Sales,2026-06-21,other,Courier Service,PRJ-0064,BankTransfer,True,True,2,15619,EUR,162.0,0.08,0.0,SRC-00041141
EXP-041142,EMP-0097,Legal,2026-07-22,accommodation,Hotel Group C,PRJ-0067,EmployeeReimbursement,True,True,1,17342,JPY,1.0,0.1,0.0,SRC-00041142
EXP-041143,EMP-0110,Operations,2026-08-23,meal,Business Dining,PRJ-0070,Cash,True,True,4,13469,USD,150.0,0.1,0.0,SRC-00041143
EXP-041144,EMP-0123,Finance,2026-09-24,travel,JAL,PRJ-0073,CorporateCard,False,True,1,39728,EUR,162.0,0.1,0.0,SRC-00041144
EXP-041145,EMP-0136,Procurement,2026-10-25,other,Office Supply Co,PRJ-0076,BankTransfer,True,True,1,15855,JPY,1.0,0.08,0.0,SRC-00041145
EXP-041146,EMP-0149,HR,2026-11-26,accommodation,Hotel Group C,PRJ-0079,EmployeeReimbursement,True,True,2,17746,USD,150.0,0.1,0.05,SRC-00041146
EXP-041147,EMP-0162,IT,2026-12-27,meal,Cafe Central,PRJ-0082,Cash,True,True,4,13801,EUR,162.0,0.1,0.0,SRC-00041147
EXP-041148,EMP-0175,Engineering,2026-01-01,travel,JR East,PRJ-0085,CorporateCard,False,True,1,40276,JPY,1.0,0.1,0.0,SRC-00041148
EXP-041149,EMP-0188,Sales,2026-02-02,other,Misc Services,PRJ-0088,BankTransfer,True,True,5,16091,USD,150.0,0.08,0.0,SRC-00041149
EXP-041150,EMP-0201,Legal,2026-03-03,accommodation,Hotel Group C,PRJ-0091,EmployeeReimbursement,True,True,3,18150,EUR,162.0,0.1,0.0,SRC-00041150
EXP-041151,EMP-0214,Operations,2026-04-04,meal,Restaurant B,PRJ-0094,Cash,True,True,4,14133,JPY,1.0,0.1,0.0,SRC-00041151
EXP-041152,EMP-0227,Finance,2026-05-05,travel,Railway Services,PRJ-0097,CorporateCard,False,True,1,40824,USD,150.0,0.1,0.0,SRC-00041152
EXP-041153,EMP-0240,Procurement,2026-06-06,other,Printing Co,PRJ-0100,BankTransfer,True,True,4,16327,EUR,162.0,0.08,0.05,SRC-00041153
EXP-041154,EMP-0003,HR,2026-07-07,accommodation,Hotel Group C,PRJ-0103,EmployeeReimbursement,True,True,1,18554,JPY,1.0,0.1,0.0,SRC-00041154
EXP-041155,EMP-0016,IT,2026-08-08,meal,Restaurant A,PRJ-0106,Cash,True,True,4,14465,USD,150.0,0.1,0.0,SRC-00041155
EXP-041156,EMP-0029,Engineering,2026-09-09,travel,JAL,PRJ-0109,CorporateCard,False,True,1,41372,EUR,162.0,0.1,0.0,SRC-00041156
EXP-041157,EMP-0042,Sales,2026-10-10,other,Software Store,PRJ-0112,BankTransfer,True,True,3,16563,JPY,1.0,0.08,0.0,SRC-00041157
EXP-041158,EMP-0055,Legal,2026-11-11,accommodation,Hotel Group C,PRJ-0115,EmployeeReimbursement,True,True,2,18958,USD,150.0,0.1,0.0,SRC-00041158
EXP-041159,EMP-0068,Operations,2026-12-12,meal,Catering Co,PRJ-0118,Cash,True,True,4,797,EUR,162.0,0.1,0.0,SRC-00041159
EXP-041160,EMP-0081,Finance,2026-01-13,travel,JR East,PRJ-0001,CorporateCard,False,True,1,41920,JPY,1.0,0.1,0.05,SRC-00041160
EXP-041161,EMP-0094,Procurement,2026-02-14,other,Courier Service,PRJ-0004,BankTransfer,True,True,2,16799,USD,150.0,0.08,0.0,SRC-00041161
EXP-041162,EMP-0107,HR,2026-03-15,accommodation,Hotel Group C,PRJ-0007,EmployeeReimbursement,True,True,3,19362,EUR,162.0,0.1,0.0,SRC-00041162
EXP-041163,EMP-0120,IT,2026-04-16,meal,Business Dining,PRJ-0010,Cash,True,True,4,1129,JPY,1.0,0.1,0.0,SRC-00041163
EXP-041164,EMP-0133,Engineering,2026-05-17,travel,Railway Services,PRJ-0013,CorporateCard,False,True,1,42468,USD,150.0,0.1,0.0,SRC-00041164
EXP-041165,EMP-0146,Sales,2026-06-18,other,Office Supply Co,PRJ-0016,BankTransfer,True,True,1,17035,EUR,162.0,0.08,0.0,SRC-00041165
EXP-041166,EMP-0159,Legal,2026-07-19,accommodation,Hotel Group C,PRJ-0019,EmployeeReimbursement,True,True,1,19766,JPY,1.0,0.1,0.0,SRC-00041166
EXP-041167,EMP-0172,Operations,2026-08-20,meal,Cafe Central,PRJ-0022,Cash,True,True,4,1461,USD,150.0,0.1,0.05,SRC-00041167
EXP-041168,EMP-0185,Finance,2026-09-21,travel,JAL,PRJ-0025,CorporateCard,False,True,1,43016,EUR,162.0,0.1,0.0,SRC-00041168
EXP-041169,EMP-0198,Procurement,2026-10-22,other,Misc Services,PRJ-0028,BankTransfer,True,True,5,17271,JPY,1.0,0.08,0.0,SRC-00041169
EXP-041170,EMP-0211,HR,2026-11-23,accommodation,Hotel Group C,PRJ-0031,EmployeeReimbursement,True,True,2,20170,USD,150.0,0.1,0.0,SRC-00041170
EXP-041171,EMP-0224,IT,2026-12-24,meal,Restaurant B,PRJ-0034,Cash,True,True,4,1793,EUR,162.0,0.1,0.0,SRC-00041171
EXP-041172,EMP-0237,Engineering,2026-01-25,travel,JR East,PRJ-0037,CorporateCard,False,True,1,43564,JPY,1.0,0.1,0.0,SRC-00041172
EXP-041173,EMP-0250,Sales,2026-02-26,other,Printing Co,PRJ-0040,BankTransfer,True,True,4,17507,USD,150.0,0.08,0.0,SRC-00041173
EXP-041174,EMP-0013,Legal,2026-03-27,accommodation,Hotel Group C,PRJ-0043,EmployeeReimbursement,True,True,3,20574,EUR,162.0,0.1,0.05,SRC-00041174
EXP-041175,EMP-0026,Operations,2026-04-01,meal,Restaurant A,PRJ-0046,Cash,True,True,4,2125,JPY,1.0,0.1,0.0,SRC-00041175
EXP-041176,EMP-0039,Finance,2026-05-02,travel,Railway Services,PRJ-0049,CorporateCard,False,True,1,44112,USD,150.0,0.1,0.0,SRC-00041176
EXP-041177,EMP-0052,Procurement,2026-06-03,other,Software Store,PRJ-0052,BankTransfer,True,True,3,17743,EUR,162.0,0.08,0.0,SRC-00041177
EXP-041178,EMP-0065,HR,2026-07-04,accommodation,Hotel Group C,PRJ-0055,EmployeeReimbursement,True,True,1,20978,JPY,1.0,0.1,0.0,SRC-00041178
EXP-041179,EMP-0078,IT,2026-08-05,meal,Catering Co,PRJ-0058,Cash,True,True,4,2457,USD,150.0,0.1,0.0,SRC-00041179
EXP-041180,EMP-0091,Engineering,2026-09-06,travel,JAL,PRJ-0061,CorporateCard,False,True,1,44660,EUR,162.0,0.1,0.0,SRC-00041180
EXP-041181,EMP-0104,Sales,2026-10-07,other,Courier Service,PRJ-0064,BankTransfer,True,True,2,17979,JPY,1.0,0.08,0.05,SRC-00041181
EXP-041182,EMP-0117,Legal,2026-11-08,accommodation,Hotel Group C,PRJ-0067,EmployeeReimbursement,True,True,2,21382,USD,150.0,0.1,0.0,SRC-00041182
EXP-041183,EMP-0130,Operations,2026-12-09,meal,Business Dining,PRJ-0070,Cash,True,True,4,2789,EUR,162.0,0.1,0.0,SRC-00041183
EXP-041184,EMP-0143,Finance,2026-01-10,travel,JR East,PRJ-0073,CorporateCard,False,True,1,45208,JPY,1.0,0.1,0.0,SRC-00041184
EXP-041185,EMP-0156,Procurement,2026-02-11,other,Office Supply Co,PRJ-0076,BankTransfer,True,True,1,18215,USD,150.0,0.08,0.0,SRC-00041185
EXP-041186,EMP-0169,HR,2026-03-12,accommodation,Hotel Group C,PRJ-0079,EmployeeReimbursement,True,True,3,21786,EUR,162.0,0.1,0.0,SRC-00041186
EXP-041187,EMP-0182,IT,2026-04-13,meal,Cafe Central,PRJ-0082,Cash,True,True,4,3121,JPY,1.0,0.1,0.0,SRC-00041187
EXP-041188,EMP-0195,Engineering,2026-05-14,travel,Railway Services,PRJ-0085,CorporateCard,False,True,1,45756,USD,150.0,0.1,0.05,SRC-00041188
EXP-041189,EMP-0208,Sales,2026-06-15,other,Misc Services,PRJ-0088,BankTransfer,True,True,5,451,EUR,162.0,0.08,0.0,SRC-00041189
EXP-041190,EMP-0221,Legal,2026-07-16,accommodation,Hotel Group C,PRJ-0091,EmployeeReimbursement,True,True,1,22190,JPY,1.0,0.1,0.0,SRC-00041190
EXP-041191,EMP-0234,Operations,2026-08-17,meal,Restaurant B,PRJ-0094,Cash,True,True,4,3453,USD,150.0,0.1,0.0,SRC-00041191
EXP-041192,EMP-0247,Finance,2026-09-18,travel,JAL,PRJ-0097,CorporateCard,False,True,1,46304,EUR,162.0,0.1,0.0,SRC-00041192
EXP-041193,EMP-0010,Procurement,2026-10-19,other,Printing Co,PRJ-0100,BankTransfer,True,True,4,687,JPY,1.0,0.08,0.0,SRC-00041193
EXP-041194,EMP-0023,HR,2026-11-20,accommodation,Hotel Group C,PRJ-0103,EmployeeReimbursement,True,True,2,22594,USD,150.0,0.1,0.0,SRC-00041194
EXP-041195,EMP-0036,IT,2026-12-21,meal,Restaurant A,PRJ-0106,Cash,True,True,4,3785,EUR,162.0,0.1,0.05,SRC-00041195
EXP-041196,EMP-0049,Engineering,2026-01-22,travel,JR East,PRJ-0109,CorporateCard,False,True,1,46852,JPY,1.0,0.1,0.0,SRC-00041196
EXP-041197,EMP-0062,Sales,2026-02-23,other,Software Store,PRJ-0112,BankTransfer,True,True,3,923,USD,150.0,0.08,0.0,SRC-00041197
EXP-041198,EMP-0075,Legal,2026-03-24,accommodation,Hotel Group C,PRJ-0115,EmployeeReimbursement,True,True,3,22998,EUR,162.0,0.1,0.0,SRC-00041198
EXP-041199,EMP-0088,Operations,2026-04-25,meal,Catering Co,PRJ-0118,Cash,True,True,4,4117,JPY,1.0,0.1,0.0,SRC-00041199
EXP-041200,EMP-0101,Finance,2026-05-26,travel,Railway Services,PRJ-0001,CorporateCard,False,True,1,47400,USD,150.0,0.1,0.0,SRC-00041200
EXP-041201,EMP-0114,Procurement,2026-06-27,other,Courier Service,PRJ-0004,BankTransfer,True,True,2,1159,EUR,162.0,0.08,0.0,SRC-00041201
EXP-041202,EMP-0127,HR,2026-07-01,accommodation,Hotel Group C,PRJ-0007,EmployeeReimbursement,True,True,1,23402,JPY,1.0,0.1,0.05,SRC-00041202
EXP-041203,EMP-0140,IT,2026-08-02,meal,Business Dining,PRJ-0010,Cash,True,True,4,4449,USD,150.0,0.1,0.0,SRC-00041203
EXP-041204,EMP-0153,Engineering,2026-09-03,travel,JAL,PRJ-0013,CorporateCard,False,True,1,47948,EUR,162.0,0.1,0.0,SRC-00041204
EXP-041205,EMP-0166,Sales,2026-10-04,other,Office Supply Co,PRJ-0016,BankTransfer,True,True,1,1395,JPY,1.0,0.08,0.0,SRC-00041205
EXP-041206,EMP-0179,Legal,2026-11-05,accommodation,Hotel Group C,PRJ-0019,EmployeeReimbursement,True,True,2,23806,USD,150.0,0.1,0.0,SRC-00041206
EXP-041207,EMP-0192,Operations,2026-12-06,meal,Cafe Central,PRJ-0022,Cash,True,True,4,4781,EUR,162.0,0.1,0.0,SRC-00041207
EXP-041208,EMP-0205,Finance,2026-01-07,travel,JR East,PRJ-0025,CorporateCard,False,True,1,48496,JPY,1.0,0.1,0.0,SRC-00041208
EXP-041209,EMP-0218,Procurement,2026-02-08,other,Misc Services,PRJ-0028,BankTransfer,True,True,5,1631,USD,150.0,0.08,0.05,SRC-00041209
EXP-041210,EMP-0231,HR,2026-03-09,accommodation,Hotel Group C,PRJ-0031,EmployeeReimbursement,True,True,3,24210,EUR,162.0,0.1,0.0,SRC-00041210
EXP-041211,EMP-0244,IT,2026-04-10,meal,Restaurant B,PRJ-0034,Cash,True,True,4,5113,JPY,1.0,0.1,0.0,SRC-00041211
EXP-041212,EMP-0007,Engineering,2026-05-11,travel,Railway Services,PRJ-0037,CorporateCard,False,True,1,49044,USD,150.0,0.1,0.0,SRC-00041212
EXP-041213,EMP-0020,Sales,2026-06-12,other,Printing Co,PRJ-0040,BankTransfer,True,True,4,1867,EUR,162.0,0.08,0.0,SRC-00041213
EXP-041214,EMP-0033,Legal,2026-07-13,accommodation,Hotel Group C,PRJ-0043,EmployeeReimbursement,True,True,1,24614,JPY,1.0,0.1,0.0,SRC-00041214
EXP-041215,EMP-0046,Operations,2026-08-14,meal,Restaurant A,PRJ-0046,Cash,True,True,4,5445,USD,150.0,0.1,0.0,SRC-00041215
EXP-041216,EMP-0059,Finance,2026-09-15,travel,JAL,PRJ-0049,CorporateCard,False,True,1,49592,EUR,162.0,0.1,0.05,SRC-00041216
EXP-041217,EMP-0072,Procurement,2026-10-16,other,Software Store,PRJ-0052,BankTransfer,True,True,3,2103,JPY,1.0,0.08,0.0,SRC-00041217
EXP-041218,EMP-0085,HR,2026-11-17,accommodation,Hotel Group C,PRJ-0055,EmployeeReimbursement,True,True,2,25018,USD,150.0,0.1,0.0,SRC-00041218
EXP-041219,EMP-0098,IT,2026-12-18,meal,Catering Co,PRJ-0058,Cash,True,True,4,5777,EUR,162.0,0.1,0.0,SRC-00041219
EXP-041220,EMP-0111,Engineering,2026-01-19,travel,JR East,PRJ-0061,CorporateCard,False,True,1,50140,JPY,1.0,0.1,0.0,SRC-00041220
EXP-041221,EMP-0124,Sales,2026-02-20,other,Courier Service,PRJ-0064,BankTransfer,True,True,2,2339,USD,150.0,0.08,0.0,SRC-00041221
EXP-041222,EMP-0137,Legal,2026-03-21,accommodation,Hotel Group C,PRJ-0067,EmployeeReimbursement,True,True,3,25422,EUR,162.0,0.1,0.0,SRC-00041222
EXP-041223,EMP-0150,Operations,2026-04-22,meal,Business Dining,PRJ-0070,Cash,True,True,4,6109,JPY,1.0,0.1,0.05,SRC-00041223
EXP-041224,EMP-0163,Finance,2026-05-23,travel,Railway Services,PRJ-0073,CorporateCard,False,True,1,50688,USD,150.0,0.1,0.0,SRC-00041224
EXP-041225,EMP-0176,Procurement,2026-06-24,other,Office Supply Co,PRJ-0076,BankTransfer,True,True,1,2575,EUR,162.0,0.08,0.0,SRC-00041225
EXP-041226,EMP-0189,HR,2026-07-25,accommodation,Hotel Group C,PRJ-0079,EmployeeReimbursement,True,True,1,25826,JPY,1.0,0.1,0.0,SRC-00041226
EXP-041227,EMP-0202,IT,2026-08-26,meal,Cafe Central,PRJ-0082,Cash,True,True,4,6441,USD,150.0,0.1,0.0,SRC-00041227
EXP-041228,EMP-0215,Engineering,2026-09-27,travel,JAL,PRJ-0085,CorporateCard,False,True,1,51236,EUR,162.0,0.1,0.0,SRC-00041228
EXP-041229,EMP-0228,Sales,2026-10-01,other,Misc Services,PRJ-0088,BankTransfer,True,True,5,2811,JPY,1.0,0.08,0.0,SRC-00041229
EXP-041230,EMP-0241,Legal,2026-11-02,accommodation,Hotel Group C,PRJ-0091,EmployeeReimbursement,True,True,2,26230,USD,150.0,0.1,0.05,SRC-00041230
EXP-041231,EMP-0004,Operations,2026-12-03,meal,Restaurant B,PRJ-0094,Cash,True,True,4,6773,EUR,162.0,0.1,0.0,SRC-00041231
EXP-041232,EMP-0017,Finance,2026-01-04,travel,JR East,PRJ-0097,CorporateCard,False,True,1,51784,JPY,1.0,0.1,0.0,SRC-00041232
EXP-041233,EMP-0030,Procurement,2026-02-05,other,Printing Co,PRJ-0100,BankTransfer,True,True,4,3047,USD,150.0,0.08,0.0,SRC-00041233
EXP-041234,EMP-0043,HR,2026-03-06,accommodation,Hotel Group C,PRJ-0103,EmployeeReimbursement,True,True,3,26634,EUR,162.0,0.1,0.0,SRC-00041234
EXP-041235,EMP-0056,IT,2026-04-07,meal,Restaurant A,PRJ-0106,Cash,True,True,4,7105,JPY,1.0,0.1,0.0,SRC-00041235
EXP-041236,EMP-0069,Engineering,2026-05-08,travel,Railway Services,PRJ-0109,CorporateCard,False,True,1,52332,USD,150.0,0.1,0.0,SRC-00041236
EXP-041237,EMP-0082,Sales,2026-06-09,other,Software Store,PRJ-0112,BankTransfer,True,True,3,3283,EUR,162.0,0.08,0.05,SRC-00041237
EXP-041238,EMP-0095,Legal,2026-07-10,accommodation,Hotel Group C,PRJ-0115,EmployeeReimbursement,True,True,1,27038,JPY,1.0,0.1,0.0,SRC-00041238
EXP-041239,EMP-0108,Operations,2026-08-11,meal,Catering Co,PRJ-0118,Cash,True,True,4,7437,USD,150.0,0.1,0.0,SRC-00041239
EXP-041240,EMP-0121,Finance,2026-09-12,travel,JAL,PRJ-0001,CorporateCard,False,True,1,52880,EUR,162.0,0.1,0.0,SRC-00041240
EXP-041241,EMP-0134,Procurement,2026-10-13,other,Courier Service,PRJ-0004,BankTransfer,True,True,2,3519,JPY,1.0,0.08,0.0,SRC-00041241
EXP-041242,EMP-0147,HR,2026-11-14,accommodation,Hotel Group C,PRJ-0007,EmployeeReimbursement,True,True,2,27442,USD,150.0,0.1,0.0,SRC-00041242
EXP-041243,EMP-0160,IT,2026-12-15,meal,Business Dining,PRJ-0010,Cash,True,True,4,7769,EUR,162.0,0.1,0.0,SRC-00041243
EXP-041244,EMP-0173,Engineering,2026-01-16,travel,JR East,PRJ-0013,CorporateCard,False,True,1,53428,JPY,1.0,0.1,0.05,SRC-00041244
EXP-041245,EMP-0186,Sales,2026-02-17,other,Office Supply Co,PRJ-0016,BankTransfer,True,True,1,3755,USD,150.0,0.08,0.0,SRC-00041245
EXP-041246,EMP-0199,Legal,2026-03-18,accommodation,Hotel Group C,PRJ-0019,EmployeeReimbursement,True,True,3,27846,EUR,162.0,0.1,0.0,SRC-00041246
EXP-041247,EMP-0212,Operations,2026-04-19,meal,Cafe Central,PRJ-0022,Cash,True,True,4,8101,JPY,1.0,0.1,0.0,SRC-00041247
EXP-041248,EMP-0225,Finance,2026-05-20,travel,Railway Services,PRJ-0025,CorporateCard,False,True,1,53976,USD,150.0,0.1,0.0,SRC-00041248
EXP-041249,EMP-0238,Procurement,2026-06-21,other,Misc Services,PRJ-0028,BankTransfer,True,True,5,3991,EUR,162.0,0.08,0.0,SRC-00041249
EXP-041250,EMP-0001,HR,2026-07-22,accommodation,Hotel Group C,PRJ-0031,EmployeeReimbursement,True,True,1,28250,JPY,1.0,0.1,0.0,SRC-00041250
EXP-041251,EMP-0014,IT,2026-08-23,meal,Restaurant B,PRJ-0034,Cash,True,True,4,8433,USD,150.0,0.1,0.05,SRC-00041251
EXP-041252,EMP-0027,Engineering,2026-09-24,travel,JAL,PRJ-0037,CorporateCard,False,True,1,54524,EUR,162.0,0.1,0.0,SRC-00041252
EXP-041253,EMP-0040,Sales,2026-10-25,other,Printing Co,PRJ-0040,BankTransfer,True,True,4,4227,JPY,1.0,0.08,0.0,SRC-00041253
EXP-041254,EMP-0053,Legal,2026-11-26,accommodation,Hotel Group C,PRJ-0043,EmployeeReimbursement,True,True,2,28654,USD,150.0,0.1,0.0,SRC-00041254
EXP-041255,EMP-0066,Operations,2026-12-27,meal,Restaurant A,PRJ-0046,Cash,True,True,4,8765,EUR,162.0,0.1,0.0,SRC-00041255
EXP-041256,EMP-0079,Finance,2026-01-01,travel,JR East,PRJ-0049,CorporateCard,False,True,1,55072,JPY,1.0,0.1,0.0,SRC-00041256
EXP-041257,EMP-0092,Procurement,2026-02-02,other,Software Store,PRJ-0052,BankTransfer,True,True,3,4463,USD,150.0,0.08,0.0,SRC-00041257
EXP-041258,EMP-0105,HR,2026-03-03,accommodation,Hotel Group C,PRJ-0055,EmployeeReimbursement,True,True,3,29058,EUR,162.0,0.1,0.05,SRC-00041258
EXP-041259,EMP-0118,IT,2026-04-04,meal,Catering Co,PRJ-0058,Cash,True,True,4,9097,JPY,1.0,0.1,0.0,SRC-00041259
EXP-041260,EMP-0131,Engineering,2026-05-05,travel,Railway Services,PRJ-0061,CorporateCard,False,True,1,55620,USD,150.0,0.1,0.0,SRC-00041260
EXP-041261,EMP-0144,Sales,2026-06-06,other,Courier Service,PRJ-0064,BankTransfer,True,True,2,4699,EUR,162.0,0.08,0.0,SRC-00041261
EXP-041262,EMP-0157,Legal,2026-07-07,accommodation,Hotel Group C,PRJ-0067,EmployeeReimbursement,True,True,1,29462,JPY,1.0,0.1,0.0,SRC-00041262
EXP-041263,EMP-0170,Operations,2026-08-08,meal,Business Dining,PRJ-0070,Cash,True,True,4,9429,USD,150.0,0.1,0.0,SRC-00041263
EXP-041264,EMP-0183,Finance,2026-09-09,travel,JAL,PRJ-0073,CorporateCard,False,True,1,56168,EUR,162.0,0.1,0.0,SRC-00041264
EXP-041265,EMP-0196,Procurement,2026-10-10,other,Office Supply Co,PRJ-0076,BankTransfer,True,True,1,4935,JPY,1.0,0.08,0.05,SRC-00041265
EXP-041266,EMP-0209,HR,2026-11-11,accommodation,Hotel Group C,PRJ-0079,EmployeeReimbursement,True,True,2,29866,USD,150.0,0.1,0.0,SRC-00041266
EXP-041267,EMP-0222,IT,2026-12-12,meal,Cafe Central,PRJ-0082,Cash,True,True,4,9761,EUR,162.0,0.1,0.0,SRC-00041267
EXP-041268,EMP-0235,Engineering,2026-01-13,travel,JR East,PRJ-0085,CorporateCard,False,True,1,56716,JPY,1.0,0.1,0.0,SRC-00041268
EXP-041269,EMP-0248,Sales,2026-02-14,other,Misc Services,PRJ-0088,BankTransfer,True,True,5,5171,USD,150.0,0.08,0.0,SRC-00041269
EXP-041270,EMP-0011,Legal,2026-03-15,accommodation,Hotel Group C,PRJ-0091,EmployeeReimbursement,True,True,3,30270,EUR,162.0,0.1,0.0,SRC-00041270
EXP-041271,EMP-0024,Operations,2026-04-16,meal,Restaurant B,PRJ-0094,Cash,True,True,4,10093,JPY,1.0,0.1,0.0,SRC-00041271
EXP-041272,EMP-0037,Finance,2026-05-17,travel,Railway Services,PRJ-0097,CorporateCard,False,True,1,57264,USD,150.0,0.1,0.05,SRC-00041272
EXP-041273,EMP-0050,Procurement,2026-06-18,other,Printing Co,PRJ-0100,BankTransfer,True,True,4,5407,EUR,162.0,0.08,0.0,SRC-00041273
EXP-041274,EMP-0063,HR,2026-07-19,accommodation,Hotel Group C,PRJ-0103,EmployeeReimbursement,True,True,1,30674,JPY,1.0,0.1,0.0,SRC-00041274
EXP-041275,EMP-0076,IT,2026-08-20,meal,Restaurant A,PRJ-0106,Cash,True,True,4,10425,USD,150.0,0.1,0.0,SRC-00041275
EXP-041276,EMP-0089,Engineering,2026-09-21,travel,JAL,PRJ-0109,CorporateCard,False,True,1,57812,EUR,162.0,0.1,0.0,SRC-00041276
EXP-041277,EMP-0102,Sales,2026-10-22,other,Software Store,PRJ-0112,BankTransfer,True,True,3,5643,JPY,1.0,0.08,0.0,SRC-00041277
EXP-041278,EMP-0115,Legal,2026-11-23,accommodation,Hotel Group C,PRJ-0115,EmployeeReimbursement,True,True,2,31078,USD,150.0,0.1,0.0,SRC-00041278
EXP-041279,EMP-0128,Operations,2026-12-24,meal,Catering Co,PRJ-0118,Cash,True,True,4,10757,EUR,162.0,0.1,0.05,SRC-00041279
EXP-041280,EMP-0141,Finance,2026-01-25,travel,JR East,PRJ-0001,CorporateCard,False,True,1,58360,JPY,1.0,0.1,0.0,SRC-00041280
EXP-041281,EMP-0154,Procurement,2026-02-26,other,Courier Service,PRJ-0004,BankTransfer,True,True,2,5879,USD,150.0,0.08,0.0,SRC-00041281
EXP-041282,EMP-0167,HR,2026-03-27,accommodation,Hotel Group C,PRJ-0007,EmployeeReimbursement,True,True,3,31482,EUR,162.0,0.1,0.0,SRC-00041282
EXP-041283,EMP-0180,IT,2026-04-01,meal,Business Dining,PRJ-0010,Cash,True,True,4,11089,JPY,1.0,0.1,0.0,SRC-00041283
EXP-041284,EMP-0193,Engineering,2026-05-02,travel,Railway Services,PRJ-0013,CorporateCard,False,True,1,58908,USD,150.0,0.1,0.0,SRC-00041284
EXP-041285,EMP-0206,Sales,2026-06-03,other,Office Supply Co,PRJ-0016,BankTransfer,True,True,1,6115,EUR,162.0,0.08,0.0,SRC-00041285
EXP-041286,EMP-0219,Legal,2026-07-04,accommodation,Hotel Group C,PRJ-0019,EmployeeReimbursement,True,True,1,31886,JPY,1.0,0.1,0.05,SRC-00041286
EXP-041287,EMP-0232,Operations,2026-08-05,meal,Cafe Central,PRJ-0022,Cash,True,True,4,11421,USD,150.0,0.1,0.0,SRC-00041287
EXP-041288,EMP-0245,Finance,2026-09-06,travel,JAL,PRJ-0025,CorporateCard,False,True,1,59456,EUR,162.0,0.1,0.0,SRC-00041288
EXP-041289,EMP-0008,Procurement,2026-10-07,other,Misc Services,PRJ-0028,BankTransfer,True,True,5,6351,JPY,1.0,0.08,0.0,SRC-00041289
EXP-041290,EMP-0021,HR,2026-11-08,accommodation,Hotel Group C,PRJ-0031,EmployeeReimbursement,True,True,2,32290,USD,150.0,0.1,0.0,SRC-00041290
EXP-041291,EMP-0034,IT,2026-12-09,meal,Restaurant B,PRJ-0034,Cash,True,True,4,11753,EUR,162.0,0.1,0.0,SRC-00041291
EXP-041292,EMP-0047,Engineering,2026-01-10,travel,JR East,PRJ-0037,CorporateCard,False,True,1,60004,JPY,1.0,0.1,0.0,SRC-00041292
EXP-041293,EMP-0060,Sales,2026-02-11,other,Printing Co,PRJ-0040,BankTransfer,True,True,4,6587,USD,150.0,0.08,0.05,SRC-00041293
EXP-041294,EMP-0073,Legal,2026-03-12,accommodation,Hotel Group C,PRJ-0043,EmployeeReimbursement,True,True,3,32694,EUR,162.0,0.1,0.0,SRC-00041294
EXP-041295,EMP-0086,Operations,2026-04-13,meal,Restaurant A,PRJ-0046,Cash,True,True,4,12085,JPY,1.0,0.1,0.0,SRC-00041295
EXP-041296,EMP-0099,Finance,2026-05-14,travel,Railway Services,PRJ-0049,CorporateCard,False,True,1,60552,USD,150.0,0.1,0.0,SRC-00041296
EXP-041297,EMP-0112,Procurement,2026-06-15,other,Software Store,PRJ-0052,BankTransfer,True,True,3,6823,EUR,162.0,0.08,0.0,SRC-00041297
EXP-041298,EMP-0125,HR,2026-07-16,accommodation,Hotel Group C,PRJ-0055,EmployeeReimbursement,True,True,1,33098,JPY,1.0,0.1,0.0,SRC-00041298
EXP-041299,EMP-0138,IT,2026-08-17,meal,Catering Co,PRJ-0058,Cash,True,True,4,12417,USD,150.0,0.1,0.0,SRC-00041299
EXP-041300,EMP-0151,Engineering,2026-09-18,travel,JAL,PRJ-0061,CorporateCard,False,True,1,61100,EUR,162.0,0.1,0.05,SRC-00041300
EXP-041301,EMP-0164,Sales,2026-10-19,other,Courier Service,PRJ-0064,BankTransfer,True,True,2,7059,JPY,1.0,0.08,0.0,SRC-00041301
EXP-041302,EMP-0177,Legal,2026-11-20,accommodation,Hotel Group C,PRJ-0067,EmployeeReimbursement,True,True,2,33502,USD,150.0,0.1,0.0,SRC-00041302
EXP-041303,EMP-0190,Operations,2026-12-21,meal,Business Dining,PRJ-0070,Cash,True,True,4,12749,EUR,162.0,0.1,0.0,SRC-00041303
EXP-041304,EMP-0203,Finance,2026-01-22,travel,JR East,PRJ-0073,CorporateCard,False,True,1,61648,JPY,1.0,0.1,0.0,SRC-00041304
EXP-041305,EMP-0216,Procurement,2026-02-23,other,Office Supply Co,PRJ-0076,BankTransfer,True,True,1,7295,USD,150.0,0.08,0.0,SRC-00041305
EXP-041306,EMP-0229,HR,2026-03-24,accommodation,Hotel Group C,PRJ-0079,EmployeeReimbursement,True,True,3,33906,EUR,162.0,0.1,0.0,SRC-00041306
EXP-041307,EMP-0242,IT,2026-04-25,meal,Cafe Central,PRJ-0082,Cash,True,True,4,13081,JPY,1.0,0.1,0.05,SRC-00041307
EXP-041308,EMP-0005,Engineering,2026-05-26,travel,Railway Services,PRJ-0085,CorporateCard,False,True,1,62196,USD,150.0,0.1,0.0,SRC-00041308
EXP-041309,EMP-0018,Sales,2026-06-27,other,Misc Services,PRJ-0088,BankTransfer,True,True,5,7531,EUR,162.0,0.08,0.0,SRC-00041309
EXP-041310,EMP-0031,Legal,2026-07-01,accommodation,Hotel Group C,PRJ-0091,EmployeeReimbursement,True,True,1,6310,JPY,1.0,0.1,0.0,SRC-00041310
EXP-041311,EMP-0044,Operations,2026-08-02,meal,Restaurant B,PRJ-0094,Cash,True,True,4,13413,USD,150.0,0.1,0.0,SRC-00041311
EXP-041312,EMP-0057,Finance,2026-09-03,travel,JAL,PRJ-0097,CorporateCard,False,True,1,62744,EUR,162.0,0.1,0.0,SRC-00041312
EXP-041313,EMP-0070,Procurement,2026-10-04,other,Printing Co,PRJ-0100,BankTransfer,True,True,4,7767,JPY,1.0,0.08,0.0,SRC-00041313
EXP-041314,EMP-0083,HR,2026-11-05,accommodation,Hotel Group C,PRJ-0103,EmployeeReimbursement,True,True,2,6714,USD,150.0,0.1,0.05,SRC-00041314
EXP-041315,EMP-0096,IT,2026-12-06,meal,Restaurant A,PRJ-0106,Cash,True,True,4,13745,EUR,162.0,0.1,0.0,SRC-00041315
EXP-041316,EMP-0109,Engineering,2026-01-07,travel,JR East,PRJ-0109,CorporateCard,False,True,1,63292,JPY,1.0,0.1,0.0,SRC-00041316
EXP-041317,EMP-0122,Sales,2026-02-08,other,Software Store,PRJ-0112,BankTransfer,True,True,3,8003,USD,150.0,0.08,0.0,SRC-00041317
EXP-041318,EMP-0135,Legal,2026-03-09,accommodation,Hotel Group C,PRJ-0115,EmployeeReimbursement,True,True,3,7118,EUR,162.0,0.1,0.0,SRC-00041318
EXP-041319,EMP-0148,Operations,2026-04-10,meal,Catering Co,PRJ-0118,Cash,True,True,4,14077,JPY,1.0,0.1,0.0,SRC-00041319
EXP-041320,EMP-0161,Finance,2026-05-11,travel,Railway Services,PRJ-0001,CorporateCard,False,True,1,63840,USD,150.0,0.1,0.0,SRC-00041320
EXP-041321,EMP-0174,Procurement,2026-06-12,other,Courier Service,PRJ-0004,BankTransfer,True,True,2,8239,EUR,162.0,0.08,0.05,SRC-00041321
EXP-041322,EMP-0187,HR,2026-07-13,accommodation,Hotel Group C,PRJ-0007,EmployeeReimbursement,True,True,1,7522,JPY,1.0,0.1,0.0,SRC-00041322
EXP-041323,EMP-0200,IT,2026-08-14,meal,Business Dining,PRJ-0010,Cash,True,True,4,14409,USD,150.0,0.1,0.0,SRC-00041323
EXP-041324,EMP-0213,Engineering,2026-09-15,travel,JAL,PRJ-0013,CorporateCard,False,True,1,64388,EUR,162.0,0.1,0.0,SRC-00041324
EXP-041325,EMP-0226,Sales,2026-10-16,other,Office Supply Co,PRJ-0016,BankTransfer,True,True,1,8475,JPY,1.0,0.08,0.0,SRC-00041325
EXP-041326,EMP-0239,Legal,2026-11-17,accommodation,Hotel Group C,PRJ-0019,EmployeeReimbursement,True,True,2,7926,USD,150.0,0.1,0.0,SRC-00041326
EXP-041327,EMP-0002,Operations,2026-12-18,meal,Cafe Central,PRJ-0022,Cash,True,True,4,741,EUR,162.0,0.1,0.0,SRC-00041327
EXP-041328,EMP-0015,Finance,2026-01-19,travel,JR East,PRJ-0025,CorporateCard,False,True,1,64936,JPY,1.0,0.1,0.05,SRC-00041328
EXP-041329,EMP-0028,Procurement,2026-02-20,other,Misc Services,PRJ-0028,BankTransfer,True,True,5,8711,USD,150.0,0.08,0.0,SRC-00041329
EXP-041330,EMP-0041,HR,2026-03-21,accommodation,Hotel Group C,PRJ-0031,EmployeeReimbursement,True,True,3,8330,EUR,162.0,0.1,0.0,SRC-00041330
EXP-041331,EMP-0054,IT,2026-04-22,meal,Restaurant B,PRJ-0034,Cash,True,True,4,1073,JPY,1.0,0.1,0.0,SRC-00041331
EXP-041332,EMP-0067,Engineering,2026-05-23,travel,Railway Services,PRJ-0037,CorporateCard,False,True,1,65484,USD,150.0,0.1,0.0,SRC-00041332
EXP-041333,EMP-0080,Sales,2026-06-24,other,Printing Co,PRJ-0040,BankTransfer,True,True,4,8947,EUR,162.0,0.08,0.0,SRC-00041333
EXP-041334,EMP-0093,Legal,2026-07-25,accommodation,Hotel Group C,PRJ-0043,EmployeeReimbursement,True,True,1,8734,JPY,1.0,0.1,0.0,SRC-00041334
EXP-041335,EMP-0106,Operations,2026-08-26,meal,Restaurant A,PRJ-0046,Cash,True,True,4,1405,USD,150.0,0.1,0.05,SRC-00041335
EXP-041336,EMP-0119,Finance,2026-09-27,travel,JAL,PRJ-0049,CorporateCard,False,True,1,66032,EUR,162.0,0.1,0.0,SRC-00041336
EXP-041337,EMP-0132,Procurement,2026-10-01,other,Software Store,PRJ-0052,BankTransfer,True,True,3,9183,JPY,1.0,0.08,0.0,SRC-00041337
EXP-041338,EMP-0145,HR,2026-11-02,accommodation,Hotel Group C,PRJ-0055,EmployeeReimbursement,True,True,2,9138,USD,150.0,0.1,0.0,SRC-00041338
EXP-041339,EMP-0158,IT,2026-12-03,meal,Catering Co,PRJ-0058,Cash,True,True,4,1737,EUR,162.0,0.1,0.0,SRC-00041339
EXP-041340,EMP-0171,Engineering,2026-01-04,travel,JR East,PRJ-0061,CorporateCard,False,True,1,66580,JPY,1.0,0.1,0.0,SRC-00041340
EXP-041341,EMP-0184,Sales,2026-02-05,other,Courier Service,PRJ-0064,BankTransfer,True,True,2,9419,USD,150.0,0.08,0.0,SRC-00041341
EXP-041342,EMP-0197,Legal,2026-03-06,accommodation,Hotel Group C,PRJ-0067,EmployeeReimbursement,True,True,3,9542,EUR,162.0,0.1,0.05,SRC-00041342
EXP-041343,EMP-0210,Operations,2026-04-07,meal,Business Dining,PRJ-0070,Cash,True,True,4,2069,JPY,1.0,0.1,0.0,SRC-00041343
EXP-041344,EMP-0223,Finance,2026-05-08,travel,Railway Services,PRJ-0073,CorporateCard,False,True,1,67128,USD,150.0,0.1,0.0,SRC-00041344
EXP-041345,EMP-0236,Procurement,2026-06-09,other,Office Supply Co,PRJ-0076,BankTransfer,True,True,1,9655,EUR,162.0,0.08,0.0,SRC-00041345
EXP-041346,EMP-0249,HR,2026-07-10,accommodation,Hotel Group C,PRJ-0079,EmployeeReimbursement,True,True,1,9946,JPY,1.0,0.1,0.0,SRC-00041346
EXP-041347,EMP-0012,IT,2026-08-11,meal,Cafe Central,PRJ-0082,Cash,True,True,4,2401,USD,150.0,0.1,0.0,SRC-00041347
EXP-041348,EMP-0025,Engineering,2026-09-12,travel,JAL,PRJ-0085,CorporateCard,False,True,1,67676,EUR,162.0,0.1,0.0,SRC-00041348
EXP-041349,EMP-0038,Sales,2026-10-13,other,Misc Services,PRJ-0088,BankTransfer,True,True,5,9891,JPY,1.0,0.08,0.05,SRC-00041349
EXP-041350,EMP-0051,Legal,2026-11-14,accommodation,Hotel Group C,PRJ-0091,EmployeeReimbursement,True,True,2,10350,USD,150.0,0.1,0.0,SRC-00041350
EXP-041351,EMP-0064,Operations,2026-12-15,meal,Restaurant B,PRJ-0094,Cash,True,True,4,2733,EUR,162.0,0.1,0.0,SRC-00041351
EXP-041352,EMP-0077,Finance,2026-01-16,travel,JR East,PRJ-0097,CorporateCard,False,True,1,68224,JPY,1.0,0.1,0.0,SRC-00041352
EXP-041353,EMP-0090,Procurement,2026-02-17,other,Printing Co,PRJ-0100,BankTransfer,True,True,4,10127,USD,150.0,0.08,0.0,SRC-00041353
EXP-041354,EMP-0103,HR,2026-03-18,accommodation,Hotel Group C,PRJ-0103,EmployeeReimbursement,True,True,3,10754,EUR,162.0,0.1,0.0,SRC-00041354
EXP-041355,EMP-0116,IT,2026-04-19,meal,Restaurant A,PRJ-0106,Cash,True,True,4,3065,JPY,1.0,0.1,0.0,SRC-00041355
EXP-041356,EMP-0129,Engineering,2026-05-20,travel,Railway Services,PRJ-0109,CorporateCard,False,True,1,68772,USD,150.0,0.1,0.05,SRC-00041356
EXP-041357,EMP-0142,Sales,2026-06-21,other,Software Store,PRJ-0112,BankTransfer,True,True,3,10363,EUR,162.0,0.08,0.0,SRC-00041357
EXP-041358,EMP-0155,Legal,2026-07-22,accommodation,Hotel Group C,PRJ-0115,EmployeeReimbursement,True,True,1,11158,JPY,1.0,0.1,0.0,SRC-00041358
EXP-041359,EMP-0168,Operations,2026-08-23,meal,Catering Co,PRJ-0118,Cash,True,True,4,3397,USD,150.0,0.1,0.0,SRC-00041359
EXP-041360,EMP-0181,Finance,2026-09-24,travel,JAL,PRJ-0001,CorporateCard,False,True,1,69320,EUR,162.0,0.1,0.0,SRC-00041360
EXP-041361,EMP-0194,Procurement,2026-10-25,other,Courier Service,PRJ-0004,BankTransfer,True,True,2,10599,JPY,1.0,0.08,0.0,SRC-00041361
EXP-041362,EMP-0207,HR,2026-11-26,accommodation,Hotel Group C,PRJ-0007,EmployeeReimbursement,True,True,2,11562,USD,150.0,0.1,0.0,SRC-00041362
EXP-041363,EMP-0220,IT,2026-12-27,meal,Business Dining,PRJ-0010,Cash,True,True,4,3729,EUR,162.0,0.1,0.05,SRC-00041363
EXP-041364,EMP-0233,Engineering,2026-01-01,travel,JR East,PRJ-0013,CorporateCard,False,True,1,69868,JPY,1.0,0.1,0.0,SRC-00041364
EXP-041365,EMP-0246,Sales,2026-02-02,other,Office Supply Co,PRJ-0016,BankTransfer,True,True,1,10835,USD,150.0,0.08,0.0,SRC-00041365
EXP-041366,EMP-0009,Legal,2026-03-03,accommodation,Hotel Group C,PRJ-0019,EmployeeReimbursement,True,True,3,11966,EUR,162.0,0.1,0.0,SRC-00041366
EXP-041367,EMP-0022,Operations,2026-04-04,meal,Cafe Central,PRJ-0022,Cash,True,True,4,4061,JPY,1.0,0.1,0.0,SRC-00041367
EXP-041368,EMP-0035,Finance,2026-05-05,travel,Railway Services,PRJ-0025,CorporateCard,False,True,1,70416,USD,150.0,0.1,0.0,SRC-00041368
EXP-041369,EMP-0048,Procurement,2026-06-06,other,Misc Services,PRJ-0028,BankTransfer,True,True,5,11071,EUR,162.0,0.08,0.0,SRC-00041369
EXP-041370,EMP-0061,HR,2026-07-07,accommodation,Hotel Group C,PRJ-0031,EmployeeReimbursement,True,True,1,12370,JPY,1.0,0.1,0.05,SRC-00041370
EXP-041371,EMP-0074,IT,2026-08-08,meal,Restaurant B,PRJ-0034,Cash,True,True,4,4393,USD,150.0,0.1,0.0,SRC-00041371
EXP-041372,EMP-0087,Engineering,2026-09-09,travel,JAL,PRJ-0037,CorporateCard,False,True,1,70964,EUR,162.0,0.1,0.0,SRC-00041372
EXP-041373,EMP-0100,Sales,2026-10-10,other,Printing Co,PRJ-0040,BankTransfer,True,True,4,11307,JPY,1.0,0.08,0.0,SRC-00041373
EXP-041374,EMP-0113,Legal,2026-11-11,accommodation,Hotel Group C,PRJ-0043,EmployeeReimbursement,True,True,2,12774,USD,150.0,0.1,0.0,SRC-00041374
EXP-041375,EMP-0126,Operations,2026-12-12,meal,Restaurant A,PRJ-0046,Cash,True,True,4,4725,EUR,162.0,0.1,0.0,SRC-00041375
EXP-041376,EMP-0139,Finance,2026-01-13,travel,JR East,PRJ-0049,CorporateCard,False,True,1,71512,JPY,1.0,0.1,0.0,SRC-00041376
EXP-041377,EMP-0152,Procurement,2026-02-14,other,Software Store,PRJ-0052,BankTransfer,True,True,3,11543,USD,150.0,0.08,0.05,SRC-00041377
EXP-041378,EMP-0165,HR,2026-03-15,accommodation,Hotel Group C,PRJ-0055,EmployeeReimbursement,True,True,3,13178,EUR,162.0,0.1,0.0,SRC-00041378
EXP-041379,EMP-0178,IT,2026-04-16,meal,Catering Co,PRJ-0058,Cash,True,True,4,5057,JPY,1.0,0.1,0.0,SRC-00041379
EXP-041380,EMP-0191,Engineering,2026-05-17,travel,Railway Services,PRJ-0061,CorporateCard,False,True,1,72060,USD,150.0,0.1,0.0,SRC-00041380
EXP-041381,EMP-0204,Sales,2026-06-18,other,Courier Service,PRJ-0064,BankTransfer,True,True,2,11779,EUR,162.0,0.08,0.0,SRC-00041381
EXP-041382,EMP-0217,Legal,2026-07-19,accommodation,Hotel Group C,PRJ-0067,EmployeeReimbursement,True,True,1,13582,JPY,1.0,0.1,0.0,SRC-00041382
EXP-041383,EMP-0230,Operations,2026-08-20,meal,Business Dining,PRJ-0070,Cash,True,True,4,5389,USD,150.0,0.1,0.0,SRC-00041383
EXP-041384,EMP-0243,Finance,2026-09-21,travel,JAL,PRJ-0073,CorporateCard,False,True,1,72608,EUR,162.0,0.1,0.05,SRC-00041384
EXP-041385,EMP-0006,Procurement,2026-10-22,other,Office Supply Co,PRJ-0076,BankTransfer,True,True,1,12015,JPY,1.0,0.08,0.0,SRC-00041385
EXP-041386,EMP-0019,HR,2026-11-23,accommodation,Hotel Group C,PRJ-0079,EmployeeReimbursement,True,True,2,13986,USD,150.0,0.1,0.0,SRC-00041386
EXP-041387,EMP-0032,IT,2026-12-24,meal,Cafe Central,PRJ-0082,Cash,True,True,4,5721,EUR,162.0,0.1,0.0,SRC-00041387
EXP-041388,EMP-0045,Engineering,2026-01-25,travel,JR East,PRJ-0085,CorporateCard,False,True,1,3156,JPY,1.0,0.1,0.0,SRC-00041388
EXP-041389,EMP-0058,Sales,2026-02-26,other,Misc Services,PRJ-0088,BankTransfer,True,True,5,12251,USD,150.0,0.08,0.0,SRC-00041389
EXP-041390,EMP-0071,Legal,2026-03-27,accommodation,Hotel Group C,PRJ-0091,EmployeeReimbursement,True,True,3,14390,EUR,162.0,0.1,0.0,SRC-00041390
EXP-041391,EMP-0084,Operations,2026-04-01,meal,Restaurant B,PRJ-0094,Cash,True,True,4,6053,JPY,1.0,0.1,0.05,SRC-00041391
EXP-041392,EMP-0097,Finance,2026-05-02,travel,Railway Services,PRJ-0097,CorporateCard,False,True,1,3704,USD,150.0,0.1,0.0,SRC-00041392
EXP-041393,EMP-0110,Procurement,2026-06-03,other,Printing Co,PRJ-0100,BankTransfer,True,True,4,12487,EUR,162.0,0.08,0.0,SRC-00041393
EXP-041394,EMP-0123,HR,2026-07-04,accommodation,Hotel Group C,PRJ-0103,EmployeeReimbursement,True,True,1,14794,JPY,1.0,0.1,0.0,SRC-00041394
EXP-041395,EMP-0136,IT,2026-08-05,meal,Restaurant A,PRJ-0106,Cash,True,True,4,6385,USD,150.0,0.1,0.0,SRC-00041395
EXP-041396,EMP-0149,Engineering,2026-09-06,travel,JAL,PRJ-0109,CorporateCard,False,True,1,4252,EUR,162.0,0.1,0.0,SRC-00041396
EXP-041397,EMP-0162,Sales,2026-10-07,other,Software Store,PRJ-0112,BankTransfer,True,True,3,12723,JPY,1.0,0.08,0.0,SRC-00041397
EXP-041398,EMP-0175,Legal,2026-11-08,accommodation,Hotel Group C,PRJ-0115,EmployeeReimbursement,True,True,2,15198,USD,150.0,0.1,0.05,SRC-00041398
EXP-041399,EMP-0188,Operations,2026-12-09,meal,Catering Co,PRJ-0118,Cash,True,True,4,6717,EUR,162.0,0.1,0.0,SRC-00041399
EXP-041400,EMP-0201,Finance,2026-01-10,travel,JR East,PRJ-0001,CorporateCard,False,True,1,4800,JPY,1.0,0.1,0.0,SRC-00041400
EXP-041401,EMP-0214,Procurement,2026-02-11,other,Courier Service,PRJ-0004,BankTransfer,True,True,2,12959,USD,150.0,0.08,0.0,SRC-00041401
EXP-041402,EMP-0227,HR,2026-03-12,accommodation,Hotel Group C,PRJ-0007,EmployeeReimbursement,True,True,3,15602,EUR,162.0,0.1,0.0,SRC-00041402
EXP-041403,EMP-0240,IT,2026-04-13,meal,Business Dining,PRJ-0010,Cash,True,True,4,7049,JPY,1.0,0.1,0.0,SRC-00041403
EXP-041404,EMP-0003,Engineering,2026-05-14,travel,Railway Services,PRJ-0013,CorporateCard,False,True,1,5348,USD,150.0,0.1,0.0,SRC-00041404
EXP-041405,EMP-0016,Sales,2026-06-15,other,Office Supply Co,PRJ-0016,BankTransfer,True,True,1,13195,EUR,162.0,0.08,0.05,SRC-00041405
EXP-041406,EMP-0029,Legal,2026-07-16,accommodation,Hotel Group C,PRJ-0019,EmployeeReimbursement,True,True,1,16006,JPY,1.0,0.1,0.0,SRC-00041406
EXP-041407,EMP-0042,Operations,2026-08-17,meal,Cafe Central,PRJ-0022,Cash,True,True,4,7381,USD,150.0,0.1,0.0,SRC-00041407
EXP-041408,EMP-0055,Finance,2026-09-18,travel,JAL,PRJ-0025,CorporateCard,False,True,1,5896,EUR,162.0,0.1,0.0,SRC-00041408
EXP-041409,EMP-0068,Procurement,2026-10-19,other,Misc Services,PRJ-0028,BankTransfer,True,True,5,13431,JPY,1.0,0.08,0.0,SRC-00041409
EXP-041410,EMP-0081,HR,2026-11-20,accommodation,Hotel Group C,PRJ-0031,EmployeeReimbursement,True,True,2,16410,USD,150.0,0.1,0.0,SRC-00041410
EXP-041411,EMP-0094,IT,2026-12-21,meal,Restaurant B,PRJ-0034,Cash,True,True,4,7713,EUR,162.0,0.1,0.0,SRC-00041411
EXP-041412,EMP-0107,Engineering,2026-01-22,travel,JR East,PRJ-0037,CorporateCard,False,True,1,6444,JPY,1.0,0.1,0.05,SRC-00041412
EXP-041413,EMP-0120,Sales,2026-02-23,other,Printing Co,PRJ-0040,BankTransfer,True,True,4,13667,USD,150.0,0.08,0.0,SRC-00041413
EXP-041414,EMP-0133,Legal,2026-03-24,accommodation,Hotel Group C,PRJ-0043,EmployeeReimbursement,True,True,3,16814,EUR,162.0,0.1,0.0,SRC-00041414
EXP-041415,EMP-0146,Operations,2026-04-25,meal,Restaurant A,PRJ-0046,Cash,True,True,4,8045,JPY,1.0,0.1,0.0,SRC-00041415
EXP-041416,EMP-0159,Finance,2026-05-26,travel,Railway Services,PRJ-0049,CorporateCard,False,True,1,6992,USD,150.0,0.1,0.0,SRC-00041416
EXP-041417,EMP-0172,Procurement,2026-06-27,other,Software Store,PRJ-0052,BankTransfer,True,True,3,13903,EUR,162.0,0.08,0.0,SRC-00041417
EXP-041418,EMP-0185,HR,2026-07-01,accommodation,Hotel Group C,PRJ-0055,EmployeeReimbursement,True,True,1,17218,JPY,1.0,0.1,0.0,SRC-00041418
EXP-041419,EMP-0198,IT,2026-08-02,meal,Catering Co,PRJ-0058,Cash,True,True,4,8377,USD,150.0,0.1,0.05,SRC-00041419
EXP-041420,EMP-0211,Engineering,2026-09-03,travel,JAL,PRJ-0061,CorporateCard,False,True,1,7540,EUR,162.0,0.1,0.0,SRC-00041420
EXP-041421,EMP-0224,Sales,2026-10-04,other,Courier Service,PRJ-0064,BankTransfer,True,True,2,14139,JPY,1.0,0.08,0.0,SRC-00041421
EXP-041422,EMP-0237,Legal,2026-11-05,accommodation,Hotel Group C,PRJ-0067,EmployeeReimbursement,True,True,2,17622,USD,150.0,0.1,0.0,SRC-00041422
EXP-041423,EMP-0250,Operations,2026-12-06,meal,Business Dining,PRJ-0070,Cash,True,True,4,8709,EUR,162.0,0.1,0.0,SRC-00041423
EXP-041424,EMP-0013,Finance,2026-01-07,travel,JR East,PRJ-0073,CorporateCard,False,True,1,8088,JPY,1.0,0.1,0.0,SRC-00041424
EXP-041425,EMP-0026,Procurement,2026-02-08,other,Office Supply Co,PRJ-0076,BankTransfer,True,True,1,14375,USD,150.0,0.08,0.0,SRC-00041425
EXP-041426,EMP-0039,HR,2026-03-09,accommodation,Hotel Group C,PRJ-0079,EmployeeReimbursement,True,True,3,18026,EUR,162.0,0.1,0.05,SRC-00041426
EXP-041427,EMP-0052,IT,2026-04-10,meal,Cafe Central,PRJ-0082,Cash,True,True,4,9041,JPY,1.0,0.1,0.0,SRC-00041427
EXP-041428,EMP-0065,Engineering,2026-05-11,travel,Railway Services,PRJ-0085,CorporateCard,False,True,1,8636,USD,150.0,0.1,0.0,SRC-00041428
EXP-041429,EMP-0078,Sales,2026-06-12,other,Misc Services,PRJ-0088,BankTransfer,True,True,5,14611,EUR,162.0,0.08,0.0,SRC-00041429
EXP-041430,EMP-0091,Legal,2026-07-13,accommodation,Hotel Group C,PRJ-0091,EmployeeReimbursement,True,True,1,18430,JPY,1.0,0.1,0.0,SRC-00041430
EXP-041431,EMP-0104,Operations,2026-08-14,meal,Restaurant B,PRJ-0094,Cash,True,True,4,9373,USD,150.0,0.1,0.0,SRC-00041431
EXP-041432,EMP-0117,Finance,2026-09-15,travel,JAL,PRJ-0097,CorporateCard,False,True,1,9184,EUR,162.0,0.1,0.0,SRC-00041432
EXP-041433,EMP-0130,Procurement,2026-10-16,other,Printing Co,PRJ-0100,BankTransfer,True,True,4,14847,JPY,1.0,0.08,0.05,SRC-00041433
EXP-041434,EMP-0143,HR,2026-11-17,accommodation,Hotel Group C,PRJ-0103,EmployeeReimbursement,True,True,2,18834,USD,150.0,0.1,0.0,SRC-00041434
EXP-041435,EMP-0156,IT,2026-12-18,meal,Restaurant A,PRJ-0106,Cash,True,True,4,9705,EUR,162.0,0.1,0.0,SRC-00041435
EXP-041436,EMP-0169,Engineering,2026-01-19,travel,JR East,PRJ-0109,CorporateCard,False,True,1,9732,JPY,1.0,0.1,0.0,SRC-00041436
EXP-041437,EMP-0182,Sales,2026-02-20,other,Software Store,PRJ-0112,BankTransfer,True,True,3,15083,USD,150.0,0.08,0.0,SRC-00041437
EXP-041438,EMP-0195,Legal,2026-03-21,accommodation,Hotel Group C,PRJ-0115,EmployeeReimbursement,True,True,3,19238,EUR,162.0,0.1,0.0,SRC-00041438
EXP-041439,EMP-0208,Operations,2026-04-22,meal,Catering Co,PRJ-0118,Cash,True,True,4,10037,JPY,1.0,0.1,0.0,SRC-00041439
EXP-041440,EMP-0221,Finance,2026-05-23,travel,Railway Services,PRJ-0001,CorporateCard,False,True,1,10280,USD,150.0,0.1,0.05,SRC-00041440
EXP-041441,EMP-0234,Procurement,2026-06-24,other,Courier Service,PRJ-0004,BankTransfer,True,True,2,15319,EUR,162.0,0.08,0.0,SRC-00041441
EXP-041442,EMP-0247,HR,2026-07-25,accommodation,Hotel Group C,PRJ-0007,EmployeeReimbursement,True,True,1,19642,JPY,1.0,0.1,0.0,SRC-00041442
EXP-041443,EMP-0010,IT,2026-08-26,meal,Business Dining,PRJ-0010,Cash,True,True,4,10369,USD,150.0,0.1,0.0,SRC-00041443
EXP-041444,EMP-0023,Engineering,2026-09-27,travel,JAL,PRJ-0013,CorporateCard,False,True,1,10828,EUR,162.0,0.1,0.0,SRC-00041444
EXP-041445,EMP-0036,Sales,2026-10-01,other,Office Supply Co,PRJ-0016,BankTransfer,True,True,1,15555,JPY,1.0,0.08,0.0,SRC-00041445
EXP-041446,EMP-0049,Legal,2026-11-02,accommodation,Hotel Group C,PRJ-0019,EmployeeReimbursement,True,True,2,20046,USD,150.0,0.1,0.0,SRC-00041446
EXP-041447,EMP-0062,Operations,2026-12-03,meal,Cafe Central,PRJ-0022,Cash,True,True,4,10701,EUR,162.0,0.1,0.05,SRC-00041447
EXP-041448,EMP-0075,Finance,2026-01-04,travel,JR East,PRJ-0025,CorporateCard,False,True,1,11376,JPY,1.0,0.1,0.0,SRC-00041448
EXP-041449,EMP-0088,Procurement,2026-02-05,other,Misc Services,PRJ-0028,BankTransfer,True,True,5,15791,USD,150.0,0.08,0.0,SRC-00041449
EXP-041450,EMP-0101,HR,2026-03-06,accommodation,Hotel Group C,PRJ-0031,EmployeeReimbursement,True,True,3,20450,EUR,162.0,0.1,0.0,SRC-00041450
EXP-041451,EMP-0114,IT,2026-04-07,meal,Restaurant B,PRJ-0034,Cash,True,True,4,11033,JPY,1.0,0.1,0.0,SRC-00041451
EXP-041452,EMP-0127,Engineering,2026-05-08,travel,Railway Services,PRJ-0037,CorporateCard,False,True,1,11924,USD,150.0,0.1,0.0,SRC-00041452
EXP-041453,EMP-0140,Sales,2026-06-09,other,Printing Co,PRJ-0040,BankTransfer,True,True,4,16027,EUR,162.0,0.08,0.0,SRC-00041453
EXP-041454,EMP-0153,Legal,2026-07-10,accommodation,Hotel Group C,PRJ-0043,EmployeeReimbursement,True,True,1,20854,JPY,1.0,0.1,0.05,SRC-00041454
EXP-041455,EMP-0166,Operations,2026-08-11,meal,Restaurant A,PRJ-0046,Cash,True,True,4,11365,USD,150.0,0.1,0.0,SRC-00041455
EXP-041456,EMP-0179,Finance,2026-09-12,travel,JAL,PRJ-0049,CorporateCard,False,True,1,12472,EUR,162.0,0.1,0.0,SRC-00041456
EXP-041457,EMP-0192,Procurement,2026-10-13,other,Software Store,PRJ-0052,BankTransfer,True,True,3,16263,JPY,1.0,0.08,0.0,SRC-00041457
EXP-041458,EMP-0205,HR,2026-11-14,accommodation,Hotel Group C,PRJ-0055,EmployeeReimbursement,True,True,2,21258,USD,150.0,0.1,0.0,SRC-00041458
EXP-041459,EMP-0218,IT,2026-12-15,meal,Catering Co,PRJ-0058,Cash,True,True,4,11697,EUR,162.0,0.1,0.0,SRC-00041459
EXP-041460,EMP-0231,Engineering,2026-01-16,travel,JR East,PRJ-0061,CorporateCard,False,True,1,13020,JPY,1.0,0.1,0.0,SRC-00041460
EXP-041461,EMP-0244,Sales,2026-02-17,other,Courier Service,PRJ-0064,BankTransfer,True,True,2,16499,USD,150.0,0.08,0.05,SRC-00041461
EXP-041462,EMP-0007,Legal,2026-03-18,accommodation,Hotel Group C,PRJ-0067,EmployeeReimbursement,True,True,3,21662,EUR,162.0,0.1,0.0,SRC-00041462
EXP-041463,EMP-0020,Operations,2026-04-19,meal,Business Dining,PRJ-0070,Cash,True,True,4,12029,JPY,1.0,0.1,0.0,SRC-00041463
EXP-041464,EMP-0033,Finance,2026-05-20,travel,Railway Services,PRJ-0073,CorporateCard,False,True,1,13568,USD,150.0,0.1,0.0,SRC-00041464
EXP-041465,EMP-0046,Procurement,2026-06-21,other,Office Supply Co,PRJ-0076,BankTransfer,True,True,1,16735,EUR,162.0,0.08,0.0,SRC-00041465
EXP-041466,EMP-0059,HR,2026-07-22,accommodation,Hotel Group C,PRJ-0079,EmployeeReimbursement,True,True,1,22066,JPY,1.0,0.1,0.0,SRC-00041466
EXP-041467,EMP-0072,IT,2026-08-23,meal,Cafe Central,PRJ-0082,Cash,True,True,4,12361,USD,150.0,0.1,0.0,SRC-00041467
EXP-041468,EMP-0085,Engineering,2026-09-24,travel,JAL,PRJ-0085,CorporateCard,False,True,1,14116,EUR,162.0,0.1,0.05,SRC-00041468
EXP-041469,EMP-0098,Sales,2026-10-25,other,Misc Services,PRJ-0088,BankTransfer,True,True,5,16971,JPY,1.0,0.08,0.0,SRC-00041469
EXP-041470,EMP-0111,Legal,2026-11-26,accommodation,Hotel Group C,PRJ-0091,EmployeeReimbursement,True,True,2,22470,USD,150.0,0.1,0.0,SRC-00041470
EXP-041471,EMP-0124,Operations,2026-12-27,meal,Restaurant B,PRJ-0094,Cash,True,True,4,12693,EUR,162.0,0.1,0.0,SRC-00041471
EXP-041472,EMP-0137,Finance,2026-01-01,travel,JR East,PRJ-0097,CorporateCard,False,True,1,14664,JPY,1.0,0.1,0.0,SRC-00041472
EXP-041473,EMP-0150,Procurement,2026-02-02,other,Printing Co,PRJ-0100,BankTransfer,True,True,4,17207,USD,150.0,0.08,0.0,SRC-00041473
EXP-041474,EMP-0163,HR,2026-03-03,accommodation,Hotel Group C,PRJ-0103,EmployeeReimbursement,True,True,3,22874,EUR,162.0,0.1,0.0,SRC-00041474
EXP-041475,EMP-0176,IT,2026-04-04,meal,Restaurant A,PRJ-0106,Cash,True,True,4,13025,JPY,1.0,0.1,0.05,SRC-00041475
EXP-041476,EMP-0189,Engineering,2026-05-05,travel,Railway Services,PRJ-0109,CorporateCard,False,True,1,15212,USD,150.0,0.1,0.0,SRC-00041476
EXP-041477,EMP-0202,Sales,2026-06-06,other,Software Store,PRJ-0112,BankTransfer,True,True,3,17443,EUR,162.0,0.08,0.0,SRC-00041477
EXP-041478,EMP-0215,Legal,2026-07-07,accommodation,Hotel Group C,PRJ-0115,EmployeeReimbursement,True,True,1,23278,JPY,1.0,0.1,0.0,SRC-00041478
EXP-041479,EMP-0228,Operations,2026-08-08,meal,Catering Co,PRJ-0118,Cash,True,True,4,13357,USD,150.0,0.1,0.0,SRC-00041479
EXP-041480,EMP-0241,Finance,2026-09-09,travel,JAL,PRJ-0001,CorporateCard,False,True,1,15760,EUR,162.0,0.1,0.0,SRC-00041480
EXP-041481,EMP-0004,Procurement,2026-10-10,other,Courier Service,PRJ-0004,BankTransfer,True,True,2,17679,JPY,1.0,0.08,0.0,SRC-00041481
EXP-041482,EMP-0017,HR,2026-11-11,accommodation,Hotel Group C,PRJ-0007,EmployeeReimbursement,True,True,2,23682,USD,150.0,0.1,0.05,SRC-00041482
EXP-041483,EMP-0030,IT,2026-12-12,meal,Business Dining,PRJ-0010,Cash,True,True,4,13689,EUR,162.0,0.1,0.0,SRC-00041483
EXP-041484,EMP-0043,Engineering,2026-01-13,travel,JR East,PRJ-0013,CorporateCard,False,True,1,16308,JPY,1.0,0.1,0.0,SRC-00041484
EXP-041485,EMP-0056,Sales,2026-02-14,other,Office Supply Co,PRJ-0016,BankTransfer,True,True,1,17915,USD,150.0,0.08,0.0,SRC-00041485
EXP-041486,EMP-0069,Legal,2026-03-15,accommodation,Hotel Group C,PRJ-0019,EmployeeReimbursement,True,True,3,24086,EUR,162.0,0.1,0.0,SRC-00041486
EXP-041487,EMP-0082,Operations,2026-04-16,meal,Cafe Central,PRJ-0022,Cash,True,True,4,14021,JPY,1.0,0.1,0.0,SRC-00041487
EXP-041488,EMP-0095,Finance,2026-05-17,travel,Railway Services,PRJ-0025,CorporateCard,False,True,1,16856,USD,150.0,0.1,0.0,SRC-00041488
EXP-041489,EMP-0108,Procurement,2026-06-18,other,Misc Services,PRJ-0028,BankTransfer,True,True,5,18151,EUR,162.0,0.08,0.05,SRC-00041489
EXP-041490,EMP-0121,HR,2026-07-19,accommodation,Hotel Group C,PRJ-0031,EmployeeReimbursement,True,True,1,24490,JPY,1.0,0.1,0.0,SRC-00041490
EXP-041491,EMP-0134,IT,2026-08-20,meal,Restaurant B,PRJ-0034,Cash,True,True,4,14353,USD,150.0,0.1,0.0,SRC-00041491
EXP-041492,EMP-0147,Engineering,2026-09-21,travel,JAL,PRJ-0037,CorporateCard,False,True,1,17404,EUR,162.0,0.1,0.0,SRC-00041492
EXP-041493,EMP-0160,Sales,2026-10-22,other,Printing Co,PRJ-0040,BankTransfer,True,True,4,387,JPY,1.0,0.08,0.0,SRC-00041493
EXP-041494,EMP-0173,Legal,2026-11-23,accommodation,Hotel Group C,PRJ-0043,EmployeeReimbursement,True,True,2,24894,USD,150.0,0.1,0.0,SRC-00041494
EXP-041495,EMP-0186,Operations,2026-12-24,meal,Restaurant A,PRJ-0046,Cash,True,True,4,685,EUR,162.0,0.1,0.0,SRC-00041495
EXP-041496,EMP-0199,Finance,2026-01-25,travel,JR East,PRJ-0049,CorporateCard,False,True,1,17952,JPY,1.0,0.1,0.05,SRC-00041496
EXP-041497,EMP-0212,Procurement,2026-02-26,other,Software Store,PRJ-0052,BankTransfer,True,True,3,623,USD,150.0,0.08,0.0,SRC-00041497
EXP-041498,EMP-0225,HR,2026-03-27,accommodation,Hotel Group C,PRJ-0055,EmployeeReimbursement,True,True,3,25298,EUR,162.0,0.1,0.0,SRC-00041498
EXP-041499,EMP-0238,IT,2026-04-01,meal,Catering Co,PRJ-0058,Cash,True,True,4,1017,JPY,1.0,0.1,0.0,SRC-00041499
EXP-041500,EMP-0001,Engineering,2026-05-02,travel,Railway Services,PRJ-0061,CorporateCard,False,True,1,18500,USD,150.0,0.1,0.0,SRC-00041500
EXP-041501,EMP-0014,Sales,2026-06-03,other,Courier Service,PRJ-0064,BankTransfer,True,True,2,859,EUR,162.0,0.08,0.0,SRC-00041501
EXP-041502,EMP-0027,Legal,2026-07-04,accommodation,Hotel Group C,PRJ-0067,EmployeeReimbursement,True,True,1,25702,JPY,1.0,0.1,0.0,SRC-00041502
EXP-041503,EMP-0040,Operations,2026-08-05,meal,Business Dining,PRJ-0070,Cash,True,True,4,1349,USD,150.0,0.1,0.05,SRC-00041503
EXP-041504,EMP-0053,Finance,2026-09-06,travel,JAL,PRJ-0073,CorporateCard,False,True,1,19048,EUR,162.0,0.1,0.0,SRC-00041504
EXP-041505,EMP-0066,Procurement,2026-10-07,other,Office Supply Co,PRJ-0076,BankTransfer,True,True,1,1095,JPY,1.0,0.08,0.0,SRC-00041505
EXP-041506,EMP-0079,HR,2026-11-08,accommodation,Hotel Group C,PRJ-0079,EmployeeReimbursement,True,True,2,26106,USD,150.0,0.1,0.0,SRC-00041506
EXP-041507,EMP-0092,IT,2026-12-09,meal,Cafe Central,PRJ-0082,Cash,True,True,4,1681,EUR,162.0,0.1,0.0,SRC-00041507
EXP-041508,EMP-0105,Engineering,2026-01-10,travel,JR East,PRJ-0085,CorporateCard,False,True,1,19596,JPY,1.0,0.1,0.0,SRC-00041508
EXP-041509,EMP-0118,Sales,2026-02-11,other,Misc Services,PRJ-0088,BankTransfer,True,True,5,1331,USD,150.0,0.08,0.0,SRC-00041509
EXP-041510,EMP-0131,Legal,2026-03-12,accommodation,Hotel Group C,PRJ-0091,EmployeeReimbursement,True,True,3,26510,EUR,162.0,0.1,0.05,SRC-00041510
EXP-041511,EMP-0144,Operations,2026-04-13,meal,Restaurant B,PRJ-0094,Cash,True,True,4,2013,JPY,1.0,0.1,0.0,SRC-00041511
EXP-041512,EMP-0157,Finance,2026-05-14,travel,Railway Services,PRJ-0097,CorporateCard,False,True,1,20144,USD,150.0,0.1,0.0,SRC-00041512
EXP-041513,EMP-0170,Procurement,2026-06-15,other,Printing Co,PRJ-0100,BankTransfer,True,True,4,1567,EUR,162.0,0.08,0.0,SRC-00041513
EXP-041514,EMP-0183,HR,2026-07-16,accommodation,Hotel Group C,PRJ-0103,EmployeeReimbursement,True,True,1,26914,JPY,1.0,0.1,0.0,SRC-00041514
EXP-041515,EMP-0196,IT,2026-08-17,meal,Restaurant A,PRJ-0106,Cash,True,True,4,2345,USD,150.0,0.1,0.0,SRC-00041515
EXP-041516,EMP-0209,Engineering,2026-09-18,travel,JAL,PRJ-0109,CorporateCard,False,True,1,20692,EUR,162.0,0.1,0.0,SRC-00041516
EXP-041517,EMP-0222,Sales,2026-10-19,other,Software Store,PRJ-0112,BankTransfer,True,True,3,1803,JPY,1.0,0.08,0.05,SRC-00041517
EXP-041518,EMP-0235,Legal,2026-11-20,accommodation,Hotel Group C,PRJ-0115,EmployeeReimbursement,True,True,2,27318,USD,150.0,0.1,0.0,SRC-00041518
EXP-041519,EMP-0248,Operations,2026-12-21,meal,Catering Co,PRJ-0118,Cash,True,True,4,2677,EUR,162.0,0.1,0.0,SRC-00041519
EXP-041520,EMP-0011,Finance,2026-01-22,travel,JR East,PRJ-0001,CorporateCard,False,True,1,21240,JPY,1.0,0.1,0.0,SRC-00041520
EXP-041521,EMP-0024,Procurement,2026-02-23,other,Courier Service,PRJ-0004,BankTransfer,True,True,2,2039,USD,150.0,0.08,0.0,SRC-00041521
EXP-041522,EMP-0037,HR,2026-03-24,accommodation,Hotel Group C,PRJ-0007,EmployeeReimbursement,True,True,3,27722,EUR,162.0,0.1,0.0,SRC-00041522
EXP-041523,EMP-0050,IT,2026-04-25,meal,Business Dining,PRJ-0010,Cash,True,True,4,3009,JPY,1.0,0.1,0.0,SRC-00041523
EXP-041524,EMP-0063,Engineering,2026-05-26,travel,Railway Services,PRJ-0013,CorporateCard,False,True,1,21788,USD,150.0,0.1,0.05,SRC-00041524
EXP-041525,EMP-0076,Sales,2026-06-27,other,Office Supply Co,PRJ-0016,BankTransfer,True,True,1,2275,EUR,162.0,0.08,0.0,SRC-00041525
EXP-041526,EMP-0089,Legal,2026-07-01,accommodation,Hotel Group C,PRJ-0019,EmployeeReimbursement,True,True,1,28126,JPY,1.0,0.1,0.0,SRC-00041526
EXP-041527,EMP-0102,Operations,2026-08-02,meal,Cafe Central,PRJ-0022,Cash,True,True,4,3341,USD,150.0,0.1,0.0,SRC-00041527
EXP-041528,EMP-0115,Finance,2026-09-03,travel,JAL,PRJ-0025,CorporateCard,False,True,1,22336,EUR,162.0,0.1,0.0,SRC-00041528
EXP-041529,EMP-0128,Procurement,2026-10-04,other,Misc Services,PRJ-0028,BankTransfer,True,True,5,2511,JPY,1.0,0.08,0.0,SRC-00041529
EXP-041530,EMP-0141,HR,2026-11-05,accommodation,Hotel Group C,PRJ-0031,EmployeeReimbursement,True,True,2,28530,USD,150.0,0.1,0.0,SRC-00041530
EXP-041531,EMP-0154,IT,2026-12-06,meal,Restaurant B,PRJ-0034,Cash,True,True,4,3673,EUR,162.0,0.1,0.05,SRC-00041531
EXP-041532,EMP-0167,Engineering,2026-01-07,travel,JR East,PRJ-0037,CorporateCard,False,True,1,22884,JPY,1.0,0.1,0.0,SRC-00041532
EXP-041533,EMP-0180,Sales,2026-02-08,other,Printing Co,PRJ-0040,BankTransfer,True,True,4,2747,USD,150.0,0.08,0.0,SRC-00041533
EXP-041534,EMP-0193,Legal,2026-03-09,accommodation,Hotel Group C,PRJ-0043,EmployeeReimbursement,True,True,3,28934,EUR,162.0,0.1,0.0,SRC-00041534
EXP-041535,EMP-0206,Operations,2026-04-10,meal,Restaurant A,PRJ-0046,Cash,True,True,4,4005,JPY,1.0,0.1,0.0,SRC-00041535
EXP-041536,EMP-0219,Finance,2026-05-11,travel,Railway Services,PRJ-0049,CorporateCard,False,True,1,23432,USD,150.0,0.1,0.0,SRC-00041536
EXP-041537,EMP-0232,Procurement,2026-06-12,other,Software Store,PRJ-0052,BankTransfer,True,True,3,2983,EUR,162.0,0.08,0.0,SRC-00041537
EXP-041538,EMP-0245,HR,2026-07-13,accommodation,Hotel Group C,PRJ-0055,EmployeeReimbursement,True,True,1,29338,JPY,1.0,0.1,0.05,SRC-00041538
EXP-041539,EMP-0008,IT,2026-08-14,meal,Catering Co,PRJ-0058,Cash,True,True,4,4337,USD,150.0,0.1,0.0,SRC-00041539
EXP-041540,EMP-0021,Engineering,2026-09-15,travel,JAL,PRJ-0061,CorporateCard,False,True,1,23980,EUR,162.0,0.1,0.0,SRC-00041540
EXP-041541,EMP-0034,Sales,2026-10-16,other,Courier Service,PRJ-0064,BankTransfer,True,True,2,3219,JPY,1.0,0.08,0.0,SRC-00041541
EXP-041542,EMP-0047,Legal,2026-11-17,accommodation,Hotel Group C,PRJ-0067,EmployeeReimbursement,True,True,2,29742,USD,150.0,0.1,0.0,SRC-00041542
EXP-041543,EMP-0060,Operations,2026-12-18,meal,Business Dining,PRJ-0070,Cash,True,True,4,4669,EUR,162.0,0.1,0.0,SRC-00041543
EXP-041544,EMP-0073,Finance,2026-01-19,travel,JR East,PRJ-0073,CorporateCard,False,True,1,24528,JPY,1.0,0.1,0.0,SRC-00041544
EXP-041545,EMP-0086,Procurement,2026-02-20,other,Office Supply Co,PRJ-0076,BankTransfer,True,True,1,3455,USD,150.0,0.08,0.05,SRC-00041545
EXP-041546,EMP-0099,HR,2026-03-21,accommodation,Hotel Group C,PRJ-0079,EmployeeReimbursement,True,True,3,30146,EUR,162.0,0.1,0.0,SRC-00041546
EXP-041547,EMP-0112,IT,2026-04-22,meal,Cafe Central,PRJ-0082,Cash,True,True,4,5001,JPY,1.0,0.1,0.0,SRC-00041547
EXP-041548,EMP-0125,Engineering,2026-05-23,travel,Railway Services,PRJ-0085,CorporateCard,False,True,1,25076,USD,150.0,0.1,0.0,SRC-00041548
EXP-041549,EMP-0138,Sales,2026-06-24,other,Misc Services,PRJ-0088,BankTransfer,True,True,5,3691,EUR,162.0,0.08,0.0,SRC-00041549
EXP-041550,EMP-0151,Legal,2026-07-25,accommodation,Hotel Group C,PRJ-0091,EmployeeReimbursement,True,True,1,30550,JPY,1.0,0.1,0.0,SRC-00041550
EXP-041551,EMP-0164,Operations,2026-08-26,meal,Restaurant B,PRJ-0094,Cash,True,True,4,5333,USD,150.0,0.1,0.0,SRC-00041551
EXP-041552,EMP-0177,Finance,2026-09-27,travel,JAL,PRJ-0097,CorporateCard,False,True,1,25624,EUR,162.0,0.1,0.05,SRC-00041552
EXP-041553,EMP-0190,Procurement,2026-10-01,other,Printing Co,PRJ-0100,BankTransfer,True,True,4,3927,JPY,1.0,0.08,0.0,SRC-00041553
EXP-041554,EMP-0203,HR,2026-11-02,accommodation,Hotel Group C,PRJ-0103,EmployeeReimbursement,True,True,2,30954,USD,150.0,0.1,0.0,SRC-00041554
EXP-041555,EMP-0216,IT,2026-12-03,meal,Restaurant A,PRJ-0106,Cash,True,True,4,5665,EUR,162.0,0.1,0.0,SRC-00041555
EXP-041556,EMP-0229,Engineering,2026-01-04,travel,JR East,PRJ-0109,CorporateCard,False,True,1,26172,JPY,1.0,0.1,0.0,SRC-00041556
EXP-041557,EMP-0242,Sales,2026-02-05,other,Software Store,PRJ-0112,BankTransfer,True,True,3,4163,USD,150.0,0.08,0.0,SRC-00041557
EXP-041558,EMP-0005,Legal,2026-03-06,accommodation,Hotel Group C,PRJ-0115,EmployeeReimbursement,True,True,3,31358,EUR,162.0,0.1,0.0,SRC-00041558
EXP-041559,EMP-0018,Operations,2026-04-07,meal,Catering Co,PRJ-0118,Cash,True,True,4,5997,JPY,1.0,0.1,0.05,SRC-00041559
EXP-041560,EMP-0031,Finance,2026-05-08,travel,Railway Services,PRJ-0001,CorporateCard,False,True,1,26720,USD,150.0,0.1,0.0,SRC-00041560
EXP-041561,EMP-0044,Procurement,2026-06-09,other,Courier Service,PRJ-0004,BankTransfer,True,True,2,4399,EUR,162.0,0.08,0.0,SRC-00041561
EXP-041562,EMP-0057,HR,2026-07-10,accommodation,Hotel Group C,PRJ-0007,EmployeeReimbursement,True,True,1,31762,JPY,1.0,0.1,0.0,SRC-00041562
EXP-041563,EMP-0070,IT,2026-08-11,meal,Business Dining,PRJ-0010,Cash,True,True,4,6329,USD,150.0,0.1,0.0,SRC-00041563
EXP-041564,EMP-0083,Engineering,2026-09-12,travel,JAL,PRJ-0013,CorporateCard,False,True,1,27268,EUR,162.0,0.1,0.0,SRC-00041564
EXP-041565,EMP-0096,Sales,2026-10-13,other,Office Supply Co,PRJ-0016,BankTransfer,True,True,1,4635,JPY,1.0,0.08,0.0,SRC-00041565
EXP-041566,EMP-0109,Legal,2026-11-14,accommodation,Hotel Group C,PRJ-0019,EmployeeReimbursement,True,True,2,32166,USD,150.0,0.1,0.05,SRC-00041566
EXP-041567,EMP-0122,Operations,2026-12-15,meal,Cafe Central,PRJ-0022,Cash,True,True,4,6661,EUR,162.0,0.1,0.0,SRC-00041567
EXP-041568,EMP-0135,Finance,2026-01-16,travel,JR East,PRJ-0025,CorporateCard,False,True,1,27816,JPY,1.0,0.1,0.0,SRC-00041568
EXP-041569,EMP-0148,Procurement,2026-02-17,other,Misc Services,PRJ-0028,BankTransfer,True,True,5,4871,USD,150.0,0.08,0.0,SRC-00041569
EXP-041570,EMP-0161,HR,2026-03-18,accommodation,Hotel Group C,PRJ-0031,EmployeeReimbursement,True,True,3,32570,EUR,162.0,0.1,0.0,SRC-00041570
EXP-041571,EMP-0174,IT,2026-04-19,meal,Restaurant B,PRJ-0034,Cash,True,True,4,6993,JPY,1.0,0.1,0.0,SRC-00041571
EXP-041572,EMP-0187,Engineering,2026-05-20,travel,Railway Services,PRJ-0037,CorporateCard,False,True,1,28364,USD,150.0,0.1,0.0,SRC-00041572
EXP-041573,EMP-0200,Sales,2026-06-21,other,Printing Co,PRJ-0040,BankTransfer,True,True,4,5107,EUR,162.0,0.08,0.05,SRC-00041573
EXP-041574,EMP-0213,Legal,2026-07-22,accommodation,Hotel Group C,PRJ-0043,EmployeeReimbursement,True,True,1,32974,JPY,1.0,0.1,0.0,SRC-00041574
EXP-041575,EMP-0226,Operations,2026-08-23,meal,Restaurant A,PRJ-0046,Cash,True,True,4,7325,USD,150.0,0.1,0.0,SRC-00041575
EXP-041576,EMP-0239,Finance,2026-09-24,travel,JAL,PRJ-0049,CorporateCard,False,True,1,28912,EUR,162.0,0.1,0.0,SRC-00041576
EXP-041577,EMP-0002,Procurement,2026-10-25,other,Software Store,PRJ-0052,BankTransfer,True,True,3,5343,JPY,1.0,0.08,0.0,SRC-00041577
EXP-041578,EMP-0015,HR,2026-11-26,accommodation,Hotel Group C,PRJ-0055,EmployeeReimbursement,True,True,2,33378,USD,150.0,0.1,0.0,SRC-00041578
EXP-041579,EMP-0028,IT,2026-12-27,meal,Catering Co,PRJ-0058,Cash,True,True,4,7657,EUR,162.0,0.1,0.0,SRC-00041579
EXP-041580,EMP-0041,Engineering,2026-01-01,travel,JR East,PRJ-0061,CorporateCard,False,True,1,29460,JPY,1.0,0.1,0.05,SRC-00041580
EXP-041581,EMP-0054,Sales,2026-02-02,other,Courier Service,PRJ-0064,BankTransfer,True,True,2,5579,USD,150.0,0.08,0.0,SRC-00041581
EXP-041582,EMP-0067,Legal,2026-03-03,accommodation,Hotel Group C,PRJ-0067,EmployeeReimbursement,True,True,3,33782,EUR,162.0,0.1,0.0,SRC-00041582
EXP-041583,EMP-0080,Operations,2026-04-04,meal,Business Dining,PRJ-0070,Cash,True,True,4,7989,JPY,1.0,0.1,0.0,SRC-00041583
EXP-041584,EMP-0093,Finance,2026-05-05,travel,Railway Services,PRJ-0073,CorporateCard,False,True,1,30008,USD,150.0,0.1,0.0,SRC-00041584
EXP-041585,EMP-0106,Procurement,2026-06-06,other,Office Supply Co,PRJ-0076,BankTransfer,True,True,1,5815,EUR,162.0,0.08,0.0,SRC-00041585
EXP-041586,EMP-0119,HR,2026-07-07,accommodation,Hotel Group C,PRJ-0079,EmployeeReimbursement,True,True,1,6186,JPY,1.0,0.1,0.0,SRC-00041586
EXP-041587,EMP-0132,IT,2026-08-08,meal,Cafe Central,PRJ-0082,Cash,True,True,4,8321,USD,150.0,0.1,0.05,SRC-00041587
EXP-041588,EMP-0145,Engineering,2026-09-09,travel,JAL,PRJ-0085,CorporateCard,False,True,1,30556,EUR,162.0,0.1,0.0,SRC-00041588
EXP-041589,EMP-0158,Sales,2026-10-10,other,Misc Services,PRJ-0088,BankTransfer,True,True,5,6051,JPY,1.0,0.08,0.0,SRC-00041589
EXP-041590,EMP-0171,Legal,2026-11-11,accommodation,Hotel Group C,PRJ-0091,EmployeeReimbursement,True,True,2,6590,USD,150.0,0.1,0.0,SRC-00041590
EXP-041591,EMP-0184,Operations,2026-12-12,meal,Restaurant B,PRJ-0094,Cash,True,True,4,8653,EUR,162.0,0.1,0.0,SRC-00041591
EXP-041592,EMP-0197,Finance,2026-01-13,travel,JR East,PRJ-0097,CorporateCard,False,True,1,31104,JPY,1.0,0.1,0.0,SRC-00041592
EXP-041593,EMP-0210,Procurement,2026-02-14,other,Printing Co,PRJ-0100,BankTransfer,True,True,4,6287,USD,150.0,0.08,0.0,SRC-00041593
EXP-041594,EMP-0223,HR,2026-03-15,accommodation,Hotel Group C,PRJ-0103,EmployeeReimbursement,True,True,3,6994,EUR,162.0,0.1,0.05,SRC-00041594
EXP-041595,EMP-0236,IT,2026-04-16,meal,Restaurant A,PRJ-0106,Cash,True,True,4,8985,JPY,1.0,0.1,0.0,SRC-00041595
EXP-041596,EMP-0249,Engineering,2026-05-17,travel,Railway Services,PRJ-0109,CorporateCard,False,True,1,31652,USD,150.0,0.1,0.0,SRC-00041596
EXP-041597,EMP-0012,Sales,2026-06-18,other,Software Store,PRJ-0112,BankTransfer,True,True,3,6523,EUR,162.0,0.08,0.0,SRC-00041597
EXP-041598,EMP-0025,Legal,2026-07-19,accommodation,Hotel Group C,PRJ-0115,EmployeeReimbursement,True,True,1,7398,JPY,1.0,0.1,0.0,SRC-00041598
EXP-041599,EMP-0038,Operations,2026-08-20,meal,Catering Co,PRJ-0118,Cash,True,True,4,9317,USD,150.0,0.1,0.0,SRC-00041599
EXP-041600,EMP-0051,Finance,2026-09-21,travel,JAL,PRJ-0001,CorporateCard,False,True,1,32200,EUR,162.0,0.1,0.0,SRC-00041600
EXP-041601,EMP-0064,Procurement,2026-10-22,other,Courier Service,PRJ-0004,BankTransfer,True,True,2,6759,JPY,1.0,0.08,0.05,SRC-00041601
EXP-041602,EMP-0077,HR,2026-11-23,accommodation,Hotel Group C,PRJ-0007,EmployeeReimbursement,True,True,2,7802,USD,150.0,0.1,0.0,SRC-00041602
EXP-041603,EMP-0090,IT,2026-12-24,meal,Business Dining,PRJ-0010,Cash,True,True,4,9649,EUR,162.0,0.1,0.0,SRC-00041603
EXP-041604,EMP-0103,Engineering,2026-01-25,travel,JR East,PRJ-0013,CorporateCard,False,True,1,32748,JPY,1.0,0.1,0.0,SRC-00041604
EXP-041605,EMP-0116,Sales,2026-02-26,other,Office Supply Co,PRJ-0016,BankTransfer,True,True,1,6995,USD,150.0,0.08,0.0,SRC-00041605
EXP-041606,EMP-0129,Legal,2026-03-27,accommodation,Hotel Group C,PRJ-0019,EmployeeReimbursement,True,True,3,8206,EUR,162.0,0.1,0.0,SRC-00041606
EXP-041607,EMP-0142,Operations,2026-04-01,meal,Cafe Central,PRJ-0022,Cash,True,True,4,9981,JPY,1.0,0.1,0.0,SRC-00041607
EXP-041608,EMP-0155,Finance,2026-05-02,travel,Railway Services,PRJ-0025,CorporateCard,False,True,1,33296,USD,150.0,0.1,0.05,SRC-00041608
EXP-041609,EMP-0168,Procurement,2026-06-03,other,Misc Services,PRJ-0028,BankTransfer,True,True,5,7231,EUR,162.0,0.08,0.0,SRC-00041609
EXP-041610,EMP-0181,HR,2026-07-04,accommodation,Hotel Group C,PRJ-0031,EmployeeReimbursement,True,True,1,8610,JPY,1.0,0.1,0.0,SRC-00041610
EXP-041611,EMP-0194,IT,2026-08-05,meal,Restaurant B,PRJ-0034,Cash,True,True,4,10313,USD,150.0,0.1,0.0,SRC-00041611
EXP-041612,EMP-0207,Engineering,2026-09-06,travel,JAL,PRJ-0037,CorporateCard,False,True,1,33844,EUR,162.0,0.1,0.0,SRC-00041612
EXP-041613,EMP-0220,Sales,2026-10-07,other,Printing Co,PRJ-0040,BankTransfer,True,True,4,7467,JPY,1.0,0.08,0.0,SRC-00041613
EXP-041614,EMP-0233,Legal,2026-11-08,accommodation,Hotel Group C,PRJ-0043,EmployeeReimbursement,True,True,2,9014,USD,150.0,0.1,0.0,SRC-00041614
EXP-041615,EMP-0246,Operations,2026-12-09,meal,Restaurant A,PRJ-0046,Cash,True,True,4,10645,EUR,162.0,0.1,0.05,SRC-00041615
EXP-041616,EMP-0009,Finance,2026-01-10,travel,JR East,PRJ-0049,CorporateCard,False,True,1,34392,JPY,1.0,0.1,0.0,SRC-00041616
EXP-041617,EMP-0022,Procurement,2026-02-11,other,Software Store,PRJ-0052,BankTransfer,True,True,3,7703,USD,150.0,0.08,0.0,SRC-00041617
EXP-041618,EMP-0035,HR,2026-03-12,accommodation,Hotel Group C,PRJ-0055,EmployeeReimbursement,True,True,3,9418,EUR,162.0,0.1,0.0,SRC-00041618
EXP-041619,EMP-0048,IT,2026-04-13,meal,Catering Co,PRJ-0058,Cash,True,True,4,10977,JPY,1.0,0.1,0.0,SRC-00041619
EXP-041620,EMP-0061,Engineering,2026-05-14,travel,Railway Services,PRJ-0061,CorporateCard,False,True,1,34940,USD,150.0,0.1,0.0,SRC-00041620
EXP-041621,EMP-0074,Sales,2026-06-15,other,Courier Service,PRJ-0064,BankTransfer,True,True,2,7939,EUR,162.0,0.08,0.0,SRC-00041621
EXP-041622,EMP-0087,Legal,2026-07-16,accommodation,Hotel Group C,PRJ-0067,EmployeeReimbursement,True,True,1,9822,JPY,1.0,0.1,0.05,SRC-00041622
EXP-041623,EMP-0100,Operations,2026-08-17,meal,Business Dining,PRJ-0070,Cash,True,True,4,11309,USD,150.0,0.1,0.0,SRC-00041623
EXP-041624,EMP-0113,Finance,2026-09-18,travel,JAL,PRJ-0073,CorporateCard,False,True,1,35488,EUR,162.0,0.1,0.0,SRC-00041624
EXP-041625,EMP-0126,Procurement,2026-10-19,other,Office Supply Co,PRJ-0076,BankTransfer,True,True,1,8175,JPY,1.0,0.08,0.0,SRC-00041625
EXP-041626,EMP-0139,HR,2026-11-20,accommodation,Hotel Group C,PRJ-0079,EmployeeReimbursement,True,True,2,10226,USD,150.0,0.1,0.0,SRC-00041626
EXP-041627,EMP-0152,IT,2026-12-21,meal,Cafe Central,PRJ-0082,Cash,True,True,4,11641,EUR,162.0,0.1,0.0,SRC-00041627
EXP-041628,EMP-0165,Engineering,2026-01-22,travel,JR East,PRJ-0085,CorporateCard,False,True,1,36036,JPY,1.0,0.1,0.0,SRC-00041628
EXP-041629,EMP-0178,Sales,2026-02-23,other,Misc Services,PRJ-0088,BankTransfer,True,True,5,8411,USD,150.0,0.08,0.05,SRC-00041629
EXP-041630,EMP-0191,Legal,2026-03-24,accommodation,Hotel Group C,PRJ-0091,EmployeeReimbursement,True,True,3,10630,EUR,162.0,0.1,0.0,SRC-00041630
EXP-041631,EMP-0204,Operations,2026-04-25,meal,Restaurant B,PRJ-0094,Cash,True,True,4,11973,JPY,1.0,0.1,0.0,SRC-00041631
EXP-041632,EMP-0217,Finance,2026-05-26,travel,Railway Services,PRJ-0097,CorporateCard,False,True,1,36584,USD,150.0,0.1,0.0,SRC-00041632
EXP-041633,EMP-0230,Procurement,2026-06-27,other,Printing Co,PRJ-0100,BankTransfer,True,True,4,8647,EUR,162.0,0.08,0.0,SRC-00041633
EXP-041634,EMP-0243,HR,2026-07-01,accommodation,Hotel Group C,PRJ-0103,EmployeeReimbursement,True,True,1,11034,JPY,1.0,0.1,0.0,SRC-00041634
EXP-041635,EMP-0006,IT,2026-08-02,meal,Restaurant A,PRJ-0106,Cash,True,True,4,12305,USD,150.0,0.1,0.0,SRC-00041635
EXP-041636,EMP-0019,Engineering,2026-09-03,travel,JAL,PRJ-0109,CorporateCard,False,True,1,37132,EUR,162.0,0.1,0.05,SRC-00041636
EXP-041637,EMP-0032,Sales,2026-10-04,other,Software Store,PRJ-0112,BankTransfer,True,True,3,8883,JPY,1.0,0.08,0.0,SRC-00041637
EXP-041638,EMP-0045,Legal,2026-11-05,accommodation,Hotel Group C,PRJ-0115,EmployeeReimbursement,True,True,2,11438,USD,150.0,0.1,0.0,SRC-00041638
EXP-041639,EMP-0058,Operations,2026-12-06,meal,Catering Co,PRJ-0118,Cash,True,True,4,12637,EUR,162.0,0.1,0.0,SRC-00041639
EXP-041640,EMP-0071,Finance,2026-01-07,travel,JR East,PRJ-0001,CorporateCard,False,True,1,37680,JPY,1.0,0.1,0.0,SRC-00041640
EXP-041641,EMP-0084,Procurement,2026-02-08,other,Courier Service,PRJ-0004,BankTransfer,True,True,2,9119,USD,150.0,0.08,0.0,SRC-00041641
EXP-041642,EMP-0097,HR,2026-03-09,accommodation,Hotel Group C,PRJ-0007,EmployeeReimbursement,True,True,3,11842,EUR,162.0,0.1,0.0,SRC-00041642
EXP-041643,EMP-0110,IT,2026-04-10,meal,Business Dining,PRJ-0010,Cash,True,True,4,12969,JPY,1.0,0.1,0.05,SRC-00041643
EXP-041644,EMP-0123,Engineering,2026-05-11,travel,Railway Services,PRJ-0013,CorporateCard,False,True,1,38228,USD,150.0,0.1,0.0,SRC-00041644
EXP-041645,EMP-0136,Sales,2026-06-12,other,Office Supply Co,PRJ-0016,BankTransfer,True,True,1,9355,EUR,162.0,0.08,0.0,SRC-00041645
EXP-041646,EMP-0149,Legal,2026-07-13,accommodation,Hotel Group C,PRJ-0019,EmployeeReimbursement,True,True,1,12246,JPY,1.0,0.1,0.0,SRC-00041646
EXP-041647,EMP-0162,Operations,2026-08-14,meal,Cafe Central,PRJ-0022,Cash,True,True,4,13301,USD,150.0,0.1,0.0,SRC-00041647
EXP-041648,EMP-0175,Finance,2026-09-15,travel,JAL,PRJ-0025,CorporateCard,False,True,1,38776,EUR,162.0,0.1,0.0,SRC-00041648
EXP-041649,EMP-0188,Procurement,2026-10-16,other,Misc Services,PRJ-0028,BankTransfer,True,True,5,9591,JPY,1.0,0.08,0.0,SRC-00041649
EXP-041650,EMP-0201,HR,2026-11-17,accommodation,Hotel Group C,PRJ-0031,EmployeeReimbursement,True,True,2,12650,USD,150.0,0.1,0.05,SRC-00041650
EXP-041651,EMP-0214,IT,2026-12-18,meal,Restaurant B,PRJ-0034,Cash,True,True,4,13633,EUR,162.0,0.1,0.0,SRC-00041651
EXP-041652,EMP-0227,Engineering,2026-01-19,travel,JR East,PRJ-0037,CorporateCard,False,True,1,39324,JPY,1.0,0.1,0.0,SRC-00041652
EXP-041653,EMP-0240,Sales,2026-02-20,other,Printing Co,PRJ-0040,BankTransfer,True,True,4,9827,USD,150.0,0.08,0.0,SRC-00041653
EXP-041654,EMP-0003,Legal,2026-03-21,accommodation,Hotel Group C,PRJ-0043,EmployeeReimbursement,True,True,3,13054,EUR,162.0,0.1,0.0,SRC-00041654
EXP-041655,EMP-0016,Operations,2026-04-22,meal,Restaurant A,PRJ-0046,Cash,True,True,4,13965,JPY,1.0,0.1,0.0,SRC-00041655
EXP-041656,EMP-0029,Finance,2026-05-23,travel,Railway Services,PRJ-0049,CorporateCard,False,True,1,39872,USD,150.0,0.1,0.0,SRC-00041656
EXP-041657,EMP-0042,Procurement,2026-06-24,other,Software Store,PRJ-0052,BankTransfer,True,True,3,10063,EUR,162.0,0.08,0.05,SRC-00041657
EXP-041658,EMP-0055,HR,2026-07-25,accommodation,Hotel Group C,PRJ-0055,EmployeeReimbursement,True,True,1,13458,JPY,1.0,0.1,0.0,SRC-00041658
EXP-041659,EMP-0068,IT,2026-08-26,meal,Catering Co,PRJ-0058,Cash,True,True,4,14297,USD,150.0,0.1,0.0,SRC-00041659
EXP-041660,EMP-0081,Engineering,2026-09-27,travel,JAL,PRJ-0061,CorporateCard,False,True,1,40420,EUR,162.0,0.1,0.0,SRC-00041660
EXP-041661,EMP-0094,Sales,2026-10-01,other,Courier Service,PRJ-0064,BankTransfer,True,True,2,10299,JPY,1.0,0.08,0.0,SRC-00041661
EXP-041662,EMP-0107,Legal,2026-11-02,accommodation,Hotel Group C,PRJ-0067,EmployeeReimbursement,True,True,2,13862,USD,150.0,0.1,0.0,SRC-00041662
EXP-041663,EMP-0120,Operations,2026-12-03,meal,Business Dining,PRJ-0070,Cash,True,True,4,629,EUR,162.0,0.1,0.0,SRC-00041663
EXP-041664,EMP-0133,Finance,2026-01-04,travel,JR East,PRJ-0073,CorporateCard,False,True,1,40968,JPY,1.0,0.1,0.05,SRC-00041664
EXP-041665,EMP-0146,Procurement,2026-02-05,other,Office Supply Co,PRJ-0076,BankTransfer,True,True,1,10535,USD,150.0,0.08,0.0,SRC-00041665
EXP-041666,EMP-0159,HR,2026-03-06,accommodation,Hotel Group C,PRJ-0079,EmployeeReimbursement,True,True,3,14266,EUR,162.0,0.1,0.0,SRC-00041666
EXP-041667,EMP-0172,IT,2026-04-07,meal,Cafe Central,PRJ-0082,Cash,True,True,4,961,JPY,1.0,0.1,0.0,SRC-00041667
EXP-041668,EMP-0185,Engineering,2026-05-08,travel,Railway Services,PRJ-0085,CorporateCard,False,True,1,41516,USD,150.0,0.1,0.0,SRC-00041668
EXP-041669,EMP-0198,Sales,2026-06-09,other,Misc Services,PRJ-0088,BankTransfer,True,True,5,10771,EUR,162.0,0.08,0.0,SRC-00041669
EXP-041670,EMP-0211,Legal,2026-07-10,accommodation,Hotel Group C,PRJ-0091,EmployeeReimbursement,True,True,1,14670,JPY,1.0,0.1,0.0,SRC-00041670
EXP-041671,EMP-0224,Operations,2026-08-11,meal,Restaurant B,PRJ-0094,Cash,True,True,4,1293,USD,150.0,0.1,0.05,SRC-00041671
EXP-041672,EMP-0237,Finance,2026-09-12,travel,JAL,PRJ-0097,CorporateCard,False,True,1,42064,EUR,162.0,0.1,0.0,SRC-00041672
EXP-041673,EMP-0250,Procurement,2026-10-13,other,Printing Co,PRJ-0100,BankTransfer,True,True,4,11007,JPY,1.0,0.08,0.0,SRC-00041673
EXP-041674,EMP-0013,HR,2026-11-14,accommodation,Hotel Group C,PRJ-0103,EmployeeReimbursement,True,True,2,15074,USD,150.0,0.1,0.0,SRC-00041674
EXP-041675,EMP-0026,IT,2026-12-15,meal,Restaurant A,PRJ-0106,Cash,True,True,4,1625,EUR,162.0,0.1,0.0,SRC-00041675
EXP-041676,EMP-0039,Engineering,2026-01-16,travel,JR East,PRJ-0109,CorporateCard,False,True,1,42612,JPY,1.0,0.1,0.0,SRC-00041676
EXP-041677,EMP-0052,Sales,2026-02-17,other,Software Store,PRJ-0112,BankTransfer,True,True,3,11243,USD,150.0,0.08,0.0,SRC-00041677
EXP-041678,EMP-0065,Legal,2026-03-18,accommodation,Hotel Group C,PRJ-0115,EmployeeReimbursement,True,True,3,15478,EUR,162.0,0.1,0.05,SRC-00041678
EXP-041679,EMP-0078,Operations,2026-04-19,meal,Catering Co,PRJ-0118,Cash,True,True,4,1957,JPY,1.0,0.1,0.0,SRC-00041679
EXP-041680,EMP-0091,Finance,2026-05-20,travel,Railway Services,PRJ-0001,CorporateCard,False,True,1,43160,USD,150.0,0.1,0.0,SRC-00041680
EXP-041681,EMP-0104,Procurement,2026-06-21,other,Courier Service,PRJ-0004,BankTransfer,True,True,2,11479,EUR,162.0,0.08,0.0,SRC-00041681
EXP-041682,EMP-0117,HR,2026-07-22,accommodation,Hotel Group C,PRJ-0007,EmployeeReimbursement,True,True,1,15882,JPY,1.0,0.1,0.0,SRC-00041682
EXP-041683,EMP-0130,IT,2026-08-23,meal,Business Dining,PRJ-0010,Cash,True,True,4,2289,USD,150.0,0.1,0.0,SRC-00041683
EXP-041684,EMP-0143,Engineering,2026-09-24,travel,JAL,PRJ-0013,CorporateCard,False,True,1,43708,EUR,162.0,0.1,0.0,SRC-00041684
EXP-041685,EMP-0156,Sales,2026-10-25,other,Office Supply Co,PRJ-0016,BankTransfer,True,True,1,11715,JPY,1.0,0.08,0.05,SRC-00041685
EXP-041686,EMP-0169,Legal,2026-11-26,accommodation,Hotel Group C,PRJ-0019,EmployeeReimbursement,True,True,2,16286,USD,150.0,0.1,0.0,SRC-00041686
EXP-041687,EMP-0182,Operations,2026-12-27,meal,Cafe Central,PRJ-0022,Cash,True,True,4,2621,EUR,162.0,0.1,0.0,SRC-00041687
EXP-041688,EMP-0195,Finance,2026-01-01,travel,JR East,PRJ-0025,CorporateCard,False,True,1,44256,JPY,1.0,0.1,0.0,SRC-00041688
EXP-041689,EMP-0208,Procurement,2026-02-02,other,Misc Services,PRJ-0028,BankTransfer,True,True,5,11951,USD,150.0,0.08,0.0,SRC-00041689
EXP-041690,EMP-0221,HR,2026-03-03,accommodation,Hotel Group C,PRJ-0031,EmployeeReimbursement,True,True,3,16690,EUR,162.0,0.1,0.0,SRC-00041690
EXP-041691,EMP-0234,IT,2026-04-04,meal,Restaurant B,PRJ-0034,Cash,True,True,4,2953,JPY,1.0,0.1,0.0,SRC-00041691
EXP-041692,EMP-0247,Engineering,2026-05-05,travel,Railway Services,PRJ-0037,CorporateCard,False,True,1,44804,USD,150.0,0.1,0.05,SRC-00041692
EXP-041693,EMP-0010,Sales,2026-06-06,other,Printing Co,PRJ-0040,BankTransfer,True,True,4,12187,EUR,162.0,0.08,0.0,SRC-00041693
EXP-041694,EMP-0023,Legal,2026-07-07,accommodation,Hotel Group C,PRJ-0043,EmployeeReimbursement,True,True,1,17094,JPY,1.0,0.1,0.0,SRC-00041694
EXP-041695,EMP-0036,Operations,2026-08-08,meal,Restaurant A,PRJ-0046,Cash,True,True,4,3285,USD,150.0,0.1,0.0,SRC-00041695
EXP-041696,EMP-0049,Finance,2026-09-09,travel,JAL,PRJ-0049,CorporateCard,False,True,1,45352,EUR,162.0,0.1,0.0,SRC-00041696
EXP-041697,EMP-0062,Procurement,2026-10-10,other,Software Store,PRJ-0052,BankTransfer,True,True,3,12423,JPY,1.0,0.08,0.0,SRC-00041697
EXP-041698,EMP-0075,HR,2026-11-11,accommodation,Hotel Group C,PRJ-0055,EmployeeReimbursement,True,True,2,17498,USD,150.0,0.1,0.0,SRC-00041698
EXP-041699,EMP-0088,IT,2026-12-12,meal,Catering Co,PRJ-0058,Cash,True,True,4,3617,EUR,162.0,0.1,0.05,SRC-00041699
EXP-041700,EMP-0101,Engineering,2026-01-13,travel,JR East,PRJ-0061,CorporateCard,False,True,1,45900,JPY,1.0,0.1,0.0,SRC-00041700
EXP-041701,EMP-0114,Sales,2026-02-14,other,Courier Service,PRJ-0064,BankTransfer,True,True,2,12659,USD,150.0,0.08,0.0,SRC-00041701
EXP-041702,EMP-0127,Legal,2026-03-15,accommodation,Hotel Group C,PRJ-0067,EmployeeReimbursement,True,True,3,17902,EUR,162.0,0.1,0.0,SRC-00041702
EXP-041703,EMP-0140,Operations,2026-04-16,meal,Business Dining,PRJ-0070,Cash,True,True,4,3949,JPY,1.0,0.1,0.0,SRC-00041703
EXP-041704,EMP-0153,Finance,2026-05-17,travel,Railway Services,PRJ-0073,CorporateCard,False,True,1,46448,USD,150.0,0.1,0.0,SRC-00041704
EXP-041705,EMP-0166,Procurement,2026-06-18,other,Office Supply Co,PRJ-0076,BankTransfer,True,True,1,12895,EUR,162.0,0.08,0.0,SRC-00041705
EXP-041706,EMP-0179,HR,2026-07-19,accommodation,Hotel Group C,PRJ-0079,EmployeeReimbursement,True,True,1,18306,JPY,1.0,0.1,0.05,SRC-00041706
EXP-041707,EMP-0192,IT,2026-08-20,meal,Cafe Central,PRJ-0082,Cash,True,True,4,4281,USD,150.0,0.1,0.0,SRC-00041707
EXP-041708,EMP-0205,Engineering,2026-09-21,travel,JAL,PRJ-0085,CorporateCard,False,True,1,46996,EUR,162.0,0.1,0.0,SRC-00041708
EXP-041709,EMP-0218,Sales,2026-10-22,other,Misc Services,PRJ-0088,BankTransfer,True,True,5,13131,JPY,1.0,0.08,0.0,SRC-00041709
EXP-041710,EMP-0231,Legal,2026-11-23,accommodation,Hotel Group C,PRJ-0091,EmployeeReimbursement,True,True,2,18710,USD,150.0,0.1,0.0,SRC-00041710
EXP-041711,EMP-0244,Operations,2026-12-24,meal,Restaurant B,PRJ-0094,Cash,True,True,4,4613,EUR,162.0,0.1,0.0,SRC-00041711
EXP-041712,EMP-0007,Finance,2026-01-25,travel,JR East,PRJ-0097,CorporateCard,False,True,1,47544,JPY,1.0,0.1,0.0,SRC-00041712
EXP-041713,EMP-0020,Procurement,2026-02-26,other,Printing Co,PRJ-0100,BankTransfer,True,True,4,13367,USD,150.0,0.08,0.05,SRC-00041713
EXP-041714,EMP-0033,HR,2026-03-27,accommodation,Hotel Group C,PRJ-0103,EmployeeReimbursement,True,True,3,19114,EUR,162.0,0.1,0.0,SRC-00041714
EXP-041715,EMP-0046,IT,2026-04-01,meal,Restaurant A,PRJ-0106,Cash,True,True,4,4945,JPY,1.0,0.1,0.0,SRC-00041715
EXP-041716,EMP-0059,Engineering,2026-05-02,travel,Railway Services,PRJ-0109,CorporateCard,False,True,1,48092,USD,150.0,0.1,0.0,SRC-00041716
EXP-041717,EMP-0072,Sales,2026-06-03,other,Software Store,PRJ-0112,BankTransfer,True,True,3,13603,EUR,162.0,0.08,0.0,SRC-00041717
EXP-041718,EMP-0085,Legal,2026-07-04,accommodation,Hotel Group C,PRJ-0115,EmployeeReimbursement,True,True,1,19518,JPY,1.0,0.1,0.0,SRC-00041718
EXP-041719,EMP-0098,Operations,2026-08-05,meal,Catering Co,PRJ-0118,Cash,True,True,4,5277,USD,150.0,0.1,0.0,SRC-00041719
EXP-041720,EMP-0111,Finance,2026-09-06,travel,JAL,PRJ-0001,CorporateCard,False,True,1,48640,EUR,162.0,0.1,0.05,SRC-00041720
EXP-041721,EMP-0124,Procurement,2026-10-07,other,Courier Service,PRJ-0004,BankTransfer,True,True,2,13839,JPY,1.0,0.08,0.0,SRC-00041721
EXP-041722,EMP-0137,HR,2026-11-08,accommodation,Hotel Group C,PRJ-0007,EmployeeReimbursement,True,True,2,19922,USD,150.0,0.1,0.0,SRC-00041722
EXP-041723,EMP-0150,IT,2026-12-09,meal,Business Dining,PRJ-0010,Cash,True,True,4,5609,EUR,162.0,0.1,0.0,SRC-00041723
EXP-041724,EMP-0163,Engineering,2026-01-10,travel,JR East,PRJ-0013,CorporateCard,False,True,1,49188,JPY,1.0,0.1,0.0,SRC-00041724
EXP-041725,EMP-0176,Sales,2026-02-11,other,Office Supply Co,PRJ-0016,BankTransfer,True,True,1,14075,USD,150.0,0.08,0.0,SRC-00041725
EXP-041726,EMP-0189,Legal,2026-03-12,accommodation,Hotel Group C,PRJ-0019,EmployeeReimbursement,True,True,3,20326,EUR,162.0,0.1,0.0,SRC-00041726
EXP-041727,EMP-0202,Operations,2026-04-13,meal,Cafe Central,PRJ-0022,Cash,True,True,4,5941,JPY,1.0,0.1,0.05,SRC-00041727
EXP-041728,EMP-0215,Finance,2026-05-14,travel,Railway Services,PRJ-0025,CorporateCard,False,True,1,49736,USD,150.0,0.1,0.0,SRC-00041728
EXP-041729,EMP-0228,Procurement,2026-06-15,other,Misc Services,PRJ-0028,BankTransfer,True,True,5,14311,EUR,162.0,0.08,0.0,SRC-00041729
EXP-041730,EMP-0241,HR,2026-07-16,accommodation,Hotel Group C,PRJ-0031,EmployeeReimbursement,True,True,1,20730,JPY,1.0,0.1,0.0,SRC-00041730
EXP-041731,EMP-0004,IT,2026-08-17,meal,Restaurant B,PRJ-0034,Cash,True,True,4,6273,USD,150.0,0.1,0.0,SRC-00041731
EXP-041732,EMP-0017,Engineering,2026-09-18,travel,JAL,PRJ-0037,CorporateCard,False,True,1,50284,EUR,162.0,0.1,0.0,SRC-00041732
EXP-041733,EMP-0030,Sales,2026-10-19,other,Printing Co,PRJ-0040,BankTransfer,True,True,4,14547,JPY,1.0,0.08,0.0,SRC-00041733
EXP-041734,EMP-0043,Legal,2026-11-20,accommodation,Hotel Group C,PRJ-0043,EmployeeReimbursement,True,True,2,21134,USD,150.0,0.1,0.05,SRC-00041734
EXP-041735,EMP-0056,Operations,2026-12-21,meal,Restaurant A,PRJ-0046,Cash,True,True,4,6605,EUR,162.0,0.1,0.0,SRC-00041735
EXP-041736,EMP-0069,Finance,2026-01-22,travel,JR East,PRJ-0049,CorporateCard,False,True,1,50832,JPY,1.0,0.1,0.0,SRC-00041736
EXP-041737,EMP-0082,Procurement,2026-02-23,other,Software Store,PRJ-0052,BankTransfer,True,True,3,14783,USD,150.0,0.08,0.0,SRC-00041737
EXP-041738,EMP-0095,HR,2026-03-24,accommodation,Hotel Group C,PRJ-0055,EmployeeReimbursement,True,True,3,21538,EUR,162.0,0.1,0.0,SRC-00041738
EXP-041739,EMP-0108,IT,2026-04-25,meal,Catering Co,PRJ-0058,Cash,True,True,4,6937,JPY,1.0,0.1,0.0,SRC-00041739
EXP-041740,EMP-0121,Engineering,2026-05-26,travel,Railway Services,PRJ-0061,CorporateCard,False,True,1,51380,USD,150.0,0.1,0.0,SRC-00041740
EXP-041741,EMP-0134,Sales,2026-06-27,other,Courier Service,PRJ-0064,BankTransfer,True,True,2,15019,EUR,162.0,0.08,0.05,SRC-00041741
EXP-041742,EMP-0147,Legal,2026-07-01,accommodation,Hotel Group C,PRJ-0067,EmployeeReimbursement,True,True,1,21942,JPY,1.0,0.1,0.0,SRC-00041742
EXP-041743,EMP-0160,Operations,2026-08-02,meal,Business Dining,PRJ-0070,Cash,True,True,4,7269,USD,150.0,0.1,0.0,SRC-00041743
EXP-041744,EMP-0173,Finance,2026-09-03,travel,JAL,PRJ-0073,CorporateCard,False,True,1,51928,EUR,162.0,0.1,0.0,SRC-00041744
EXP-041745,EMP-0186,Procurement,2026-10-04,other,Office Supply Co,PRJ-0076,BankTransfer,True,True,1,15255,JPY,1.0,0.08,0.0,SRC-00041745
EXP-041746,EMP-0199,HR,2026-11-05,accommodation,Hotel Group C,PRJ-0079,EmployeeReimbursement,True,True,2,22346,USD,150.0,0.1,0.0,SRC-00041746
EXP-041747,EMP-0212,IT,2026-12-06,meal,Cafe Central,PRJ-0082,Cash,True,True,4,7601,EUR,162.0,0.1,0.0,SRC-00041747
EXP-041748,EMP-0225,Engineering,2026-01-07,travel,JR East,PRJ-0085,CorporateCard,False,True,1,52476,JPY,1.0,0.1,0.05,SRC-00041748
EXP-041749,EMP-0238,Sales,2026-02-08,other,Misc Services,PRJ-0088,BankTransfer,True,True,5,15491,USD,150.0,0.08,0.0,SRC-00041749
EXP-041750,EMP-0001,Legal,2026-03-09,accommodation,Hotel Group C,PRJ-0091,EmployeeReimbursement,True,True,3,22750,EUR,162.0,0.1,0.0,SRC-00041750
EXP-041751,EMP-0014,Operations,2026-04-10,meal,Restaurant B,PRJ-0094,Cash,True,True,4,7933,JPY,1.0,0.1,0.0,SRC-00041751
EXP-041752,EMP-0027,Finance,2026-05-11,travel,Railway Services,PRJ-0097,CorporateCard,False,True,1,53024,USD,150.0,0.1,0.0,SRC-00041752
EXP-041753,EMP-0040,Procurement,2026-06-12,other,Printing Co,PRJ-0100,BankTransfer,True,True,4,15727,EUR,162.0,0.08,0.0,SRC-00041753
EXP-041754,EMP-0053,HR,2026-07-13,accommodation,Hotel Group C,PRJ-0103,EmployeeReimbursement,True,True,1,23154,JPY,1.0,0.1,0.0,SRC-00041754
EXP-041755,EMP-0066,IT,2026-08-14,meal,Restaurant A,PRJ-0106,Cash,True,True,4,8265,USD,150.0,0.1,0.05,SRC-00041755
EXP-041756,EMP-0079,Engineering,2026-09-15,travel,JAL,PRJ-0109,CorporateCard,False,True,1,53572,EUR,162.0,0.1,0.0,SRC-00041756
EXP-041757,EMP-0092,Sales,2026-10-16,other,Software Store,PRJ-0112,BankTransfer,True,True,3,15963,JPY,1.0,0.08,0.0,SRC-00041757
EXP-041758,EMP-0105,Legal,2026-11-17,accommodation,Hotel Group C,PRJ-0115,EmployeeReimbursement,True,True,2,23558,USD,150.0,0.1,0.0,SRC-00041758
EXP-041759,EMP-0118,Operations,2026-12-18,meal,Catering Co,PRJ-0118,Cash,True,True,4,8597,EUR,162.0,0.1,0.0,SRC-00041759
EXP-041760,EMP-0131,Finance,2026-01-19,travel,JR East,PRJ-0001,CorporateCard,False,True,1,54120,JPY,1.0,0.1,0.0,SRC-00041760
EXP-041761,EMP-0144,Procurement,2026-02-20,other,Courier Service,PRJ-0004,BankTransfer,True,True,2,16199,USD,150.0,0.08,0.0,SRC-00041761
EXP-041762,EMP-0157,HR,2026-03-21,accommodation,Hotel Group C,PRJ-0007,EmployeeReimbursement,True,True,3,23962,EUR,162.0,0.1,0.05,SRC-00041762
EXP-041763,EMP-0170,IT,2026-04-22,meal,Business Dining,PRJ-0010,Cash,True,True,4,8929,JPY,1.0,0.1,0.0,SRC-00041763
EXP-041764,EMP-0183,Engineering,2026-05-23,travel,Railway Services,PRJ-0013,CorporateCard,False,True,1,54668,USD,150.0,0.1,0.0,SRC-00041764
EXP-041765,EMP-0196,Sales,2026-06-24,other,Office Supply Co,PRJ-0016,BankTransfer,True,True,1,16435,EUR,162.0,0.08,0.0,SRC-00041765
EXP-041766,EMP-0209,Legal,2026-07-25,accommodation,Hotel Group C,PRJ-0019,EmployeeReimbursement,True,True,1,24366,JPY,1.0,0.1,0.0,SRC-00041766
EXP-041767,EMP-0222,Operations,2026-08-26,meal,Cafe Central,PRJ-0022,Cash,True,True,4,9261,USD,150.0,0.1,0.0,SRC-00041767
EXP-041768,EMP-0235,Finance,2026-09-27,travel,JAL,PRJ-0025,CorporateCard,False,True,1,55216,EUR,162.0,0.1,0.0,SRC-00041768
EXP-041769,EMP-0248,Procurement,2026-10-01,other,Misc Services,PRJ-0028,BankTransfer,True,True,5,16671,JPY,1.0,0.08,0.05,SRC-00041769
EXP-041770,EMP-0011,HR,2026-11-02,accommodation,Hotel Group C,PRJ-0031,EmployeeReimbursement,True,True,2,24770,USD,150.0,0.1,0.0,SRC-00041770
EXP-041771,EMP-0024,IT,2026-12-03,meal,Restaurant B,PRJ-0034,Cash,True,True,4,9593,EUR,162.0,0.1,0.0,SRC-00041771
EXP-041772,EMP-0037,Engineering,2026-01-04,travel,JR East,PRJ-0037,CorporateCard,False,True,1,55764,JPY,1.0,0.1,0.0,SRC-00041772
EXP-041773,EMP-0050,Sales,2026-02-05,other,Printing Co,PRJ-0040,BankTransfer,True,True,4,16907,USD,150.0,0.08,0.0,SRC-00041773
EXP-041774,EMP-0063,Legal,2026-03-06,accommodation,Hotel Group C,PRJ-0043,EmployeeReimbursement,True,True,3,25174,EUR,162.0,0.1,0.0,SRC-00041774
EXP-041775,EMP-0076,Operations,2026-04-07,meal,Restaurant A,PRJ-0046,Cash,True,True,4,9925,JPY,1.0,0.1,0.0,SRC-00041775
EXP-041776,EMP-0089,Finance,2026-05-08,travel,Railway Services,PRJ-0049,CorporateCard,False,True,1,56312,USD,150.0,0.1,0.05,SRC-00041776
EXP-041777,EMP-0102,Procurement,2026-06-09,other,Software Store,PRJ-0052,BankTransfer,True,True,3,17143,EUR,162.0,0.08,0.0,SRC-00041777
EXP-041778,EMP-0115,HR,2026-07-10,accommodation,Hotel Group C,PRJ-0055,EmployeeReimbursement,True,True,1,25578,JPY,1.0,0.1,0.0,SRC-00041778
EXP-041779,EMP-0128,IT,2026-08-11,meal,Catering Co,PRJ-0058,Cash,True,True,4,10257,USD,150.0,0.1,0.0,SRC-00041779
EXP-041780,EMP-0141,Engineering,2026-09-12,travel,JAL,PRJ-0061,CorporateCard,False,True,1,56860,EUR,162.0,0.1,0.0,SRC-00041780
EXP-041781,EMP-0154,Sales,2026-10-13,other,Courier Service,PRJ-0064,BankTransfer,True,True,2,17379,JPY,1.0,0.08,0.0,SRC-00041781
EXP-041782,EMP-0167,Legal,2026-11-14,accommodation,Hotel Group C,PRJ-0067,EmployeeReimbursement,True,True,2,25982,USD,150.0,0.1,0.0,SRC-00041782
EXP-041783,EMP-0180,Operations,2026-12-15,meal,Business Dining,PRJ-0070,Cash,True,True,4,10589,EUR,162.0,0.1,0.05,SRC-00041783
EXP-041784,EMP-0193,Finance,2026-01-16,travel,JR East,PRJ-0073,CorporateCard,False,True,1,57408,JPY,1.0,0.1,0.0,SRC-00041784
EXP-041785,EMP-0206,Procurement,2026-02-17,other,Office Supply Co,PRJ-0076,BankTransfer,True,True,1,17615,USD,150.0,0.08,0.0,SRC-00041785
EXP-041786,EMP-0219,HR,2026-03-18,accommodation,Hotel Group C,PRJ-0079,EmployeeReimbursement,True,True,3,26386,EUR,162.0,0.1,0.0,SRC-00041786
EXP-041787,EMP-0232,IT,2026-04-19,meal,Cafe Central,PRJ-0082,Cash,True,True,4,10921,JPY,1.0,0.1,0.0,SRC-00041787
EXP-041788,EMP-0245,Engineering,2026-05-20,travel,Railway Services,PRJ-0085,CorporateCard,False,True,1,57956,USD,150.0,0.1,0.0,SRC-00041788
EXP-041789,EMP-0008,Sales,2026-06-21,other,Misc Services,PRJ-0088,BankTransfer,True,True,5,17851,EUR,162.0,0.08,0.0,SRC-00041789
EXP-041790,EMP-0021,Legal,2026-07-22,accommodation,Hotel Group C,PRJ-0091,EmployeeReimbursement,True,True,1,26790,JPY,1.0,0.1,0.05,SRC-00041790
EXP-041791,EMP-0034,Operations,2026-08-23,meal,Restaurant B,PRJ-0094,Cash,True,True,4,11253,USD,150.0,0.1,0.0,SRC-00041791
EXP-041792,EMP-0047,Finance,2026-09-24,travel,JAL,PRJ-0097,CorporateCard,False,True,1,58504,EUR,162.0,0.1,0.0,SRC-00041792
EXP-041793,EMP-0060,Procurement,2026-10-25,other,Printing Co,PRJ-0100,BankTransfer,True,True,4,18087,JPY,1.0,0.08,0.0,SRC-00041793
EXP-041794,EMP-0073,HR,2026-11-26,accommodation,Hotel Group C,PRJ-0103,EmployeeReimbursement,True,True,2,27194,USD,150.0,0.1,0.0,SRC-00041794
EXP-041795,EMP-0086,IT,2026-12-27,meal,Restaurant A,PRJ-0106,Cash,True,True,4,11585,EUR,162.0,0.1,0.0,SRC-00041795
EXP-041796,EMP-0099,Engineering,2026-01-01,travel,JR East,PRJ-0109,CorporateCard,False,True,1,59052,JPY,1.0,0.1,0.0,SRC-00041796
EXP-041797,EMP-0112,Sales,2026-02-02,other,Software Store,PRJ-0112,BankTransfer,True,True,3,323,USD,150.0,0.08,0.05,SRC-00041797
EXP-041798,EMP-0125,Legal,2026-03-03,accommodation,Hotel Group C,PRJ-0115,EmployeeReimbursement,True,True,3,27598,EUR,162.0,0.1,0.0,SRC-00041798
EXP-041799,EMP-0138,Operations,2026-04-04,meal,Catering Co,PRJ-0118,Cash,True,True,4,11917,JPY,1.0,0.1,0.0,SRC-00041799
EXP-041800,EMP-0151,Finance,2026-05-05,travel,Railway Services,PRJ-0001,CorporateCard,False,True,1,59600,USD,150.0,0.1,0.0,SRC-00041800
EXP-041801,EMP-0164,Procurement,2026-06-06,other,Courier Service,PRJ-0004,BankTransfer,True,True,2,559,EUR,162.0,0.08,0.0,SRC-00041801
EXP-041802,EMP-0177,HR,2026-07-07,accommodation,Hotel Group C,PRJ-0007,EmployeeReimbursement,True,True,1,28002,JPY,1.0,0.1,0.0,SRC-00041802
EXP-041803,EMP-0190,IT,2026-08-08,meal,Business Dining,PRJ-0010,Cash,True,True,4,12249,USD,150.0,0.1,0.0,SRC-00041803
EXP-041804,EMP-0203,Engineering,2026-09-09,travel,JAL,PRJ-0013,CorporateCard,False,True,1,60148,EUR,162.0,0.1,0.05,SRC-00041804
EXP-041805,EMP-0216,Sales,2026-10-10,other,Office Supply Co,PRJ-0016,BankTransfer,True,True,1,795,JPY,1.0,0.08,0.0,SRC-00041805
EXP-041806,EMP-0229,Legal,2026-11-11,accommodation,Hotel Group C,PRJ-0019,EmployeeReimbursement,True,True,2,28406,USD,150.0,0.1,0.0,SRC-00041806
EXP-041807,EMP-0242,Operations,2026-12-12,meal,Cafe Central,PRJ-0022,Cash,True,True,4,12581,EUR,162.0,0.1,0.0,SRC-00041807
EXP-041808,EMP-0005,Finance,2026-01-13,travel,JR East,PRJ-0025,CorporateCard,False,True,1,60696,JPY,1.0,0.1,0.0,SRC-00041808
EXP-041809,EMP-0018,Procurement,2026-02-14,other,Misc Services,PRJ-0028,BankTransfer,True,True,5,1031,USD,150.0,0.08,0.0,SRC-00041809
EXP-041810,EMP-0031,HR,2026-03-15,accommodation,Hotel Group C,PRJ-0031,EmployeeReimbursement,True,True,3,28810,EUR,162.0,0.1,0.0,SRC-00041810
EXP-041811,EMP-0044,IT,2026-04-16,meal,Restaurant B,PRJ-0034,Cash,True,True,4,12913,JPY,1.0,0.1,0.05,SRC-00041811
EXP-041812,EMP-0057,Engineering,2026-05-17,travel,Railway Services,PRJ-0037,CorporateCard,False,True,1,61244,USD,150.0,0.1,0.0,SRC-00041812
EXP-041813,EMP-0070,Sales,2026-06-18,other,Printing Co,PRJ-0040,BankTransfer,True,True,4,1267,EUR,162.0,0.08,0.0,SRC-00041813
EXP-041814,EMP-0083,Legal,2026-07-19,accommodation,Hotel Group C,PRJ-0043,EmployeeReimbursement,True,True,1,29214,JPY,1.0,0.1,0.0,SRC-00041814
EXP-041815,EMP-0096,Operations,2026-08-20,meal,Restaurant A,PRJ-0046,Cash,True,True,4,13245,USD,150.0,0.1,0.0,SRC-00041815
EXP-041816,EMP-0109,Finance,2026-09-21,travel,JAL,PRJ-0049,CorporateCard,False,True,1,61792,EUR,162.0,0.1,0.0,SRC-00041816
EXP-041817,EMP-0122,Procurement,2026-10-22,other,Software Store,PRJ-0052,BankTransfer,True,True,3,1503,JPY,1.0,0.08,0.0,SRC-00041817
EXP-041818,EMP-0135,HR,2026-11-23,accommodation,Hotel Group C,PRJ-0055,EmployeeReimbursement,True,True,2,29618,USD,150.0,0.1,0.05,SRC-00041818
EXP-041819,EMP-0148,IT,2026-12-24,meal,Catering Co,PRJ-0058,Cash,True,True,4,13577,EUR,162.0,0.1,0.0,SRC-00041819
EXP-041820,EMP-0161,Engineering,2026-01-25,travel,JR East,PRJ-0061,CorporateCard,False,True,1,62340,JPY,1.0,0.1,0.0,SRC-00041820
EXP-041821,EMP-0174,Sales,2026-02-26,other,Courier Service,PRJ-0064,BankTransfer,True,True,2,1739,USD,150.0,0.08,0.0,SRC-00041821
EXP-041822,EMP-0187,Legal,2026-03-27,accommodation,Hotel Group C,PRJ-0067,EmployeeReimbursement,True,True,3,30022,EUR,162.0,0.1,0.0,SRC-00041822
EXP-041823,EMP-0200,Operations,2026-04-01,meal,Business Dining,PRJ-0070,Cash,True,True,4,13909,JPY,1.0,0.1,0.0,SRC-00041823
EXP-041824,EMP-0213,Finance,2026-05-02,travel,Railway Services,PRJ-0073,CorporateCard,False,True,1,62888,USD,150.0,0.1,0.0,SRC-00041824
EXP-041825,EMP-0226,Procurement,2026-06-03,other,Office Supply Co,PRJ-0076,BankTransfer,True,True,1,1975,EUR,162.0,0.08,0.05,SRC-00041825
EXP-041826,EMP-0239,HR,2026-07-04,accommodation,Hotel Group C,PRJ-0079,EmployeeReimbursement,True,True,1,30426,JPY,1.0,0.1,0.0,SRC-00041826
EXP-041827,EMP-0002,IT,2026-08-05,meal,Cafe Central,PRJ-0082,Cash,True,True,4,14241,USD,150.0,0.1,0.0,SRC-00041827
EXP-041828,EMP-0015,Engineering,2026-09-06,travel,JAL,PRJ-0085,CorporateCard,False,True,1,63436,EUR,162.0,0.1,0.0,SRC-00041828
EXP-041829,EMP-0028,Sales,2026-10-07,other,Misc Services,PRJ-0088,BankTransfer,True,True,5,2211,JPY,1.0,0.08,0.0,SRC-00041829
EXP-041830,EMP-0041,Legal,2026-11-08,accommodation,Hotel Group C,PRJ-0091,EmployeeReimbursement,True,True,2,30830,USD,150.0,0.1,0.0,SRC-00041830
EXP-041831,EMP-0054,Operations,2026-12-09,meal,Restaurant B,PRJ-0094,Cash,True,True,4,14573,EUR,162.0,0.1,0.0,SRC-00041831
EXP-041832,EMP-0067,Finance,2026-01-10,travel,JR East,PRJ-0097,CorporateCard,False,True,1,63984,JPY,1.0,0.1,0.05,SRC-00041832
EXP-041833,EMP-0080,Procurement,2026-02-11,other,Printing Co,PRJ-0100,BankTransfer,True,True,4,2447,USD,150.0,0.08,0.0,SRC-00041833
EXP-041834,EMP-0093,HR,2026-03-12,accommodation,Hotel Group C,PRJ-0103,EmployeeReimbursement,True,True,3,31234,EUR,162.0,0.1,0.0,SRC-00041834
EXP-041835,EMP-0106,IT,2026-04-13,meal,Restaurant A,PRJ-0106,Cash,True,True,4,905,JPY,1.0,0.1,0.0,SRC-00041835
EXP-041836,EMP-0119,Engineering,2026-05-14,travel,Railway Services,PRJ-0109,CorporateCard,False,True,1,64532,USD,150.0,0.1,0.0,SRC-00041836
EXP-041837,EMP-0132,Sales,2026-06-15,other,Software Store,PRJ-0112,BankTransfer,True,True,3,2683,EUR,162.0,0.08,0.0,SRC-00041837
EXP-041838,EMP-0145,Legal,2026-07-16,accommodation,Hotel Group C,PRJ-0115,EmployeeReimbursement,True,True,1,31638,JPY,1.0,0.1,0.0,SRC-00041838
EXP-041839,EMP-0158,Operations,2026-08-17,meal,Catering Co,PRJ-0118,Cash,True,True,4,1237,USD,150.0,0.1,0.05,SRC-00041839
EXP-041840,EMP-0171,Finance,2026-09-18,travel,JAL,PRJ-0001,CorporateCard,False,True,1,65080,EUR,162.0,0.1,0.0,SRC-00041840
EXP-041841,EMP-0184,Procurement,2026-10-19,other,Courier Service,PRJ-0004,BankTransfer,True,True,2,2919,JPY,1.0,0.08,0.0,SRC-00041841
EXP-041842,EMP-0197,HR,2026-11-20,accommodation,Hotel Group C,PRJ-0007,EmployeeReimbursement,True,True,2,32042,USD,150.0,0.1,0.0,SRC-00041842
EXP-041843,EMP-0210,IT,2026-12-21,meal,Business Dining,PRJ-0010,Cash,True,True,4,1569,EUR,162.0,0.1,0.0,SRC-00041843
EXP-041844,EMP-0223,Engineering,2026-01-22,travel,JR East,PRJ-0013,CorporateCard,False,True,1,65628,JPY,1.0,0.1,0.0,SRC-00041844
EXP-041845,EMP-0236,Sales,2026-02-23,other,Office Supply Co,PRJ-0016,BankTransfer,True,True,1,3155,USD,150.0,0.08,0.0,SRC-00041845
EXP-041846,EMP-0249,Legal,2026-03-24,accommodation,Hotel Group C,PRJ-0019,EmployeeReimbursement,True,True,3,32446,EUR,162.0,0.1,0.05,SRC-00041846
EXP-041847,EMP-0012,Operations,2026-04-25,meal,Cafe Central,PRJ-0022,Cash,True,True,4,1901,JPY,1.0,0.1,0.0,SRC-00041847
EXP-041848,EMP-0025,Finance,2026-05-26,travel,Railway Services,PRJ-0025,CorporateCard,False,True,1,66176,USD,150.0,0.1,0.0,SRC-00041848
EXP-041849,EMP-0038,Procurement,2026-06-27,other,Misc Services,PRJ-0028,BankTransfer,True,True,5,3391,EUR,162.0,0.08,0.0,SRC-00041849
EXP-041850,EMP-0051,HR,2026-07-01,accommodation,Hotel Group C,PRJ-0031,EmployeeReimbursement,True,True,1,32850,JPY,1.0,0.1,0.0,SRC-00041850
EXP-041851,EMP-0064,IT,2026-08-02,meal,Restaurant B,PRJ-0034,Cash,True,True,4,2233,USD,150.0,0.1,0.0,SRC-00041851
EXP-041852,EMP-0077,Engineering,2026-09-03,travel,JAL,PRJ-0037,CorporateCard,False,True,1,66724,EUR,162.0,0.1,0.0,SRC-00041852
EXP-041853,EMP-0090,Sales,2026-10-04,other,Printing Co,PRJ-0040,BankTransfer,True,True,4,3627,JPY,1.0,0.08,0.05,SRC-00041853
EXP-041854,EMP-0103,Legal,2026-11-05,accommodation,Hotel Group C,PRJ-0043,EmployeeReimbursement,True,True,2,33254,USD,150.0,0.1,0.0,SRC-00041854
EXP-041855,EMP-0116,Operations,2026-12-06,meal,Restaurant A,PRJ-0046,Cash,True,True,4,2565,EUR,162.0,0.1,0.0,SRC-00041855
EXP-041856,EMP-0129,Finance,2026-01-07,travel,JR East,PRJ-0049,CorporateCard,False,True,1,67272,JPY,1.0,0.1,0.0,SRC-00041856
EXP-041857,EMP-0142,Procurement,2026-02-08,other,Software Store,PRJ-0052,BankTransfer,True,True,3,3863,USD,150.0,0.08,0.0,SRC-00041857
EXP-041858,EMP-0155,HR,2026-03-09,accommodation,Hotel Group C,PRJ-0055,EmployeeReimbursement,True,True,3,33658,EUR,162.0,0.1,0.0,SRC-00041858
EXP-041859,EMP-0168,IT,2026-04-10,meal,Catering Co,PRJ-0058,Cash,True,True,4,2897,JPY,1.0,0.1,0.0,SRC-00041859
EXP-041860,EMP-0181,Engineering,2026-05-11,travel,Railway Services,PRJ-0061,CorporateCard,False,True,1,67820,USD,150.0,0.1,0.05,SRC-00041860
EXP-041861,EMP-0194,Sales,2026-06-12,other,Courier Service,PRJ-0064,BankTransfer,True,True,2,4099,EUR,162.0,0.08,0.0,SRC-00041861
EXP-041862,EMP-0207,Legal,2026-07-13,accommodation,Hotel Group C,PRJ-0067,EmployeeReimbursement,True,True,1,6062,JPY,1.0,0.1,0.0,SRC-00041862
EXP-041863,EMP-0220,Operations,2026-08-14,meal,Business Dining,PRJ-0070,Cash,True,True,4,3229,USD,150.0,0.1,0.0,SRC-00041863
EXP-041864,EMP-0233,Finance,2026-09-15,travel,JAL,PRJ-0073,CorporateCard,False,True,1,68368,EUR,162.0,0.1,0.0,SRC-00041864
EXP-041865,EMP-0246,Procurement,2026-10-16,other,Office Supply Co,PRJ-0076,BankTransfer,True,True,1,4335,JPY,1.0,0.08,0.0,SRC-00041865
EXP-041866,EMP-0009,HR,2026-11-17,accommodation,Hotel Group C,PRJ-0079,EmployeeReimbursement,True,True,2,6466,USD,150.0,0.1,0.0,SRC-00041866
EXP-041867,EMP-0022,IT,2026-12-18,meal,Cafe Central,PRJ-0082,Cash,True,True,4,3561,EUR,162.0,0.1,0.05,SRC-00041867
EXP-041868,EMP-0035,Engineering,2026-01-19,travel,JR East,PRJ-0085,CorporateCard,False,True,1,68916,JPY,1.0,0.1,0.0,SRC-00041868
EXP-041869,EMP-0048,Sales,2026-02-20,other,Misc Services,PRJ-0088,BankTransfer,True,True,5,4571,USD,150.0,0.08,0.0,SRC-00041869
EXP-041870,EMP-0061,Legal,2026-03-21,accommodation,Hotel Group C,PRJ-0091,EmployeeReimbursement,True,True,3,6870,EUR,162.0,0.1,0.0,SRC-00041870
EXP-041871,EMP-0074,Operations,2026-04-22,meal,Restaurant B,PRJ-0094,Cash,True,True,4,3893,JPY,1.0,0.1,0.0,SRC-00041871
EXP-041872,EMP-0087,Finance,2026-05-23,travel,Railway Services,PRJ-0097,CorporateCard,False,True,1,69464,USD,150.0,0.1,0.0,SRC-00041872
EXP-041873,EMP-0100,Procurement,2026-06-24,other,Printing Co,PRJ-0100,BankTransfer,True,True,4,4807,EUR,162.0,0.08,0.0,SRC-00041873
EXP-041874,EMP-0113,HR,2026-07-25,accommodation,Hotel Group C,PRJ-0103,EmployeeReimbursement,True,True,1,7274,JPY,1.0,0.1,0.05,SRC-00041874
EXP-041875,EMP-0126,IT,2026-08-26,meal,Restaurant A,PRJ-0106,Cash,True,True,4,4225,USD,150.0,0.1,0.0,SRC-00041875
EXP-041876,EMP-0139,Engineering,2026-09-27,travel,JAL,PRJ-0109,CorporateCard,False,True,1,70012,EUR,162.0,0.1,0.0,SRC-00041876
EXP-041877,EMP-0152,Sales,2026-10-01,other,Software Store,PRJ-0112,BankTransfer,True,True,3,5043,JPY,1.0,0.08,0.0,SRC-00041877
EXP-041878,EMP-0165,Legal,2026-11-02,accommodation,Hotel Group C,PRJ-0115,EmployeeReimbursement,True,True,2,7678,USD,150.0,0.1,0.0,SRC-00041878
EXP-041879,EMP-0178,Operations,2026-12-03,meal,Catering Co,PRJ-0118,Cash,True,True,4,4557,EUR,162.0,0.1,0.0,SRC-00041879
EXP-041880,EMP-0191,Finance,2026-01-04,travel,JR East,PRJ-0001,CorporateCard,False,True,1,70560,JPY,1.0,0.1,0.0,SRC-00041880
EXP-041881,EMP-0204,Procurement,2026-02-05,other,Courier Service,PRJ-0004,BankTransfer,True,True,2,5279,USD,150.0,0.08,0.05,SRC-00041881
EXP-041882,EMP-0217,HR,2026-03-06,accommodation,Hotel Group C,PRJ-0007,EmployeeReimbursement,True,True,3,8082,EUR,162.0,0.1,0.0,SRC-00041882
EXP-041883,EMP-0230,IT,2026-04-07,meal,Business Dining,PRJ-0010,Cash,True,True,4,4889,JPY,1.0,0.1,0.0,SRC-00041883
EXP-041884,EMP-0243,Engineering,2026-05-08,travel,Railway Services,PRJ-0013,CorporateCard,False,True,1,71108,USD,150.0,0.1,0.0,SRC-00041884
EXP-041885,EMP-0006,Sales,2026-06-09,other,Office Supply Co,PRJ-0016,BankTransfer,True,True,1,5515,EUR,162.0,0.08,0.0,SRC-00041885
EXP-041886,EMP-0019,Legal,2026-07-10,accommodation,Hotel Group C,PRJ-0019,EmployeeReimbursement,True,True,1,8486,JPY,1.0,0.1,0.0,SRC-00041886
EXP-041887,EMP-0032,Operations,2026-08-11,meal,Cafe Central,PRJ-0022,Cash,True,True,4,5221,USD,150.0,0.1,0.0,SRC-00041887
EXP-041888,EMP-0045,Finance,2026-09-12,travel,JAL,PRJ-0025,CorporateCard,False,True,1,71656,EUR,162.0,0.1,0.05,SRC-00041888
EXP-041889,EMP-0058,Procurement,2026-10-13,other,Misc Services,PRJ-0028,BankTransfer,True,True,5,5751,JPY,1.0,0.08,0.0,SRC-00041889
EXP-041890,EMP-0071,HR,2026-11-14,accommodation,Hotel Group C,PRJ-0031,EmployeeReimbursement,True,True,2,8890,USD,150.0,0.1,0.0,SRC-00041890
EXP-041891,EMP-0084,IT,2026-12-15,meal,Restaurant B,PRJ-0034,Cash,True,True,4,5553,EUR,162.0,0.1,0.0,SRC-00041891
EXP-041892,EMP-0097,Engineering,2026-01-16,travel,JR East,PRJ-0037,CorporateCard,False,True,1,72204,JPY,1.0,0.1,0.0,SRC-00041892
EXP-041893,EMP-0110,Sales,2026-02-17,other,Printing Co,PRJ-0040,BankTransfer,True,True,4,5987,USD,150.0,0.08,0.0,SRC-00041893
EXP-041894,EMP-0123,Legal,2026-03-18,accommodation,Hotel Group C,PRJ-0043,EmployeeReimbursement,True,True,3,9294,EUR,162.0,0.1,0.0,SRC-00041894
EXP-041895,EMP-0136,Operations,2026-04-19,meal,Restaurant A,PRJ-0046,Cash,True,True,4,5885,JPY,1.0,0.1,0.05,SRC-00041895
EXP-041896,EMP-0149,Finance,2026-05-20,travel,Railway Services,PRJ-0049,CorporateCard,False,True,1,72752,USD,150.0,0.1,0.0,SRC-00041896
EXP-041897,EMP-0162,Procurement,2026-06-21,other,Software Store,PRJ-0052,BankTransfer,True,True,3,6223,EUR,162.0,0.08,0.0,SRC-00041897
EXP-041898,EMP-0175,HR,2026-07-22,accommodation,Hotel Group C,PRJ-0055,EmployeeReimbursement,True,True,1,9698,JPY,1.0,0.1,0.0,SRC-00041898
EXP-041899,EMP-0188,IT,2026-08-23,meal,Catering Co,PRJ-0058,Cash,True,True,4,6217,USD,150.0,0.1,0.0,SRC-00041899
EXP-041900,EMP-0201,Engineering,2026-09-24,travel,JAL,PRJ-0061,CorporateCard,False,True,1,3300,EUR,162.0,0.1,0.0,SRC-00041900
EXP-041901,EMP-0214,Sales,2026-10-25,other,Courier Service,PRJ-0064,BankTransfer,True,True,2,6459,JPY,1.0,0.08,0.0,SRC-00041901
EXP-041902,EMP-0227,Legal,2026-11-26,accommodation,Hotel Group C,PRJ-0067,EmployeeReimbursement,True,True,2,10102,USD,150.0,0.1,0.05,SRC-00041902
EXP-041903,EMP-0240,Operations,2026-12-27,meal,Business Dining,PRJ-0070,Cash,True,True,4,6549,EUR,162.0,0.1,0.0,SRC-00041903
EXP-041904,EMP-0003,Finance,2026-01-01,travel,JR East,PRJ-0073,CorporateCard,False,True,1,3848,JPY,1.0,0.1,0.0,SRC-00041904
EXP-041905,EMP-0016,Procurement,2026-02-02,other,Office Supply Co,PRJ-0076,BankTransfer,True,True,1,6695,USD,150.0,0.08,0.0,SRC-00041905
EXP-041906,EMP-0029,HR,2026-03-03,accommodation,Hotel Group C,PRJ-0079,EmployeeReimbursement,True,True,3,10506,EUR,162.0,0.1,0.0,SRC-00041906
EXP-041907,EMP-0042,IT,2026-04-04,meal,Cafe Central,PRJ-0082,Cash,True,True,4,6881,JPY,1.0,0.1,0.0,SRC-00041907
EXP-041908,EMP-0055,Engineering,2026-05-05,travel,Railway Services,PRJ-0085,CorporateCard,False,True,1,4396,USD,150.0,0.1,0.0,SRC-00041908
EXP-041909,EMP-0068,Sales,2026-06-06,other,Misc Services,PRJ-0088,BankTransfer,True,True,5,6931,EUR,162.0,0.08,0.05,SRC-00041909
EXP-041910,EMP-0081,Legal,2026-07-07,accommodation,Hotel Group C,PRJ-0091,EmployeeReimbursement,True,True,1,10910,JPY,1.0,0.1,0.0,SRC-00041910
EXP-041911,EMP-0094,Operations,2026-08-08,meal,Restaurant B,PRJ-0094,Cash,True,True,4,7213,USD,150.0,0.1,0.0,SRC-00041911
EXP-041912,EMP-0107,Finance,2026-09-09,travel,JAL,PRJ-0097,CorporateCard,False,True,1,4944,EUR,162.0,0.1,0.0,SRC-00041912
EXP-041913,EMP-0120,Procurement,2026-10-10,other,Printing Co,PRJ-0100,BankTransfer,True,True,4,7167,JPY,1.0,0.08,0.0,SRC-00041913
EXP-041914,EMP-0133,HR,2026-11-11,accommodation,Hotel Group C,PRJ-0103,EmployeeReimbursement,True,True,2,11314,USD,150.0,0.1,0.0,SRC-00041914
EXP-041915,EMP-0146,IT,2026-12-12,meal,Restaurant A,PRJ-0106,Cash,True,True,4,7545,EUR,162.0,0.1,0.0,SRC-00041915
EXP-041916,EMP-0159,Engineering,2026-01-13,travel,JR East,PRJ-0109,CorporateCard,False,True,1,5492,JPY,1.0,0.1,0.05,SRC-00041916
EXP-041917,EMP-0172,Sales,2026-02-14,other,Software Store,PRJ-0112,BankTransfer,True,True,3,7403,USD,150.0,0.08,0.0,SRC-00041917
EXP-041918,EMP-0185,Legal,2026-03-15,accommodation,Hotel Group C,PRJ-0115,EmployeeReimbursement,True,True,3,11718,EUR,162.0,0.1,0.0,SRC-00041918
EXP-041919,EMP-0198,Operations,2026-04-16,meal,Catering Co,PRJ-0118,Cash,True,True,4,7877,JPY,1.0,0.1,0.0,SRC-00041919
EXP-041920,EMP-0211,Finance,2026-05-17,travel,Railway Services,PRJ-0001,CorporateCard,False,True,1,6040,USD,150.0,0.1,0.0,SRC-00041920
EXP-041921,EMP-0224,Procurement,2026-06-18,other,Courier Service,PRJ-0004,BankTransfer,True,True,2,7639,EUR,162.0,0.08,0.0,SRC-00041921
EXP-041922,EMP-0237,HR,2026-07-19,accommodation,Hotel Group C,PRJ-0007,EmployeeReimbursement,True,True,1,12122,JPY,1.0,0.1,0.0,SRC-00041922
EXP-041923,EMP-0250,IT,2026-08-20,meal,Business Dining,PRJ-0010,Cash,True,True,4,8209,USD,150.0,0.1,0.05,SRC-00041923
EXP-041924,EMP-0013,Engineering,2026-09-21,travel,JAL,PRJ-0013,CorporateCard,False,True,1,6588,EUR,162.0,0.1,0.0,SRC-00041924
EXP-041925,EMP-0026,Sales,2026-10-22,other,Office Supply Co,PRJ-0016,BankTransfer,True,True,1,7875,JPY,1.0,0.08,0.0,SRC-00041925
EXP-041926,EMP-0039,Legal,2026-11-23,accommodation,Hotel Group C,PRJ-0019,EmployeeReimbursement,True,True,2,12526,USD,150.0,0.1,0.0,SRC-00041926
EXP-041927,EMP-0052,Operations,2026-12-24,meal,Cafe Central,PRJ-0022,Cash,True,True,4,8541,EUR,162.0,0.1,0.0,SRC-00041927
EXP-041928,EMP-0065,Finance,2026-01-25,travel,JR East,PRJ-0025,CorporateCard,False,True,1,7136,JPY,1.0,0.1,0.0,SRC-00041928
EXP-041929,EMP-0078,Procurement,2026-02-26,other,Misc Services,PRJ-0028,BankTransfer,True,True,5,8111,USD,150.0,0.08,0.0,SRC-00041929
EXP-041930,EMP-0091,HR,2026-03-27,accommodation,Hotel Group C,PRJ-0031,EmployeeReimbursement,True,True,3,12930,EUR,162.0,0.1,0.05,SRC-00041930
EXP-041931,EMP-0104,IT,2026-04-01,meal,Restaurant B,PRJ-0034,Cash,True,True,4,8873,JPY,1.0,0.1,0.0,SRC-00041931
EXP-041932,EMP-0117,Engineering,2026-05-02,travel,Railway Services,PRJ-0037,CorporateCard,False,True,1,7684,USD,150.0,0.1,0.0,SRC-00041932
EXP-041933,EMP-0130,Sales,2026-06-03,other,Printing Co,PRJ-0040,BankTransfer,True,True,4,8347,EUR,162.0,0.08,0.0,SRC-00041933
EXP-041934,EMP-0143,Legal,2026-07-04,accommodation,Hotel Group C,PRJ-0043,EmployeeReimbursement,True,True,1,13334,JPY,1.0,0.1,0.0,SRC-00041934
EXP-041935,EMP-0156,Operations,2026-08-05,meal,Restaurant A,PRJ-0046,Cash,True,True,4,9205,USD,150.0,0.1,0.0,SRC-00041935
EXP-041936,EMP-0169,Finance,2026-09-06,travel,JAL,PRJ-0049,CorporateCard,False,True,1,8232,EUR,162.0,0.1,0.0,SRC-00041936
EXP-041937,EMP-0182,Procurement,2026-10-07,other,Software Store,PRJ-0052,BankTransfer,True,True,3,8583,JPY,1.0,0.08,0.05,SRC-00041937
EXP-041938,EMP-0195,HR,2026-11-08,accommodation,Hotel Group C,PRJ-0055,EmployeeReimbursement,True,True,2,13738,USD,150.0,0.1,0.0,SRC-00041938
EXP-041939,EMP-0208,IT,2026-12-09,meal,Catering Co,PRJ-0058,Cash,True,True,4,9537,EUR,162.0,0.1,0.0,SRC-00041939
EXP-041940,EMP-0221,Engineering,2026-01-10,travel,JR East,PRJ-0061,CorporateCard,False,True,1,8780,JPY,1.0,0.1,0.0,SRC-00041940
EXP-041941,EMP-0234,Sales,2026-02-11,other,Courier Service,PRJ-0064,BankTransfer,True,True,2,8819,USD,150.0,0.08,0.0,SRC-00041941
EXP-041942,EMP-0247,Legal,2026-03-12,accommodation,Hotel Group C,PRJ-0067,EmployeeReimbursement,True,True,3,14142,EUR,162.0,0.1,0.0,SRC-00041942
EXP-041943,EMP-0010,Operations,2026-04-13,meal,Business Dining,PRJ-0070,Cash,True,True,4,9869,JPY,1.0,0.1,0.0,SRC-00041943
EXP-041944,EMP-0023,Finance,2026-05-14,travel,Railway Services,PRJ-0073,CorporateCard,False,True,1,9328,USD,150.0,0.1,0.05,SRC-00041944
EXP-041945,EMP-0036,Procurement,2026-06-15,other,Office Supply Co,PRJ-0076,BankTransfer,True,True,1,9055,EUR,162.0,0.08,0.0,SRC-00041945
EXP-041946,EMP-0049,HR,2026-07-16,accommodation,Hotel Group C,PRJ-0079,EmployeeReimbursement,True,True,1,14546,JPY,1.0,0.1,0.0,SRC-00041946
EXP-041947,EMP-0062,IT,2026-08-17,meal,Cafe Central,PRJ-0082,Cash,True,True,4,10201,USD,150.0,0.1,0.0,SRC-00041947
EXP-041948,EMP-0075,Engineering,2026-09-18,travel,JAL,PRJ-0085,CorporateCard,False,True,1,9876,EUR,162.0,0.1,0.0,SRC-00041948
EXP-041949,EMP-0088,Sales,2026-10-19,other,Misc Services,PRJ-0088,BankTransfer,True,True,5,9291,JPY,1.0,0.08,0.0,SRC-00041949
EXP-041950,EMP-0101,Legal,2026-11-20,accommodation,Hotel Group C,PRJ-0091,EmployeeReimbursement,True,True,2,14950,USD,150.0,0.1,0.0,SRC-00041950
EXP-041951,EMP-0114,Operations,2026-12-21,meal,Restaurant B,PRJ-0094,Cash,True,True,4,10533,EUR,162.0,0.1,0.05,SRC-00041951
EXP-041952,EMP-0127,Finance,2026-01-22,travel,JR East,PRJ-0097,CorporateCard,False,True,1,10424,JPY,1.0,0.1,0.0,SRC-00041952
EXP-041953,EMP-0140,Procurement,2026-02-23,other,Printing Co,PRJ-0100,BankTransfer,True,True,4,9527,USD,150.0,0.08,0.0,SRC-00041953
EXP-041954,EMP-0153,HR,2026-03-24,accommodation,Hotel Group C,PRJ-0103,EmployeeReimbursement,True,True,3,15354,EUR,162.0,0.1,0.0,SRC-00041954
EXP-041955,EMP-0166,IT,2026-04-25,meal,Restaurant A,PRJ-0106,Cash,True,True,4,10865,JPY,1.0,0.1,0.0,SRC-00041955
EXP-041956,EMP-0179,Engineering,2026-05-26,travel,Railway Services,PRJ-0109,CorporateCard,False,True,1,10972,USD,150.0,0.1,0.0,SRC-00041956
EXP-041957,EMP-0192,Sales,2026-06-27,other,Software Store,PRJ-0112,BankTransfer,True,True,3,9763,EUR,162.0,0.08,0.0,SRC-00041957
EXP-041958,EMP-0205,Legal,2026-07-01,accommodation,Hotel Group C,PRJ-0115,EmployeeReimbursement,True,True,1,15758,JPY,1.0,0.1,0.05,SRC-00041958
EXP-041959,EMP-0218,Operations,2026-08-02,meal,Catering Co,PRJ-0118,Cash,True,True,4,11197,USD,150.0,0.1,0.0,SRC-00041959
EXP-041960,EMP-0231,Finance,2026-09-03,travel,JAL,PRJ-0001,CorporateCard,False,True,1,11520,EUR,162.0,0.1,0.0,SRC-00041960
EXP-041961,EMP-0244,Procurement,2026-10-04,other,Courier Service,PRJ-0004,BankTransfer,True,True,2,9999,JPY,1.0,0.08,0.0,SRC-00041961
EXP-041962,EMP-0007,HR,2026-11-05,accommodation,Hotel Group C,PRJ-0007,EmployeeReimbursement,True,True,2,16162,USD,150.0,0.1,0.0,SRC-00041962
EXP-041963,EMP-0020,IT,2026-12-06,meal,Business Dining,PRJ-0010,Cash,True,True,4,11529,EUR,162.0,0.1,0.0,SRC-00041963
EXP-041964,EMP-0033,Engineering,2026-01-07,travel,JR East,PRJ-0013,CorporateCard,False,True,1,12068,JPY,1.0,0.1,0.0,SRC-00041964
EXP-041965,EMP-0046,Sales,2026-02-08,other,Office Supply Co,PRJ-0016,BankTransfer,True,True,1,10235,USD,150.0,0.08,0.05,SRC-00041965
EXP-041966,EMP-0059,Legal,2026-03-09,accommodation,Hotel Group C,PRJ-0019,EmployeeReimbursement,True,True,3,16566,EUR,162.0,0.1,0.0,SRC-00041966
EXP-041967,EMP-0072,Operations,2026-04-10,meal,Cafe Central,PRJ-0022,Cash,True,True,4,11861,JPY,1.0,0.1,0.0,SRC-00041967
EXP-041968,EMP-0085,Finance,2026-05-11,travel,Railway Services,PRJ-0025,CorporateCard,False,True,1,12616,USD,150.0,0.1,0.0,SRC-00041968
EXP-041969,EMP-0098,Procurement,2026-06-12,other,Misc Services,PRJ-0028,BankTransfer,True,True,5,10471,EUR,162.0,0.08,0.0,SRC-00041969
EXP-041970,EMP-0111,HR,2026-07-13,accommodation,Hotel Group C,PRJ-0031,EmployeeReimbursement,True,True,1,16970,JPY,1.0,0.1,0.0,SRC-00041970
EXP-041971,EMP-0124,IT,2026-08-14,meal,Restaurant B,PRJ-0034,Cash,True,True,4,12193,USD,150.0,0.1,0.0,SRC-00041971
EXP-041972,EMP-0137,Engineering,2026-09-15,travel,JAL,PRJ-0037,CorporateCard,False,True,1,13164,EUR,162.0,0.1,0.05,SRC-00041972
EXP-041973,EMP-0150,Sales,2026-10-16,other,Printing Co,PRJ-0040,BankTransfer,True,True,4,10707,JPY,1.0,0.08,0.0,SRC-00041973
EXP-041974,EMP-0163,Legal,2026-11-17,accommodation,Hotel Group C,PRJ-0043,EmployeeReimbursement,True,True,2,17374,USD,150.0,0.1,0.0,SRC-00041974
EXP-041975,EMP-0176,Operations,2026-12-18,meal,Restaurant A,PRJ-0046,Cash,True,True,4,12525,EUR,162.0,0.1,0.0,SRC-00041975
EXP-041976,EMP-0189,Finance,2026-01-19,travel,JR East,PRJ-0049,CorporateCard,False,True,1,13712,JPY,1.0,0.1,0.0,SRC-00041976
EXP-041977,EMP-0202,Procurement,2026-02-20,other,Software Store,PRJ-0052,BankTransfer,True,True,3,10943,USD,150.0,0.08,0.0,SRC-00041977
EXP-041978,EMP-0215,HR,2026-03-21,accommodation,Hotel Group C,PRJ-0055,EmployeeReimbursement,True,True,3,17778,EUR,162.0,0.1,0.0,SRC-00041978
EXP-041979,EMP-0228,IT,2026-04-22,meal,Catering Co,PRJ-0058,Cash,True,True,4,12857,JPY,1.0,0.1,0.05,SRC-00041979
EXP-041980,EMP-0241,Engineering,2026-05-23,travel,Railway Services,PRJ-0061,CorporateCard,False,True,1,14260,USD,150.0,0.1,0.0,SRC-00041980
EXP-041981,EMP-0004,Sales,2026-06-24,other,Courier Service,PRJ-0064,BankTransfer,True,True,2,11179,EUR,162.0,0.08,0.0,SRC-00041981
EXP-041982,EMP-0017,Legal,2026-07-25,accommodation,Hotel Group C,PRJ-0067,EmployeeReimbursement,True,True,1,18182,JPY,1.0,0.1,0.0,SRC-00041982
EXP-041983,EMP-0030,Operations,2026-08-26,meal,Business Dining,PRJ-0070,Cash,True,True,4,13189,USD,150.0,0.1,0.0,SRC-00041983
EXP-041984,EMP-0043,Finance,2026-09-27,travel,JAL,PRJ-0073,CorporateCard,False,True,1,14808,EUR,162.0,0.1,0.0,SRC-00041984
EXP-041985,EMP-0056,Procurement,2026-10-01,other,Office Supply Co,PRJ-0076,BankTransfer,True,True,1,11415,JPY,1.0,0.08,0.0,SRC-00041985
EXP-041986,EMP-0069,HR,2026-11-02,accommodation,Hotel Group C,PRJ-0079,EmployeeReimbursement,True,True,2,18586,USD,150.0,0.1,0.05,SRC-00041986
EXP-041987,EMP-0082,IT,2026-12-03,meal,Cafe Central,PRJ-0082,Cash,True,True,4,13521,EUR,162.0,0.1,0.0,SRC-00041987
EXP-041988,EMP-0095,Engineering,2026-01-04,travel,JR East,PRJ-0085,CorporateCard,False,True,1,15356,JPY,1.0,0.1,0.0,SRC-00041988
EXP-041989,EMP-0108,Sales,2026-02-05,other,Misc Services,PRJ-0088,BankTransfer,True,True,5,11651,USD,150.0,0.08,0.0,SRC-00041989
EXP-041990,EMP-0121,Legal,2026-03-06,accommodation,Hotel Group C,PRJ-0091,EmployeeReimbursement,True,True,3,18990,EUR,162.0,0.1,0.0,SRC-00041990
EXP-041991,EMP-0134,Operations,2026-04-07,meal,Restaurant B,PRJ-0094,Cash,True,True,4,13853,JPY,1.0,0.1,0.0,SRC-00041991
EXP-041992,EMP-0147,Finance,2026-05-08,travel,Railway Services,PRJ-0097,CorporateCard,False,True,1,15904,USD,150.0,0.1,0.0,SRC-00041992
EXP-041993,EMP-0160,Procurement,2026-06-09,other,Printing Co,PRJ-0100,BankTransfer,True,True,4,11887,EUR,162.0,0.08,0.05,SRC-00041993
EXP-041994,EMP-0173,HR,2026-07-10,accommodation,Hotel Group C,PRJ-0103,EmployeeReimbursement,True,True,1,19394,JPY,1.0,0.1,0.0,SRC-00041994
EXP-041995,EMP-0186,IT,2026-08-11,meal,Restaurant A,PRJ-0106,Cash,True,True,4,14185,USD,150.0,0.1,0.0,SRC-00041995
EXP-041996,EMP-0199,Engineering,2026-09-12,travel,JAL,PRJ-0109,CorporateCard,False,True,1,16452,EUR,162.0,0.1,0.0,SRC-00041996
EXP-041997,EMP-0212,Sales,2026-10-13,other,Software Store,PRJ-0112,BankTransfer,True,True,3,12123,JPY,1.0,0.08,0.0,SRC-00041997
EXP-041998,EMP-0225,Legal,2026-11-14,accommodation,Hotel Group C,PRJ-0115,EmployeeReimbursement,True,True,2,19798,USD,150.0,0.1,0.0,SRC-00041998
EXP-041999,EMP-0238,Operations,2026-12-15,meal,Catering Co,PRJ-0118,Cash,True,True,4,14517,EUR,162.0,0.1,0.0,SRC-00041999
EXP-042000,EMP-0001,Finance,2026-01-16,travel,JR East,PRJ-0001,CorporateCard,False,True,1,17000,JPY,1.0,0.1,0.05,SRC-00042000
EXP-042001,EMP-0014,Procurement,2026-02-17,other,Courier Service,PRJ-0004,BankTransfer,True,True,2,12359,USD,150.0,0.08,0.0,SRC-00042001
EXP-042002,EMP-0027,HR,2026-03-18,accommodation,Hotel Group C,PRJ-0007,EmployeeReimbursement,True,True,3,20202,EUR,162.0,0.1,0.0,SRC-00042002
EXP-042003,EMP-0040,IT,2026-04-19,meal,Business Dining,PRJ-0010,Cash,True,True,4,849,JPY,1.0,0.1,0.0,SRC-00042003
EXP-042004,EMP-0053,Engineering,2026-05-20,travel,Railway Services,PRJ-0013,CorporateCard,False,True,1,17548,USD,150.0,0.1,0.0,SRC-00042004
EXP-042005,EMP-0066,Sales,2026-06-21,other,Office Supply Co,PRJ-0016,BankTransfer,True,True,1,12595,EUR,162.0,0.08,0.0,SRC-00042005
EXP-042006,EMP-0079,Legal,2026-07-22,accommodation,Hotel Group C,PRJ-0019,EmployeeReimbursement,True,True,1,20606,JPY,1.0,0.1,0.0,SRC-00042006
EXP-042007,EMP-0092,Operations,2026-08-23,meal,Cafe Central,PRJ-0022,Cash,True,True,4,1181,USD,150.0,0.1,0.05,SRC-00042007
EXP-042008,EMP-0105,Finance,2026-09-24,travel,JAL,PRJ-0025,CorporateCard,False,True,1,18096,EUR,162.0,0.1,0.0,SRC-00042008
EXP-042009,EMP-0118,Procurement,2026-10-25,other,Misc Services,PRJ-0028,BankTransfer,True,True,5,12831,JPY,1.0,0.08,0.0,SRC-00042009
EXP-042010,EMP-0131,HR,2026-11-26,accommodation,Hotel Group C,PRJ-0031,EmployeeReimbursement,True,True,2,21010,USD,150.0,0.1,0.0,SRC-00042010
EXP-042011,EMP-0144,IT,2026-12-27,meal,Restaurant B,PRJ-0034,Cash,True,True,4,1513,EUR,162.0,0.1,0.0,SRC-00042011
EXP-042012,EMP-0157,Engineering,2026-01-01,travel,JR East,PRJ-0037,CorporateCard,False,True,1,18644,JPY,1.0,0.1,0.0,SRC-00042012
EXP-042013,EMP-0170,Sales,2026-02-02,other,Printing Co,PRJ-0040,BankTransfer,True,True,4,13067,USD,150.0,0.08,0.0,SRC-00042013
EXP-042014,EMP-0183,Legal,2026-03-03,accommodation,Hotel Group C,PRJ-0043,EmployeeReimbursement,True,True,3,21414,EUR,162.0,0.1,0.05,SRC-00042014
EXP-042015,EMP-0196,Operations,2026-04-04,meal,Restaurant A,PRJ-0046,Cash,True,True,4,1845,JPY,1.0,0.1,0.0,SRC-00042015
EXP-042016,EMP-0209,Finance,2026-05-05,travel,Railway Services,PRJ-0049,CorporateCard,False,True,1,19192,USD,150.0,0.1,0.0,SRC-00042016
EXP-042017,EMP-0222,Procurement,2026-06-06,other,Software Store,PRJ-0052,BankTransfer,True,True,3,13303,EUR,162.0,0.08,0.0,SRC-00042017
EXP-042018,EMP-0235,HR,2026-07-07,accommodation,Hotel Group C,PRJ-0055,EmployeeReimbursement,True,True,1,21818,JPY,1.0,0.1,0.0,SRC-00042018
EXP-042019,EMP-0248,IT,2026-08-08,meal,Catering Co,PRJ-0058,Cash,True,True,4,2177,USD,150.0,0.1,0.0,SRC-00042019
EXP-042020,EMP-0011,Engineering,2026-09-09,travel,JAL,PRJ-0061,CorporateCard,False,True,1,19740,EUR,162.0,0.1,0.0,SRC-00042020
EXP-042021,EMP-0024,Sales,2026-10-10,other,Courier Service,PRJ-0064,BankTransfer,True,True,2,13539,JPY,1.0,0.08,0.05,SRC-00042021
EXP-042022,EMP-0037,Legal,2026-11-11,accommodation,Hotel Group C,PRJ-0067,EmployeeReimbursement,True,True,2,22222,USD,150.0,0.1,0.0,SRC-00042022
EXP-042023,EMP-0050,Operations,2026-12-12,meal,Business Dining,PRJ-0070,Cash,True,True,4,2509,EUR,162.0,0.1,0.0,SRC-00042023
EXP-042024,EMP-0063,Finance,2026-01-13,travel,JR East,PRJ-0073,CorporateCard,False,True,1,20288,JPY,1.0,0.1,0.0,SRC-00042024
EXP-042025,EMP-0076,Procurement,2026-02-14,other,Office Supply Co,PRJ-0076,BankTransfer,True,True,1,13775,USD,150.0,0.08,0.0,SRC-00042025
EXP-042026,EMP-0089,HR,2026-03-15,accommodation,Hotel Group C,PRJ-0079,EmployeeReimbursement,True,True,3,22626,EUR,162.0,0.1,0.0,SRC-00042026
EXP-042027,EMP-0102,IT,2026-04-16,meal,Cafe Central,PRJ-0082,Cash,True,True,4,2841,JPY,1.0,0.1,0.0,SRC-00042027
EXP-042028,EMP-0115,Engineering,2026-05-17,travel,Railway Services,PRJ-0085,CorporateCard,False,True,1,20836,USD,150.0,0.1,0.05,SRC-00042028
EXP-042029,EMP-0128,Sales,2026-06-18,other,Misc Services,PRJ-0088,BankTransfer,True,True,5,14011,EUR,162.0,0.08,0.0,SRC-00042029
EXP-042030,EMP-0141,Legal,2026-07-19,accommodation,Hotel Group C,PRJ-0091,EmployeeReimbursement,True,True,1,23030,JPY,1.0,0.1,0.0,SRC-00042030
EXP-042031,EMP-0154,Operations,2026-08-20,meal,Restaurant B,PRJ-0094,Cash,True,True,4,3173,USD,150.0,0.1,0.0,SRC-00042031
EXP-042032,EMP-0167,Finance,2026-09-21,travel,JAL,PRJ-0097,CorporateCard,False,True,1,21384,EUR,162.0,0.1,0.0,SRC-00042032
EXP-042033,EMP-0180,Procurement,2026-10-22,other,Printing Co,PRJ-0100,BankTransfer,True,True,4,14247,JPY,1.0,0.08,0.0,SRC-00042033
EXP-042034,EMP-0193,HR,2026-11-23,accommodation,Hotel Group C,PRJ-0103,EmployeeReimbursement,True,True,2,23434,USD,150.0,0.1,0.0,SRC-00042034
EXP-042035,EMP-0206,IT,2026-12-24,meal,Restaurant A,PRJ-0106,Cash,True,True,4,3505,EUR,162.0,0.1,0.05,SRC-00042035
EXP-042036,EMP-0219,Engineering,2026-01-25,travel,JR East,PRJ-0109,CorporateCard,False,True,1,21932,JPY,1.0,0.1,0.0,SRC-00042036
EXP-042037,EMP-0232,Sales,2026-02-26,other,Software Store,PRJ-0112,BankTransfer,True,True,3,14483,USD,150.0,0.08,0.0,SRC-00042037
EXP-042038,EMP-0245,Legal,2026-03-27,accommodation,Hotel Group C,PRJ-0115,EmployeeReimbursement,True,True,3,23838,EUR,162.0,0.1,0.0,SRC-00042038
EXP-042039,EMP-0008,Operations,2026-04-01,meal,Catering Co,PRJ-0118,Cash,True,True,4,3837,JPY,1.0,0.1,0.0,SRC-00042039
EXP-042040,EMP-0021,Finance,2026-05-02,travel,Railway Services,PRJ-0001,CorporateCard,False,True,1,22480,USD,150.0,0.1,0.0,SRC-00042040
EXP-042041,EMP-0034,Procurement,2026-06-03,other,Courier Service,PRJ-0004,BankTransfer,True,True,2,14719,EUR,162.0,0.08,0.0,SRC-00042041
EXP-042042,EMP-0047,HR,2026-07-04,accommodation,Hotel Group C,PRJ-0007,EmployeeReimbursement,True,True,1,24242,JPY,1.0,0.1,0.05,SRC-00042042
EXP-042043,EMP-0060,IT,2026-08-05,meal,Business Dining,PRJ-0010,Cash,True,True,4,4169,USD,150.0,0.1,0.0,SRC-00042043
EXP-042044,EMP-0073,Engineering,2026-09-06,travel,JAL,PRJ-0013,CorporateCard,False,True,1,23028,EUR,162.0,0.1,0.0,SRC-00042044
EXP-042045,EMP-0086,Sales,2026-10-07,other,Office Supply Co,PRJ-0016,BankTransfer,True,True,1,14955,JPY,1.0,0.08,0.0,SRC-00042045
EXP-042046,EMP-0099,Legal,2026-11-08,accommodation,Hotel Group C,PRJ-0019,EmployeeReimbursement,True,True,2,24646,USD,150.0,0.1,0.0,SRC-00042046
EXP-042047,EMP-0112,Operations,2026-12-09,meal,Cafe Central,PRJ-0022,Cash,True,True,4,4501,EUR,162.0,0.1,0.0,SRC-00042047
EXP-042048,EMP-0125,Finance,2026-01-10,travel,JR East,PRJ-0025,CorporateCard,False,True,1,23576,JPY,1.0,0.1,0.0,SRC-00042048
EXP-042049,EMP-0138,Procurement,2026-02-11,other,Misc Services,PRJ-0028,BankTransfer,True,True,5,15191,USD,150.0,0.08,0.05,SRC-00042049
EXP-042050,EMP-0151,HR,2026-03-12,accommodation,Hotel Group C,PRJ-0031,EmployeeReimbursement,True,True,3,25050,EUR,162.0,0.1,0.0,SRC-00042050
EXP-042051,EMP-0164,IT,2026-04-13,meal,Restaurant B,PRJ-0034,Cash,True,True,4,4833,JPY,1.0,0.1,0.0,SRC-00042051
EXP-042052,EMP-0177,Engineering,2026-05-14,travel,Railway Services,PRJ-0037,CorporateCard,False,True,1,24124,USD,150.0,0.1,0.0,SRC-00042052
EXP-042053,EMP-0190,Sales,2026-06-15,other,Printing Co,PRJ-0040,BankTransfer,True,True,4,15427,EUR,162.0,0.08,0.0,SRC-00042053
EXP-042054,EMP-0203,Legal,2026-07-16,accommodation,Hotel Group C,PRJ-0043,EmployeeReimbursement,True,True,1,25454,JPY,1.0,0.1,0.0,SRC-00042054
EXP-042055,EMP-0216,Operations,2026-08-17,meal,Restaurant A,PRJ-0046,Cash,True,True,4,5165,USD,150.0,0.1,0.0,SRC-00042055
EXP-042056,EMP-0229,Finance,2026-09-18,travel,JAL,PRJ-0049,CorporateCard,False,True,1,24672,EUR,162.0,0.1,0.05,SRC-00042056
EXP-042057,EMP-0242,Procurement,2026-10-19,other,Software Store,PRJ-0052,BankTransfer,True,True,3,15663,JPY,1.0,0.08,0.0,SRC-00042057
EXP-042058,EMP-0005,HR,2026-11-20,accommodation,Hotel Group C,PRJ-0055,EmployeeReimbursement,True,True,2,25858,USD,150.0,0.1,0.0,SRC-00042058
EXP-042059,EMP-0018,IT,2026-12-21,meal,Catering Co,PRJ-0058,Cash,True,True,4,5497,EUR,162.0,0.1,0.0,SRC-00042059
EXP-042060,EMP-0031,Engineering,2026-01-22,travel,JR East,PRJ-0061,CorporateCard,False,True,1,25220,JPY,1.0,0.1,0.0,SRC-00042060
EXP-042061,EMP-0044,Sales,2026-02-23,other,Courier Service,PRJ-0064,BankTransfer,True,True,2,15899,USD,150.0,0.08,0.0,SRC-00042061
EXP-042062,EMP-0057,Legal,2026-03-24,accommodation,Hotel Group C,PRJ-0067,EmployeeReimbursement,True,True,3,26262,EUR,162.0,0.1,0.0,SRC-00042062
EXP-042063,EMP-0070,Operations,2026-04-25,meal,Business Dining,PRJ-0070,Cash,True,True,4,5829,JPY,1.0,0.1,0.05,SRC-00042063
EXP-042064,EMP-0083,Finance,2026-05-26,travel,Railway Services,PRJ-0073,CorporateCard,False,True,1,25768,USD,150.0,0.1,0.0,SRC-00042064
EXP-042065,EMP-0096,Procurement,2026-06-27,other,Office Supply Co,PRJ-0076,BankTransfer,True,True,1,16135,EUR,162.0,0.08,0.0,SRC-00042065
EXP-042066,EMP-0109,HR,2026-07-01,accommodation,Hotel Group C,PRJ-0079,EmployeeReimbursement,True,True,1,26666,JPY,1.0,0.1,0.0,SRC-00042066
EXP-042067,EMP-0122,IT,2026-08-02,meal,Cafe Central,PRJ-0082,Cash,True,True,4,6161,USD,150.0,0.1,0.0,SRC-00042067
EXP-042068,EMP-0135,Engineering,2026-09-03,travel,JAL,PRJ-0085,CorporateCard,False,True,1,26316,EUR,162.0,0.1,0.0,SRC-00042068
EXP-042069,EMP-0148,Sales,2026-10-04,other,Misc Services,PRJ-0088,BankTransfer,True,True,5,16371,JPY,1.0,0.08,0.0,SRC-00042069
EXP-042070,EMP-0161,Legal,2026-11-05,accommodation,Hotel Group C,PRJ-0091,EmployeeReimbursement,True,True,2,27070,USD,150.0,0.1,0.05,SRC-00042070
EXP-042071,EMP-0174,Operations,2026-12-06,meal,Restaurant B,PRJ-0094,Cash,True,True,4,6493,EUR,162.0,0.1,0.0,SRC-00042071
EXP-042072,EMP-0187,Finance,2026-01-07,travel,JR East,PRJ-0097,CorporateCard,False,True,1,26864,JPY,1.0,0.1,0.0,SRC-00042072
EXP-042073,EMP-0200,Procurement,2026-02-08,other,Printing Co,PRJ-0100,BankTransfer,True,True,4,16607,USD,150.0,0.08,0.0,SRC-00042073
EXP-042074,EMP-0213,HR,2026-03-09,accommodation,Hotel Group C,PRJ-0103,EmployeeReimbursement,True,True,3,27474,EUR,162.0,0.1,0.0,SRC-00042074
EXP-042075,EMP-0226,IT,2026-04-10,meal,Restaurant A,PRJ-0106,Cash,True,True,4,6825,JPY,1.0,0.1,0.0,SRC-00042075
EXP-042076,EMP-0239,Engineering,2026-05-11,travel,Railway Services,PRJ-0109,CorporateCard,False,True,1,27412,USD,150.0,0.1,0.0,SRC-00042076
EXP-042077,EMP-0002,Sales,2026-06-12,other,Software Store,PRJ-0112,BankTransfer,True,True,3,16843,EUR,162.0,0.08,0.05,SRC-00042077
EXP-042078,EMP-0015,Legal,2026-07-13,accommodation,Hotel Group C,PRJ-0115,EmployeeReimbursement,True,True,1,27878,JPY,1.0,0.1,0.0,SRC-00042078
EXP-042079,EMP-0028,Operations,2026-08-14,meal,Catering Co,PRJ-0118,Cash,True,True,4,7157,USD,150.0,0.1,0.0,SRC-00042079
EXP-042080,EMP-0041,Finance,2026-09-15,travel,JAL,PRJ-0001,CorporateCard,False,True,1,27960,EUR,162.0,0.1,0.0,SRC-00042080
EXP-042081,EMP-0054,Procurement,2026-10-16,other,Courier Service,PRJ-0004,BankTransfer,True,True,2,17079,JPY,1.0,0.08,0.0,SRC-00042081
EXP-042082,EMP-0067,HR,2026-11-17,accommodation,Hotel Group C,PRJ-0007,EmployeeReimbursement,True,True,2,28282,USD,150.0,0.1,0.0,SRC-00042082
EXP-042083,EMP-0080,IT,2026-12-18,meal,Business Dining,PRJ-0010,Cash,True,True,4,7489,EUR,162.0,0.1,0.0,SRC-00042083
EXP-042084,EMP-0093,Engineering,2026-01-19,travel,JR East,PRJ-0013,CorporateCard,False,True,1,28508,JPY,1.0,0.1,0.05,SRC-00042084
EXP-042085,EMP-0106,Sales,2026-02-20,other,Office Supply Co,PRJ-0016,BankTransfer,True,True,1,17315,USD,150.0,0.08,0.0,SRC-00042085
EXP-042086,EMP-0119,Legal,2026-03-21,accommodation,Hotel Group C,PRJ-0019,EmployeeReimbursement,True,True,3,28686,EUR,162.0,0.1,0.0,SRC-00042086
EXP-042087,EMP-0132,Operations,2026-04-22,meal,Cafe Central,PRJ-0022,Cash,True,True,4,7821,JPY,1.0,0.1,0.0,SRC-00042087
EXP-042088,EMP-0145,Finance,2026-05-23,travel,Railway Services,PRJ-0025,CorporateCard,False,True,1,29056,USD,150.0,0.1,0.0,SRC-00042088
EXP-042089,EMP-0158,Procurement,2026-06-24,other,Misc Services,PRJ-0028,BankTransfer,True,True,5,17551,EUR,162.0,0.08,0.0,SRC-00042089
EXP-042090,EMP-0171,HR,2026-07-25,accommodation,Hotel Group C,PRJ-0031,EmployeeReimbursement,True,True,1,29090,JPY,1.0,0.1,0.0,SRC-00042090
EXP-042091,EMP-0184,IT,2026-08-26,meal,Restaurant B,PRJ-0034,Cash,True,True,4,8153,USD,150.0,0.1,0.05,SRC-00042091
EXP-042092,EMP-0197,Engineering,2026-09-27,travel,JAL,PRJ-0037,CorporateCard,False,True,1,29604,EUR,162.0,0.1,0.0,SRC-00042092
EXP-042093,EMP-0210,Sales,2026-10-01,other,Printing Co,PRJ-0040,BankTransfer,True,True,4,17787,JPY,1.0,0.08,0.0,SRC-00042093
EXP-042094,EMP-0223,Legal,2026-11-02,accommodation,Hotel Group C,PRJ-0043,EmployeeReimbursement,True,True,2,29494,USD,150.0,0.1,0.0,SRC-00042094
EXP-042095,EMP-0236,Operations,2026-12-03,meal,Restaurant A,PRJ-0046,Cash,True,True,4,8485,EUR,162.0,0.1,0.0,SRC-00042095
EXP-042096,EMP-0249,Finance,2026-01-04,travel,JR East,PRJ-0049,CorporateCard,False,True,1,30152,JPY,1.0,0.1,0.0,SRC-00042096
EXP-042097,EMP-0012,Procurement,2026-02-05,other,Software Store,PRJ-0052,BankTransfer,True,True,3,18023,USD,150.0,0.08,0.0,SRC-00042097
EXP-042098,EMP-0025,HR,2026-03-06,accommodation,Hotel Group C,PRJ-0055,EmployeeReimbursement,True,True,3,29898,EUR,162.0,0.1,0.05,SRC-00042098
EXP-042099,EMP-0038,IT,2026-04-07,meal,Catering Co,PRJ-0058,Cash,True,True,4,8817,JPY,1.0,0.1,0.0,SRC-00042099
EXP-042100,EMP-0051,Engineering,2026-05-08,travel,Railway Services,PRJ-0061,CorporateCard,False,True,1,30700,USD,150.0,0.1,0.0,SRC-00042100
EXP-042101,EMP-0064,Sales,2026-06-09,other,Courier Service,PRJ-0064,BankTransfer,True,True,2,18259,EUR,162.0,0.08,0.0,SRC-00042101
EXP-042102,EMP-0077,Legal,2026-07-10,accommodation,Hotel Group C,PRJ-0067,EmployeeReimbursement,True,True,1,30302,JPY,1.0,0.1,0.0,SRC-00042102
EXP-042103,EMP-0090,Operations,2026-08-11,meal,Business Dining,PRJ-0070,Cash,True,True,4,9149,USD,150.0,0.1,0.0,SRC-00042103
EXP-042104,EMP-0103,Finance,2026-09-12,travel,JAL,PRJ-0073,CorporateCard,False,True,1,31248,EUR,162.0,0.1,0.0,SRC-00042104
EXP-042105,EMP-0116,Procurement,2026-10-13,other,Office Supply Co,PRJ-0076,BankTransfer,True,True,1,495,JPY,1.0,0.08,0.05,SRC-00042105
EXP-042106,EMP-0129,HR,2026-11-14,accommodation,Hotel Group C,PRJ-0079,EmployeeReimbursement,True,True,2,30706,USD,150.0,0.1,0.0,SRC-00042106
EXP-042107,EMP-0142,IT,2026-12-15,meal,Cafe Central,PRJ-0082,Cash,True,True,4,9481,EUR,162.0,0.1,0.0,SRC-00042107
EXP-042108,EMP-0155,Engineering,2026-01-16,travel,JR East,PRJ-0085,CorporateCard,False,True,1,31796,JPY,1.0,0.1,0.0,SRC-00042108
EXP-042109,EMP-0168,Sales,2026-02-17,other,Misc Services,PRJ-0088,BankTransfer,True,True,5,731,USD,150.0,0.08,0.0,SRC-00042109
EXP-042110,EMP-0181,Legal,2026-03-18,accommodation,Hotel Group C,PRJ-0091,EmployeeReimbursement,True,True,3,31110,EUR,162.0,0.1,0.0,SRC-00042110
EXP-042111,EMP-0194,Operations,2026-04-19,meal,Restaurant B,PRJ-0094,Cash,True,True,4,9813,JPY,1.0,0.1,0.0,SRC-00042111
EXP-042112,EMP-0207,Finance,2026-05-20,travel,Railway Services,PRJ-0097,CorporateCard,False,True,1,32344,USD,150.0,0.1,0.05,SRC-00042112
EXP-042113,EMP-0220,Procurement,2026-06-21,other,Printing Co,PRJ-0100,BankTransfer,True,True,4,967,EUR,162.0,0.08,0.0,SRC-00042113
EXP-042114,EMP-0233,HR,2026-07-22,accommodation,Hotel Group C,PRJ-0103,EmployeeReimbursement,True,True,1,31514,JPY,1.0,0.1,0.0,SRC-00042114
EXP-042115,EMP-0246,IT,2026-08-23,meal,Restaurant A,PRJ-0106,Cash,True,True,4,10145,USD,150.0,0.1,0.0,SRC-00042115
EXP-042116,EMP-0009,Engineering,2026-09-24,travel,JAL,PRJ-0109,CorporateCard,False,True,1,32892,EUR,162.0,0.1,0.0,SRC-00042116
EXP-042117,EMP-0022,Sales,2026-10-25,other,Software Store,PRJ-0112,BankTransfer,True,True,3,1203,JPY,1.0,0.08,0.0,SRC-00042117
EXP-042118,EMP-0035,Legal,2026-11-26,accommodation,Hotel Group C,PRJ-0115,EmployeeReimbursement,True,True,2,31918,USD,150.0,0.1,0.0,SRC-00042118
EXP-042119,EMP-0048,Operations,2026-12-27,meal,Catering Co,PRJ-0118,Cash,True,True,4,10477,EUR,162.0,0.1,0.05,SRC-00042119
EXP-042120,EMP-0061,Finance,2026-01-01,travel,JR East,PRJ-0001,CorporateCard,False,True,1,33440,JPY,1.0,0.1,0.0,SRC-00042120
EXP-042121,EMP-0074,Procurement,2026-02-02,other,Courier Service,PRJ-0004,BankTransfer,True,True,2,1439,USD,150.0,0.08,0.0,SRC-00042121
EXP-042122,EMP-0087,HR,2026-03-03,accommodation,Hotel Group C,PRJ-0007,EmployeeReimbursement,True,True,3,32322,EUR,162.0,0.1,0.0,SRC-00042122
EXP-042123,EMP-0100,IT,2026-04-04,meal,Business Dining,PRJ-0010,Cash,True,True,4,10809,JPY,1.0,0.1,0.0,SRC-00042123
EXP-042124,EMP-0113,Engineering,2026-05-05,travel,Railway Services,PRJ-0013,CorporateCard,False,True,1,33988,USD,150.0,0.1,0.0,SRC-00042124
EXP-042125,EMP-0126,Sales,2026-06-06,other,Office Supply Co,PRJ-0016,BankTransfer,True,True,1,1675,EUR,162.0,0.08,0.0,SRC-00042125
EXP-042126,EMP-0139,Legal,2026-07-07,accommodation,Hotel Group C,PRJ-0019,EmployeeReimbursement,True,True,1,32726,JPY,1.0,0.1,0.05,SRC-00042126
EXP-042127,EMP-0152,Operations,2026-08-08,meal,Cafe Central,PRJ-0022,Cash,True,True,4,11141,USD,150.0,0.1,0.0,SRC-00042127
EXP-042128,EMP-0165,Finance,2026-09-09,travel,JAL,PRJ-0025,CorporateCard,False,True,1,34536,EUR,162.0,0.1,0.0,SRC-00042128
EXP-042129,EMP-0178,Procurement,2026-10-10,other,Misc Services,PRJ-0028,BankTransfer,True,True,5,1911,JPY,1.0,0.08,0.0,SRC-00042129
EXP-042130,EMP-0191,HR,2026-11-11,accommodation,Hotel Group C,PRJ-0031,EmployeeReimbursement,True,True,2,33130,USD,150.0,0.1,0.0,SRC-00042130
EXP-042131,EMP-0204,IT,2026-12-12,meal,Restaurant B,PRJ-0034,Cash,True,True,4,11473,EUR,162.0,0.1,0.0,SRC-00042131
EXP-042132,EMP-0217,Engineering,2026-01-13,travel,JR East,PRJ-0037,CorporateCard,False,True,1,35084,JPY,1.0,0.1,0.0,SRC-00042132
EXP-042133,EMP-0230,Sales,2026-02-14,other,Printing Co,PRJ-0040,BankTransfer,True,True,4,2147,USD,150.0,0.08,0.05,SRC-00042133
EXP-042134,EMP-0243,Legal,2026-03-15,accommodation,Hotel Group C,PRJ-0043,EmployeeReimbursement,True,True,3,33534,EUR,162.0,0.1,0.0,SRC-00042134
EXP-042135,EMP-0006,Operations,2026-04-16,meal,Restaurant A,PRJ-0046,Cash,True,True,4,11805,JPY,1.0,0.1,0.0,SRC-00042135
EXP-042136,EMP-0019,Finance,2026-05-17,travel,Railway Services,PRJ-0049,CorporateCard,False,True,1,35632,USD,150.0,0.1,0.0,SRC-00042136
EXP-042137,EMP-0032,Procurement,2026-06-18,other,Software Store,PRJ-0052,BankTransfer,True,True,3,2383,EUR,162.0,0.08,0.0,SRC-00042137
EXP-042138,EMP-0045,HR,2026-07-19,accommodation,Hotel Group C,PRJ-0055,EmployeeReimbursement,True,True,1,33938,JPY,1.0,0.1,0.0,SRC-00042138
EXP-042139,EMP-0058,IT,2026-08-20,meal,Catering Co,PRJ-0058,Cash,True,True,4,12137,USD,150.0,0.1,0.0,SRC-00042139
EXP-042140,EMP-0071,Engineering,2026-09-21,travel,JAL,PRJ-0061,CorporateCard,False,True,1,36180,EUR,162.0,0.1,0.05,SRC-00042140
EXP-042141,EMP-0084,Sales,2026-10-22,other,Courier Service,PRJ-0064,BankTransfer,True,True,2,2619,JPY,1.0,0.08,0.0,SRC-00042141
EXP-042142,EMP-0097,Legal,2026-11-23,accommodation,Hotel Group C,PRJ-0067,EmployeeReimbursement,True,True,2,6342,USD,150.0,0.1,0.0,SRC-00042142
EXP-042143,EMP-0110,Operations,2026-12-24,meal,Business Dining,PRJ-0070,Cash,True,True,4,12469,EUR,162.0,0.1,0.0,SRC-00042143
EXP-042144,EMP-0123,Finance,2026-01-25,travel,JR East,PRJ-0073,CorporateCard,False,True,1,36728,JPY,1.0,0.1,0.0,SRC-00042144
EXP-042145,EMP-0136,Procurement,2026-02-26,other,Office Supply Co,PRJ-0076,BankTransfer,True,True,1,2855,USD,150.0,0.08,0.0,SRC-00042145
EXP-042146,EMP-0149,HR,2026-03-27,accommodation,Hotel Group C,PRJ-0079,EmployeeReimbursement,True,True,3,6746,EUR,162.0,0.1,0.0,SRC-00042146
EXP-042147,EMP-0162,IT,2026-04-01,meal,Cafe Central,PRJ-0082,Cash,True,True,4,12801,JPY,1.0,0.1,0.05,SRC-00042147
EXP-042148,EMP-0175,Engineering,2026-05-02,travel,Railway Services,PRJ-0085,CorporateCard,False,True,1,37276,USD,150.0,0.1,0.0,SRC-00042148
EXP-042149,EMP-0188,Sales,2026-06-03,other,Misc Services,PRJ-0088,BankTransfer,True,True,5,3091,EUR,162.0,0.08,0.0,SRC-00042149
EXP-042150,EMP-0201,Legal,2026-07-04,accommodation,Hotel Group C,PRJ-0091,EmployeeReimbursement,True,True,1,7150,JPY,1.0,0.1,0.0,SRC-00042150
EXP-042151,EMP-0214,Operations,2026-08-05,meal,Restaurant B,PRJ-0094,Cash,True,True,4,13133,USD,150.0,0.1,0.0,SRC-00042151
EXP-042152,EMP-0227,Finance,2026-09-06,travel,JAL,PRJ-0097,CorporateCard,False,True,1,37824,EUR,162.0,0.1,0.0,SRC-00042152
EXP-042153,EMP-0240,Procurement,2026-10-07,other,Printing Co,PRJ-0100,BankTransfer,True,True,4,3327,JPY,1.0,0.08,0.0,SRC-00042153
EXP-042154,EMP-0003,HR,2026-11-08,accommodation,Hotel Group C,PRJ-0103,EmployeeReimbursement,True,True,2,7554,USD,150.0,0.1,0.05,SRC-00042154
EXP-042155,EMP-0016,IT,2026-12-09,meal,Restaurant A,PRJ-0106,Cash,True,True,4,13465,EUR,162.0,0.1,0.0,SRC-00042155
EXP-042156,EMP-0029,Engineering,2026-01-10,travel,JR East,PRJ-0109,CorporateCard,False,True,1,38372,JPY,1.0,0.1,0.0,SRC-00042156
EXP-042157,EMP-0042,Sales,2026-02-11,other,Software Store,PRJ-0112,BankTransfer,True,True,3,3563,USD,150.0,0.08,0.0,SRC-00042157
EXP-042158,EMP-0055,Legal,2026-03-12,accommodation,Hotel Group C,PRJ-0115,EmployeeReimbursement,True,True,3,7958,EUR,162.0,0.1,0.0,SRC-00042158
EXP-042159,EMP-0068,Operations,2026-04-13,meal,Catering Co,PRJ-0118,Cash,True,True,4,13797,JPY,1.0,0.1,0.0,SRC-00042159
EXP-042160,EMP-0081,Finance,2026-05-14,travel,Railway Services,PRJ-0001,CorporateCard,False,True,1,38920,USD,150.0,0.1,0.0,SRC-00042160
EXP-042161,EMP-0094,Procurement,2026-06-15,other,Courier Service,PRJ-0004,BankTransfer,True,True,2,3799,EUR,162.0,0.08,0.05,SRC-00042161
EXP-042162,EMP-0107,HR,2026-07-16,accommodation,Hotel Group C,PRJ-0007,EmployeeReimbursement,True,True,1,8362,JPY,1.0,0.1,0.0,SRC-00042162
EXP-042163,EMP-0120,IT,2026-08-17,meal,Business Dining,PRJ-0010,Cash,True,True,4,14129,USD,150.0,0.1,0.0,SRC-00042163
EXP-042164,EMP-0133,Engineering,2026-09-18,travel,JAL,PRJ-0013,CorporateCard,False,True,1,39468,EUR,162.0,0.1,0.0,SRC-00042164
EXP-042165,EMP-0146,Sales,2026-10-19,other,Office Supply Co,PRJ-0016,BankTransfer,True,True,1,4035,JPY,1.0,0.08,0.0,SRC-00042165
EXP-042166,EMP-0159,Legal,2026-11-20,accommodation,Hotel Group C,PRJ-0019,EmployeeReimbursement,True,True,2,8766,USD,150.0,0.1,0.0,SRC-00042166
EXP-042167,EMP-0172,Operations,2026-12-21,meal,Cafe Central,PRJ-0022,Cash,True,True,4,14461,EUR,162.0,0.1,0.0,SRC-00042167
EXP-042168,EMP-0185,Finance,2026-01-22,travel,JR East,PRJ-0025,CorporateCard,False,True,1,40016,JPY,1.0,0.1,0.05,SRC-00042168
EXP-042169,EMP-0198,Procurement,2026-02-23,other,Misc Services,PRJ-0028,BankTransfer,True,True,5,4271,USD,150.0,0.08,0.0,SRC-00042169
EXP-042170,EMP-0211,HR,2026-03-24,accommodation,Hotel Group C,PRJ-0031,EmployeeReimbursement,True,True,3,9170,EUR,162.0,0.1,0.0,SRC-00042170
EXP-042171,EMP-0224,IT,2026-04-25,meal,Restaurant B,PRJ-0034,Cash,True,True,4,793,JPY,1.0,0.1,0.0,SRC-00042171
EXP-042172,EMP-0237,Engineering,2026-05-26,travel,Railway Services,PRJ-0037,CorporateCard,False,True,1,40564,USD,150.0,0.1,0.0,SRC-00042172
EXP-042173,EMP-0250,Sales,2026-06-27,other,Printing Co,PRJ-0040,BankTransfer,True,True,4,4507,EUR,162.0,0.08,0.0,SRC-00042173
EXP-042174,EMP-0013,Legal,2026-07-01,accommodation,Hotel Group C,PRJ-0043,EmployeeReimbursement,True,True,1,9574,JPY,1.0,0.1,0.0,SRC-00042174
EXP-042175,EMP-0026,Operations,2026-08-02,meal,Restaurant A,PRJ-0046,Cash,True,True,4,1125,USD,150.0,0.1,0.05,SRC-00042175
EXP-042176,EMP-0039,Finance,2026-09-03,travel,JAL,PRJ-0049,CorporateCard,False,True,1,41112,EUR,162.0,0.1,0.0,SRC-00042176
EXP-042177,EMP-0052,Procurement,2026-10-04,other,Software Store,PRJ-0052,BankTransfer,True,True,3,4743,JPY,1.0,0.08,0.0,SRC-00042177
EXP-042178,EMP-0065,HR,2026-11-05,accommodation,Hotel Group C,PRJ-0055,EmployeeReimbursement,True,True,2,9978,USD,150.0,0.1,0.0,SRC-00042178
EXP-042179,EMP-0078,IT,2026-12-06,meal,Catering Co,PRJ-0058,Cash,True,True,4,1457,EUR,162.0,0.1,0.0,SRC-00042179
EXP-042180,EMP-0091,Engineering,2026-01-07,travel,JR East,PRJ-0061,CorporateCard,False,True,1,41660,JPY,1.0,0.1,0.0,SRC-00042180
EXP-042181,EMP-0104,Sales,2026-02-08,other,Courier Service,PRJ-0064,BankTransfer,True,True,2,4979,USD,150.0,0.08,0.0,SRC-00042181
EXP-042182,EMP-0117,Legal,2026-03-09,accommodation,Hotel Group C,PRJ-0067,EmployeeReimbursement,True,True,3,10382,EUR,162.0,0.1,0.05,SRC-00042182
EXP-042183,EMP-0130,Operations,2026-04-10,meal,Business Dining,PRJ-0070,Cash,True,True,4,1789,JPY,1.0,0.1,0.0,SRC-00042183
EXP-042184,EMP-0143,Finance,2026-05-11,travel,Railway Services,PRJ-0073,CorporateCard,False,True,1,42208,USD,150.0,0.1,0.0,SRC-00042184
EXP-042185,EMP-0156,Procurement,2026-06-12,other,Office Supply Co,PRJ-0076,BankTransfer,True,True,1,5215,EUR,162.0,0.08,0.0,SRC-00042185
EXP-042186,EMP-0169,HR,2026-07-13,accommodation,Hotel Group C,PRJ-0079,EmployeeReimbursement,True,True,1,10786,JPY,1.0,0.1,0.0,SRC-00042186
EXP-042187,EMP-0182,IT,2026-08-14,meal,Cafe Central,PRJ-0082,Cash,True,True,4,2121,USD,150.0,0.1,0.0,SRC-00042187
EXP-042188,EMP-0195,Engineering,2026-09-15,travel,JAL,PRJ-0085,CorporateCard,False,True,1,42756,EUR,162.0,0.1,0.0,SRC-00042188
EXP-042189,EMP-0208,Sales,2026-10-16,other,Misc Services,PRJ-0088,BankTransfer,True,True,5,5451,JPY,1.0,0.08,0.05,SRC-00042189
EXP-042190,EMP-0221,Legal,2026-11-17,accommodation,Hotel Group C,PRJ-0091,EmployeeReimbursement,True,True,2,11190,USD,150.0,0.1,0.0,SRC-00042190
EXP-042191,EMP-0234,Operations,2026-12-18,meal,Restaurant B,PRJ-0094,Cash,True,True,4,2453,EUR,162.0,0.1,0.0,SRC-00042191
EXP-042192,EMP-0247,Finance,2026-01-19,travel,JR East,PRJ-0097,CorporateCard,False,True,1,43304,JPY,1.0,0.1,0.0,SRC-00042192
EXP-042193,EMP-0010,Procurement,2026-02-20,other,Printing Co,PRJ-0100,BankTransfer,True,True,4,5687,USD,150.0,0.08,0.0,SRC-00042193
EXP-042194,EMP-0023,HR,2026-03-21,accommodation,Hotel Group C,PRJ-0103,EmployeeReimbursement,True,True,3,11594,EUR,162.0,0.1,0.0,SRC-00042194
EXP-042195,EMP-0036,IT,2026-04-22,meal,Restaurant A,PRJ-0106,Cash,True,True,4,2785,JPY,1.0,0.1,0.0,SRC-00042195
EXP-042196,EMP-0049,Engineering,2026-05-23,travel,Railway Services,PRJ-0109,CorporateCard,False,True,1,43852,USD,150.0,0.1,0.05,SRC-00042196
EXP-042197,EMP-0062,Sales,2026-06-24,other,Software Store,PRJ-0112,BankTransfer,True,True,3,5923,EUR,162.0,0.08,0.0,SRC-00042197
EXP-042198,EMP-0075,Legal,2026-07-25,accommodation,Hotel Group C,PRJ-0115,EmployeeReimbursement,True,True,1,11998,JPY,1.0,0.1,0.0,SRC-00042198
EXP-042199,EMP-0088,Operations,2026-08-26,meal,Catering Co,PRJ-0118,Cash,True,True,4,3117,USD,150.0,0.1,0.0,SRC-00042199
EXP-042200,EMP-0101,Finance,2026-09-27,travel,JAL,PRJ-0001,CorporateCard,False,True,1,44400,EUR,162.0,0.1,0.0,SRC-00042200
EXP-042201,EMP-0114,Procurement,2026-10-01,other,Courier Service,PRJ-0004,BankTransfer,True,True,2,6159,JPY,1.0,0.08,0.0,SRC-00042201
EXP-042202,EMP-0127,HR,2026-11-02,accommodation,Hotel Group C,PRJ-0007,EmployeeReimbursement,True,True,2,12402,USD,150.0,0.1,0.0,SRC-00042202
EXP-042203,EMP-0140,IT,2026-12-03,meal,Business Dining,PRJ-0010,Cash,True,True,4,3449,EUR,162.0,0.1,0.05,SRC-00042203
EXP-042204,EMP-0153,Engineering,2026-01-04,travel,JR East,PRJ-0013,CorporateCard,False,True,1,44948,JPY,1.0,0.1,0.0,SRC-00042204
EXP-042205,EMP-0166,Sales,2026-02-05,other,Office Supply Co,PRJ-0016,BankTransfer,True,True,1,6395,USD,150.0,0.08,0.0,SRC-00042205
EXP-042206,EMP-0179,Legal,2026-03-06,accommodation,Hotel Group C,PRJ-0019,EmployeeReimbursement,True,True,3,12806,EUR,162.0,0.1,0.0,SRC-00042206
EXP-042207,EMP-0192,Operations,2026-04-07,meal,Cafe Central,PRJ-0022,Cash,True,True,4,3781,JPY,1.0,0.1,0.0,SRC-00042207
EXP-042208,EMP-0205,Finance,2026-05-08,travel,Railway Services,PRJ-0025,CorporateCard,False,True,1,45496,USD,150.0,0.1,0.0,SRC-00042208
EXP-042209,EMP-0218,Procurement,2026-06-09,other,Misc Services,PRJ-0028,BankTransfer,True,True,5,6631,EUR,162.0,0.08,0.0,SRC-00042209
EXP-042210,EMP-0231,HR,2026-07-10,accommodation,Hotel Group C,PRJ-0031,EmployeeReimbursement,True,True,1,13210,JPY,1.0,0.1,0.05,SRC-00042210
EXP-042211,EMP-0244,IT,2026-08-11,meal,Restaurant B,PRJ-0034,Cash,True,True,4,4113,USD,150.0,0.1,0.0,SRC-00042211
EXP-042212,EMP-0007,Engineering,2026-09-12,travel,JAL,PRJ-0037,CorporateCard,False,True,1,46044,EUR,162.0,0.1,0.0,SRC-00042212
EXP-042213,EMP-0020,Sales,2026-10-13,other,Printing Co,PRJ-0040,BankTransfer,True,True,4,6867,JPY,1.0,0.08,0.0,SRC-00042213
EXP-042214,EMP-0033,Legal,2026-11-14,accommodation,Hotel Group C,PRJ-0043,EmployeeReimbursement,True,True,2,13614,USD,150.0,0.1,0.0,SRC-00042214
EXP-042215,EMP-0046,Operations,2026-12-15,meal,Restaurant A,PRJ-0046,Cash,True,True,4,4445,EUR,162.0,0.1,0.0,SRC-00042215
EXP-042216,EMP-0059,Finance,2026-01-16,travel,JR East,PRJ-0049,CorporateCard,False,True,1,46592,JPY,1.0,0.1,0.0,SRC-00042216
EXP-042217,EMP-0072,Procurement,2026-02-17,other,Software Store,PRJ-0052,BankTransfer,True,True,3,7103,USD,150.0,0.08,0.05,SRC-00042217
EXP-042218,EMP-0085,HR,2026-03-18,accommodation,Hotel Group C,PRJ-0055,EmployeeReimbursement,True,True,3,14018,EUR,162.0,0.1,0.0,SRC-00042218
EXP-042219,EMP-0098,IT,2026-04-19,meal,Catering Co,PRJ-0058,Cash,True,True,4,4777,JPY,1.0,0.1,0.0,SRC-00042219
EXP-042220,EMP-0111,Engineering,2026-05-20,travel,Railway Services,PRJ-0061,CorporateCard,False,True,1,47140,USD,150.0,0.1,0.0,SRC-00042220
EXP-042221,EMP-0124,Sales,2026-06-21,other,Courier Service,PRJ-0064,BankTransfer,True,True,2,7339,EUR,162.0,0.08,0.0,SRC-00042221
EXP-042222,EMP-0137,Legal,2026-07-22,accommodation,Hotel Group C,PRJ-0067,EmployeeReimbursement,True,True,1,14422,JPY,1.0,0.1,0.0,SRC-00042222
EXP-042223,EMP-0150,Operations,2026-08-23,meal,Business Dining,PRJ-0070,Cash,True,True,4,5109,USD,150.0,0.1,0.0,SRC-00042223
EXP-042224,EMP-0163,Finance,2026-09-24,travel,JAL,PRJ-0073,CorporateCard,False,True,1,47688,EUR,162.0,0.1,0.05,SRC-00042224
EXP-042225,EMP-0176,Procurement,2026-10-25,other,Office Supply Co,PRJ-0076,BankTransfer,True,True,1,7575,JPY,1.0,0.08,0.0,SRC-00042225
EXP-042226,EMP-0189,HR,2026-11-26,accommodation,Hotel Group C,PRJ-0079,EmployeeReimbursement,True,True,2,14826,USD,150.0,0.1,0.0,SRC-00042226
EXP-042227,EMP-0202,IT,2026-12-27,meal,Cafe Central,PRJ-0082,Cash,True,True,4,5441,EUR,162.0,0.1,0.0,SRC-00042227
EXP-042228,EMP-0215,Engineering,2026-01-01,travel,JR East,PRJ-0085,CorporateCard,False,True,1,48236,JPY,1.0,0.1,0.0,SRC-00042228
EXP-042229,EMP-0228,Sales,2026-02-02,other,Misc Services,PRJ-0088,BankTransfer,True,True,5,7811,USD,150.0,0.08,0.0,SRC-00042229
EXP-042230,EMP-0241,Legal,2026-03-03,accommodation,Hotel Group C,PRJ-0091,EmployeeReimbursement,True,True,3,15230,EUR,162.0,0.1,0.0,SRC-00042230
EXP-042231,EMP-0004,Operations,2026-04-04,meal,Restaurant B,PRJ-0094,Cash,True,True,4,5773,JPY,1.0,0.1,0.05,SRC-00042231
EXP-042232,EMP-0017,Finance,2026-05-05,travel,Railway Services,PRJ-0097,CorporateCard,False,True,1,48784,USD,150.0,0.1,0.0,SRC-00042232
EXP-042233,EMP-0030,Procurement,2026-06-06,other,Printing Co,PRJ-0100,BankTransfer,True,True,4,8047,EUR,162.0,0.08,0.0,SRC-00042233
EXP-042234,EMP-0043,HR,2026-07-07,accommodation,Hotel Group C,PRJ-0103,EmployeeReimbursement,True,True,1,15634,JPY,1.0,0.1,0.0,SRC-00042234
EXP-042235,EMP-0056,IT,2026-08-08,meal,Restaurant A,PRJ-0106,Cash,True,True,4,6105,USD,150.0,0.1,0.0,SRC-00042235
EXP-042236,EMP-0069,Engineering,2026-09-09,travel,JAL,PRJ-0109,CorporateCard,False,True,1,49332,EUR,162.0,0.1,0.0,SRC-00042236
EXP-042237,EMP-0082,Sales,2026-10-10,other,Software Store,PRJ-0112,BankTransfer,True,True,3,8283,JPY,1.0,0.08,0.0,SRC-00042237
EXP-042238,EMP-0095,Legal,2026-11-11,accommodation,Hotel Group C,PRJ-0115,EmployeeReimbursement,True,True,2,16038,USD,150.0,0.1,0.05,SRC-00042238
EXP-042239,EMP-0108,Operations,2026-12-12,meal,Catering Co,PRJ-0118,Cash,True,True,4,6437,EUR,162.0,0.1,0.0,SRC-00042239
EXP-042240,EMP-0121,Finance,2026-01-13,travel,JR East,PRJ-0001,CorporateCard,False,True,1,49880,JPY,1.0,0.1,0.0,SRC-00042240
EXP-042241,EMP-0134,Procurement,2026-02-14,other,Courier Service,PRJ-0004,BankTransfer,True,True,2,8519,USD,150.0,0.08,0.0,SRC-00042241
EXP-042242,EMP-0147,HR,2026-03-15,accommodation,Hotel Group C,PRJ-0007,EmployeeReimbursement,True,True,3,16442,EUR,162.0,0.1,0.0,SRC-00042242
EXP-042243,EMP-0160,IT,2026-04-16,meal,Business Dining,PRJ-0010,Cash,True,True,4,6769,JPY,1.0,0.1,0.0,SRC-00042243
EXP-042244,EMP-0173,Engineering,2026-05-17,travel,Railway Services,PRJ-0013,CorporateCard,False,True,1,50428,USD,150.0,0.1,0.0,SRC-00042244
EXP-042245,EMP-0186,Sales,2026-06-18,other,Office Supply Co,PRJ-0016,BankTransfer,True,True,1,8755,EUR,162.0,0.08,0.05,SRC-00042245
EXP-042246,EMP-0199,Legal,2026-07-19,accommodation,Hotel Group C,PRJ-0019,EmployeeReimbursement,True,True,1,16846,JPY,1.0,0.1,0.0,SRC-00042246
EXP-042247,EMP-0212,Operations,2026-08-20,meal,Cafe Central,PRJ-0022,Cash,True,True,4,7101,USD,150.0,0.1,0.0,SRC-00042247
EXP-042248,EMP-0225,Finance,2026-09-21,travel,JAL,PRJ-0025,CorporateCard,False,True,1,50976,EUR,162.0,0.1,0.0,SRC-00042248
EXP-042249,EMP-0238,Procurement,2026-10-22,other,Misc Services,PRJ-0028,BankTransfer,True,True,5,8991,JPY,1.0,0.08,0.0,SRC-00042249
EXP-042250,EMP-0001,HR,2026-11-23,accommodation,Hotel Group C,PRJ-0031,EmployeeReimbursement,True,True,2,17250,USD,150.0,0.1,0.0,SRC-00042250
EXP-042251,EMP-0014,IT,2026-12-24,meal,Restaurant B,PRJ-0034,Cash,True,True,4,7433,EUR,162.0,0.1,0.0,SRC-00042251
EXP-042252,EMP-0027,Engineering,2026-01-25,travel,JR East,PRJ-0037,CorporateCard,False,True,1,51524,JPY,1.0,0.1,0.05,SRC-00042252
EXP-042253,EMP-0040,Sales,2026-02-26,other,Printing Co,PRJ-0040,BankTransfer,True,True,4,9227,USD,150.0,0.08,0.0,SRC-00042253
EXP-042254,EMP-0053,Legal,2026-03-27,accommodation,Hotel Group C,PRJ-0043,EmployeeReimbursement,True,True,3,17654,EUR,162.0,0.1,0.0,SRC-00042254
EXP-042255,EMP-0066,Operations,2026-04-01,meal,Restaurant A,PRJ-0046,Cash,True,True,4,7765,JPY,1.0,0.1,0.0,SRC-00042255
EXP-042256,EMP-0079,Finance,2026-05-02,travel,Railway Services,PRJ-0049,CorporateCard,False,True,1,52072,USD,150.0,0.1,0.0,SRC-00042256
EXP-042257,EMP-0092,Procurement,2026-06-03,other,Software Store,PRJ-0052,BankTransfer,True,True,3,9463,EUR,162.0,0.08,0.0,SRC-00042257
EXP-042258,EMP-0105,HR,2026-07-04,accommodation,Hotel Group C,PRJ-0055,EmployeeReimbursement,True,True,1,18058,JPY,1.0,0.1,0.0,SRC-00042258
EXP-042259,EMP-0118,IT,2026-08-05,meal,Catering Co,PRJ-0058,Cash,True,True,4,8097,USD,150.0,0.1,0.05,SRC-00042259
EXP-042260,EMP-0131,Engineering,2026-09-06,travel,JAL,PRJ-0061,CorporateCard,False,True,1,52620,EUR,162.0,0.1,0.0,SRC-00042260
EXP-042261,EMP-0144,Sales,2026-10-07,other,Courier Service,PRJ-0064,BankTransfer,True,True,2,9699,JPY,1.0,0.08,0.0,SRC-00042261
EXP-042262,EMP-0157,Legal,2026-11-08,accommodation,Hotel Group C,PRJ-0067,EmployeeReimbursement,True,True,2,18462,USD,150.0,0.1,0.0,SRC-00042262
EXP-042263,EMP-0170,Operations,2026-12-09,meal,Business Dining,PRJ-0070,Cash,True,True,4,8429,EUR,162.0,0.1,0.0,SRC-00042263
EXP-042264,EMP-0183,Finance,2026-01-10,travel,JR East,PRJ-0073,CorporateCard,False,True,1,53168,JPY,1.0,0.1,0.0,SRC-00042264
EXP-042265,EMP-0196,Procurement,2026-02-11,other,Office Supply Co,PRJ-0076,BankTransfer,True,True,1,9935,USD,150.0,0.08,0.0,SRC-00042265
EXP-042266,EMP-0209,HR,2026-03-12,accommodation,Hotel Group C,PRJ-0079,EmployeeReimbursement,True,True,3,18866,EUR,162.0,0.1,0.05,SRC-00042266
EXP-042267,EMP-0222,IT,2026-04-13,meal,Cafe Central,PRJ-0082,Cash,True,True,4,8761,JPY,1.0,0.1,0.0,SRC-00042267
EXP-042268,EMP-0235,Engineering,2026-05-14,travel,Railway Services,PRJ-0085,CorporateCard,False,True,1,53716,USD,150.0,0.1,0.0,SRC-00042268
EXP-042269,EMP-0248,Sales,2026-06-15,other,Misc Services,PRJ-0088,BankTransfer,True,True,5,10171,EUR,162.0,0.08,0.0,SRC-00042269
EXP-042270,EMP-0011,Legal,2026-07-16,accommodation,Hotel Group C,PRJ-0091,EmployeeReimbursement,True,True,1,19270,JPY,1.0,0.1,0.0,SRC-00042270
EXP-042271,EMP-0024,Operations,2026-08-17,meal,Restaurant B,PRJ-0094,Cash,True,True,4,9093,USD,150.0,0.1,0.0,SRC-00042271
EXP-042272,EMP-0037,Finance,2026-09-18,travel,JAL,PRJ-0097,CorporateCard,False,True,1,54264,EUR,162.0,0.1,0.0,SRC-00042272
EXP-042273,EMP-0050,Procurement,2026-10-19,other,Printing Co,PRJ-0100,BankTransfer,True,True,4,10407,JPY,1.0,0.08,0.05,SRC-00042273
EXP-042274,EMP-0063,HR,2026-11-20,accommodation,Hotel Group C,PRJ-0103,EmployeeReimbursement,True,True,2,19674,USD,150.0,0.1,0.0,SRC-00042274
EXP-042275,EMP-0076,IT,2026-12-21,meal,Restaurant A,PRJ-0106,Cash,True,True,4,9425,EUR,162.0,0.1,0.0,SRC-00042275
EXP-042276,EMP-0089,Engineering,2026-01-22,travel,JR East,PRJ-0109,CorporateCard,False,True,1,54812,JPY,1.0,0.1,0.0,SRC-00042276
EXP-042277,EMP-0102,Sales,2026-02-23,other,Software Store,PRJ-0112,BankTransfer,True,True,3,10643,USD,150.0,0.08,0.0,SRC-00042277
EXP-042278,EMP-0115,Legal,2026-03-24,accommodation,Hotel Group C,PRJ-0115,EmployeeReimbursement,True,True,3,20078,EUR,162.0,0.1,0.0,SRC-00042278
EXP-042279,EMP-0128,Operations,2026-04-25,meal,Catering Co,PRJ-0118,Cash,True,True,4,9757,JPY,1.0,0.1,0.0,SRC-00042279
EXP-042280,EMP-0141,Finance,2026-05-26,travel,Railway Services,PRJ-0001,CorporateCard,False,True,1,55360,USD,150.0,0.1,0.05,SRC-00042280
EXP-042281,EMP-0154,Procurement,2026-06-27,other,Courier Service,PRJ-0004,BankTransfer,True,True,2,10879,EUR,162.0,0.08,0.0,SRC-00042281
EXP-042282,EMP-0167,HR,2026-07-01,accommodation,Hotel Group C,PRJ-0007,EmployeeReimbursement,True,True,1,20482,JPY,1.0,0.1,0.0,SRC-00042282
EXP-042283,EMP-0180,IT,2026-08-02,meal,Business Dining,PRJ-0010,Cash,True,True,4,10089,USD,150.0,0.1,0.0,SRC-00042283
EXP-042284,EMP-0193,Engineering,2026-09-03,travel,JAL,PRJ-0013,CorporateCard,False,True,1,55908,EUR,162.0,0.1,0.0,SRC-00042284
EXP-042285,EMP-0206,Sales,2026-10-04,other,Office Supply Co,PRJ-0016,BankTransfer,True,True,1,11115,JPY,1.0,0.08,0.0,SRC-00042285
EXP-042286,EMP-0219,Legal,2026-11-05,accommodation,Hotel Group C,PRJ-0019,EmployeeReimbursement,True,True,2,20886,USD,150.0,0.1,0.0,SRC-00042286
EXP-042287,EMP-0232,Operations,2026-12-06,meal,Cafe Central,PRJ-0022,Cash,True,True,4,10421,EUR,162.0,0.1,0.05,SRC-00042287
EXP-042288,EMP-0245,Finance,2026-01-07,travel,JR East,PRJ-0025,CorporateCard,False,True,1,56456,JPY,1.0,0.1,0.0,SRC-00042288
EXP-042289,EMP-0008,Procurement,2026-02-08,other,Misc Services,PRJ-0028,BankTransfer,True,True,5,11351,USD,150.0,0.08,0.0,SRC-00042289
EXP-042290,EMP-0021,HR,2026-03-09,accommodation,Hotel Group C,PRJ-0031,EmployeeReimbursement,True,True,3,21290,EUR,162.0,0.1,0.0,SRC-00042290
EXP-042291,EMP-0034,IT,2026-04-10,meal,Restaurant B,PRJ-0034,Cash,True,True,4,10753,JPY,1.0,0.1,0.0,SRC-00042291
EXP-042292,EMP-0047,Engineering,2026-05-11,travel,Railway Services,PRJ-0037,CorporateCard,False,True,1,57004,USD,150.0,0.1,0.0,SRC-00042292
EXP-042293,EMP-0060,Sales,2026-06-12,other,Printing Co,PRJ-0040,BankTransfer,True,True,4,11587,EUR,162.0,0.08,0.0,SRC-00042293
EXP-042294,EMP-0073,Legal,2026-07-13,accommodation,Hotel Group C,PRJ-0043,EmployeeReimbursement,True,True,1,21694,JPY,1.0,0.1,0.05,SRC-00042294
EXP-042295,EMP-0086,Operations,2026-08-14,meal,Restaurant A,PRJ-0046,Cash,True,True,4,11085,USD,150.0,0.1,0.0,SRC-00042295
EXP-042296,EMP-0099,Finance,2026-09-15,travel,JAL,PRJ-0049,CorporateCard,False,True,1,57552,EUR,162.0,0.1,0.0,SRC-00042296
EXP-042297,EMP-0112,Procurement,2026-10-16,other,Software Store,PRJ-0052,BankTransfer,True,True,3,11823,JPY,1.0,0.08,0.0,SRC-00042297
EXP-042298,EMP-0125,HR,2026-11-17,accommodation,Hotel Group C,PRJ-0055,EmployeeReimbursement,True,True,2,22098,USD,150.0,0.1,0.0,SRC-00042298
EXP-042299,EMP-0138,IT,2026-12-18,meal,Catering Co,PRJ-0058,Cash,True,True,4,11417,EUR,162.0,0.1,0.0,SRC-00042299
EXP-042300,EMP-0151,Engineering,2026-01-19,travel,JR East,PRJ-0061,CorporateCard,False,True,1,58100,JPY,1.0,0.1,0.0,SRC-00042300
EXP-042301,EMP-0164,Sales,2026-02-20,other,Courier Service,PRJ-0064,BankTransfer,True,True,2,12059,USD,150.0,0.08,0.05,SRC-00042301
EXP-042302,EMP-0177,Legal,2026-03-21,accommodation,Hotel Group C,PRJ-0067,EmployeeReimbursement,True,True,3,22502,EUR,162.0,0.1,0.0,SRC-00042302
EXP-042303,EMP-0190,Operations,2026-04-22,meal,Business Dining,PRJ-0070,Cash,True,True,4,11749,JPY,1.0,0.1,0.0,SRC-00042303
EXP-042304,EMP-0203,Finance,2026-05-23,travel,Railway Services,PRJ-0073,CorporateCard,False,True,1,58648,USD,150.0,0.1,0.0,SRC-00042304
EXP-042305,EMP-0216,Procurement,2026-06-24,other,Office Supply Co,PRJ-0076,BankTransfer,True,True,1,12295,EUR,162.0,0.08,0.0,SRC-00042305
EXP-042306,EMP-0229,HR,2026-07-25,accommodation,Hotel Group C,PRJ-0079,EmployeeReimbursement,True,True,1,22906,JPY,1.0,0.1,0.0,SRC-00042306
EXP-042307,EMP-0242,IT,2026-08-26,meal,Cafe Central,PRJ-0082,Cash,True,True,4,12081,USD,150.0,0.1,0.0,SRC-00042307
EXP-042308,EMP-0005,Engineering,2026-09-27,travel,JAL,PRJ-0085,CorporateCard,False,True,1,59196,EUR,162.0,0.1,0.05,SRC-00042308
EXP-042309,EMP-0018,Sales,2026-10-01,other,Misc Services,PRJ-0088,BankTransfer,True,True,5,12531,JPY,1.0,0.08,0.0,SRC-00042309
EXP-042310,EMP-0031,Legal,2026-11-02,accommodation,Hotel Group C,PRJ-0091,EmployeeReimbursement,True,True,2,23310,USD,150.0,0.1,0.0,SRC-00042310
EXP-042311,EMP-0044,Operations,2026-12-03,meal,Restaurant B,PRJ-0094,Cash,True,True,4,12413,EUR,162.0,0.1,0.0,SRC-00042311
EXP-042312,EMP-0057,Finance,2026-01-04,travel,JR East,PRJ-0097,CorporateCard,False,True,1,59744,JPY,1.0,0.1,0.0,SRC-00042312
EXP-042313,EMP-0070,Procurement,2026-02-05,other,Printing Co,PRJ-0100,BankTransfer,True,True,4,12767,USD,150.0,0.08,0.0,SRC-00042313
EXP-042314,EMP-0083,HR,2026-03-06,accommodation,Hotel Group C,PRJ-0103,EmployeeReimbursement,True,True,3,23714,EUR,162.0,0.1,0.0,SRC-00042314
EXP-042315,EMP-0096,IT,2026-04-07,meal,Restaurant A,PRJ-0106,Cash,True,True,4,12745,JPY,1.0,0.1,0.05,SRC-00042315
EXP-042316,EMP-0109,Engineering,2026-05-08,travel,Railway Services,PRJ-0109,CorporateCard,False,True,1,60292,USD,150.0,0.1,0.0,SRC-00042316
EXP-042317,EMP-0122,Sales,2026-06-09,other,Software Store,PRJ-0112,BankTransfer,True,True,3,13003,EUR,162.0,0.08,0.0,SRC-00042317
EXP-042318,EMP-0135,Legal,2026-07-10,accommodation,Hotel Group C,PRJ-0115,EmployeeReimbursement,True,True,1,24118,JPY,1.0,0.1,0.0,SRC-00042318
EXP-042319,EMP-0148,Operations,2026-08-11,meal,Catering Co,PRJ-0118,Cash,True,True,4,13077,USD,150.0,0.1,0.0,SRC-00042319
EXP-042320,EMP-0161,Finance,2026-09-12,travel,JAL,PRJ-0001,CorporateCard,False,True,1,60840,EUR,162.0,0.1,0.0,SRC-00042320
EXP-042321,EMP-0174,Procurement,2026-10-13,other,Courier Service,PRJ-0004,BankTransfer,True,True,2,13239,JPY,1.0,0.08,0.0,SRC-00042321
EXP-042322,EMP-0187,HR,2026-11-14,accommodation,Hotel Group C,PRJ-0007,EmployeeReimbursement,True,True,2,24522,USD,150.0,0.1,0.05,SRC-00042322
EXP-042323,EMP-0200,IT,2026-12-15,meal,Business Dining,PRJ-0010,Cash,True,True,4,13409,EUR,162.0,0.1,0.0,SRC-00042323
EXP-042324,EMP-0213,Engineering,2026-01-16,travel,JR East,PRJ-0013,CorporateCard,False,True,1,61388,JPY,1.0,0.1,0.0,SRC-00042324
EXP-042325,EMP-0226,Sales,2026-02-17,other,Office Supply Co,PRJ-0016,BankTransfer,True,True,1,13475,USD,150.0,0.08,0.0,SRC-00042325
EXP-042326,EMP-0239,Legal,2026-03-18,accommodation,Hotel Group C,PRJ-0019,EmployeeReimbursement,True,True,3,24926,EUR,162.0,0.1,0.0,SRC-00042326
EXP-042327,EMP-0002,Operations,2026-04-19,meal,Cafe Central,PRJ-0022,Cash,True,True,4,13741,JPY,1.0,0.1,0.0,SRC-00042327
EXP-042328,EMP-0015,Finance,2026-05-20,travel,Railway Services,PRJ-0025,CorporateCard,False,True,1,61936,USD,150.0,0.1,0.0,SRC-00042328
EXP-042329,EMP-0028,Procurement,2026-06-21,other,Misc Services,PRJ-0028,BankTransfer,True,True,5,13711,EUR,162.0,0.08,0.05,SRC-00042329
EXP-042330,EMP-0041,HR,2026-07-22,accommodation,Hotel Group C,PRJ-0031,EmployeeReimbursement,True,True,1,25330,JPY,1.0,0.1,0.0,SRC-00042330
EXP-042331,EMP-0054,IT,2026-08-23,meal,Restaurant B,PRJ-0034,Cash,True,True,4,14073,USD,150.0,0.1,0.0,SRC-00042331
EXP-042332,EMP-0067,Engineering,2026-09-24,travel,JAL,PRJ-0037,CorporateCard,False,True,1,62484,EUR,162.0,0.1,0.0,SRC-00042332
EXP-042333,EMP-0080,Sales,2026-10-25,other,Printing Co,PRJ-0040,BankTransfer,True,True,4,13947,JPY,1.0,0.08,0.0,SRC-00042333
EXP-042334,EMP-0093,Legal,2026-11-26,accommodation,Hotel Group C,PRJ-0043,EmployeeReimbursement,True,True,2,25734,USD,150.0,0.1,0.0,SRC-00042334
EXP-042335,EMP-0106,Operations,2026-12-27,meal,Restaurant A,PRJ-0046,Cash,True,True,4,14405,EUR,162.0,0.1,0.0,SRC-00042335
EXP-042336,EMP-0119,Finance,2026-01-01,travel,JR East,PRJ-0049,CorporateCard,False,True,1,63032,JPY,1.0,0.1,0.05,SRC-00042336
EXP-042337,EMP-0132,Procurement,2026-02-02,other,Software Store,PRJ-0052,BankTransfer,True,True,3,14183,USD,150.0,0.08,0.0,SRC-00042337
EXP-042338,EMP-0145,HR,2026-03-03,accommodation,Hotel Group C,PRJ-0055,EmployeeReimbursement,True,True,3,26138,EUR,162.0,0.1,0.0,SRC-00042338
EXP-042339,EMP-0158,IT,2026-04-04,meal,Catering Co,PRJ-0058,Cash,True,True,4,737,JPY,1.0,0.1,0.0,SRC-00042339
EXP-042340,EMP-0171,Engineering,2026-05-05,travel,Railway Services,PRJ-0061,CorporateCard,False,True,1,63580,USD,150.0,0.1,0.0,SRC-00042340
EXP-042341,EMP-0184,Sales,2026-06-06,other,Courier Service,PRJ-0064,BankTransfer,True,True,2,14419,EUR,162.0,0.08,0.0,SRC-00042341
EXP-042342,EMP-0197,Legal,2026-07-07,accommodation,Hotel Group C,PRJ-0067,EmployeeReimbursement,True,True,1,26542,JPY,1.0,0.1,0.0,SRC-00042342
EXP-042343,EMP-0210,Operations,2026-08-08,meal,Business Dining,PRJ-0070,Cash,True,True,4,1069,USD,150.0,0.1,0.05,SRC-00042343
EXP-042344,EMP-0223,Finance,2026-09-09,travel,JAL,PRJ-0073,CorporateCard,False,True,1,64128,EUR,162.0,0.1,0.0,SRC-00042344
EXP-042345,EMP-0236,Procurement,2026-10-10,other,Office Supply Co,PRJ-0076,BankTransfer,True,True,1,14655,JPY,1.0,0.08,0.0,SRC-00042345
EXP-042346,EMP-0249,HR,2026-11-11,accommodation,Hotel Group C,PRJ-0079,EmployeeReimbursement,True,True,2,26946,USD,150.0,0.1,0.0,SRC-00042346
EXP-042347,EMP-0012,IT,2026-12-12,meal,Cafe Central,PRJ-0082,Cash,True,True,4,1401,EUR,162.0,0.1,0.0,SRC-00042347
EXP-042348,EMP-0025,Engineering,2026-01-13,travel,JR East,PRJ-0085,CorporateCard,False,True,1,64676,JPY,1.0,0.1,0.0,SRC-00042348
EXP-042349,EMP-0038,Sales,2026-02-14,other,Misc Services,PRJ-0088,BankTransfer,True,True,5,14891,USD,150.0,0.08,0.0,SRC-00042349
EXP-042350,EMP-0051,Legal,2026-03-15,accommodation,Hotel Group C,PRJ-0091,EmployeeReimbursement,True,True,3,27350,EUR,162.0,0.1,0.05,SRC-00042350
EXP-042351,EMP-0064,Operations,2026-04-16,meal,Restaurant B,PRJ-0094,Cash,True,True,4,1733,JPY,1.0,0.1,0.0,SRC-00042351
EXP-042352,EMP-0077,Finance,2026-05-17,travel,Railway Services,PRJ-0097,CorporateCard,False,True,1,65224,USD,150.0,0.1,0.0,SRC-00042352
EXP-042353,EMP-0090,Procurement,2026-06-18,other,Printing Co,PRJ-0100,BankTransfer,True,True,4,15127,EUR,162.0,0.08,0.0,SRC-00042353
EXP-042354,EMP-0103,HR,2026-07-19,accommodation,Hotel Group C,PRJ-0103,EmployeeReimbursement,True,True,1,27754,JPY,1.0,0.1,0.0,SRC-00042354
EXP-042355,EMP-0116,IT,2026-08-20,meal,Restaurant A,PRJ-0106,Cash,True,True,4,2065,USD,150.0,0.1,0.0,SRC-00042355
EXP-042356,EMP-0129,Engineering,2026-09-21,travel,JAL,PRJ-0109,CorporateCard,False,True,1,65772,EUR,162.0,0.1,0.0,SRC-00042356
EXP-042357,EMP-0142,Sales,2026-10-22,other,Software Store,PRJ-0112,BankTransfer,True,True,3,15363,JPY,1.0,0.08,0.05,SRC-00042357
EXP-042358,EMP-0155,Legal,2026-11-23,accommodation,Hotel Group C,PRJ-0115,EmployeeReimbursement,True,True,2,28158,USD,150.0,0.1,0.0,SRC-00042358
EXP-042359,EMP-0168,Operations,2026-12-24,meal,Catering Co,PRJ-0118,Cash,True,True,4,2397,EUR,162.0,0.1,0.0,SRC-00042359
EXP-042360,EMP-0181,Finance,2026-01-25,travel,JR East,PRJ-0001,CorporateCard,False,True,1,66320,JPY,1.0,0.1,0.0,SRC-00042360
EXP-042361,EMP-0194,Procurement,2026-02-26,other,Courier Service,PRJ-0004,BankTransfer,True,True,2,15599,USD,150.0,0.08,0.0,SRC-00042361
EXP-042362,EMP-0207,HR,2026-03-27,accommodation,Hotel Group C,PRJ-0007,EmployeeReimbursement,True,True,3,28562,EUR,162.0,0.1,0.0,SRC-00042362
EXP-042363,EMP-0220,IT,2026-04-01,meal,Business Dining,PRJ-0010,Cash,True,True,4,2729,JPY,1.0,0.1,0.0,SRC-00042363
EXP-042364,EMP-0233,Engineering,2026-05-02,travel,Railway Services,PRJ-0013,CorporateCard,False,True,1,66868,USD,150.0,0.1,0.05,SRC-00042364
EXP-042365,EMP-0246,Sales,2026-06-03,other,Office Supply Co,PRJ-0016,BankTransfer,True,True,1,15835,EUR,162.0,0.08,0.0,SRC-00042365
EXP-042366,EMP-0009,Legal,2026-07-04,accommodation,Hotel Group C,PRJ-0019,EmployeeReimbursement,True,True,1,28966,JPY,1.0,0.1,0.0,SRC-00042366
EXP-042367,EMP-0022,Operations,2026-08-05,meal,Cafe Central,PRJ-0022,Cash,True,True,4,3061,USD,150.0,0.1,0.0,SRC-00042367
EXP-042368,EMP-0035,Finance,2026-09-06,travel,JAL,PRJ-0025,CorporateCard,False,True,1,67416,EUR,162.0,0.1,0.0,SRC-00042368
EXP-042369,EMP-0048,Procurement,2026-10-07,other,Misc Services,PRJ-0028,BankTransfer,True,True,5,16071,JPY,1.0,0.08,0.0,SRC-00042369
EXP-042370,EMP-0061,HR,2026-11-08,accommodation,Hotel Group C,PRJ-0031,EmployeeReimbursement,True,True,2,29370,USD,150.0,0.1,0.0,SRC-00042370
EXP-042371,EMP-0074,IT,2026-12-09,meal,Restaurant B,PRJ-0034,Cash,True,True,4,3393,EUR,162.0,0.1,0.05,SRC-00042371
EXP-042372,EMP-0087,Engineering,2026-01-10,travel,JR East,PRJ-0037,CorporateCard,False,True,1,67964,JPY,1.0,0.1,0.0,SRC-00042372
EXP-042373,EMP-0100,Sales,2026-02-11,other,Printing Co,PRJ-0040,BankTransfer,True,True,4,16307,USD,150.0,0.08,0.0,SRC-00042373
EXP-042374,EMP-0113,Legal,2026-03-12,accommodation,Hotel Group C,PRJ-0043,EmployeeReimbursement,True,True,3,29774,EUR,162.0,0.1,0.0,SRC-00042374
EXP-042375,EMP-0126,Operations,2026-04-13,meal,Restaurant A,PRJ-0046,Cash,True,True,4,3725,JPY,1.0,0.1,0.0,SRC-00042375
EXP-042376,EMP-0139,Finance,2026-05-14,travel,Railway Services,PRJ-0049,CorporateCard,False,True,1,68512,USD,150.0,0.1,0.0,SRC-00042376
EXP-042377,EMP-0152,Procurement,2026-06-15,other,Software Store,PRJ-0052,BankTransfer,True,True,3,16543,EUR,162.0,0.08,0.0,SRC-00042377
EXP-042378,EMP-0165,HR,2026-07-16,accommodation,Hotel Group C,PRJ-0055,EmployeeReimbursement,True,True,1,30178,JPY,1.0,0.1,0.05,SRC-00042378
EXP-042379,EMP-0178,IT,2026-08-17,meal,Catering Co,PRJ-0058,Cash,True,True,4,4057,USD,150.0,0.1,0.0,SRC-00042379
EXP-042380,EMP-0191,Engineering,2026-09-18,travel,JAL,PRJ-0061,CorporateCard,False,True,1,69060,EUR,162.0,0.1,0.0,SRC-00042380
EXP-042381,EMP-0204,Sales,2026-10-19,other,Courier Service,PRJ-0064,BankTransfer,True,True,2,16779,JPY,1.0,0.08,0.0,SRC-00042381
EXP-042382,EMP-0217,Legal,2026-11-20,accommodation,Hotel Group C,PRJ-0067,EmployeeReimbursement,True,True,2,30582,USD,150.0,0.1,0.0,SRC-00042382
EXP-042383,EMP-0230,Operations,2026-12-21,meal,Business Dining,PRJ-0070,Cash,True,True,4,4389,EUR,162.0,0.1,0.0,SRC-00042383
EXP-042384,EMP-0243,Finance,2026-01-22,travel,JR East,PRJ-0073,CorporateCard,False,True,1,69608,JPY,1.0,0.1,0.0,SRC-00042384
EXP-042385,EMP-0006,Procurement,2026-02-23,other,Office Supply Co,PRJ-0076,BankTransfer,True,True,1,17015,USD,150.0,0.08,0.05,SRC-00042385
EXP-042386,EMP-0019,HR,2026-03-24,accommodation,Hotel Group C,PRJ-0079,EmployeeReimbursement,True,True,3,30986,EUR,162.0,0.1,0.0,SRC-00042386
EXP-042387,EMP-0032,IT,2026-04-25,meal,Cafe Central,PRJ-0082,Cash,True,True,4,4721,JPY,1.0,0.1,0.0,SRC-00042387
EXP-042388,EMP-0045,Engineering,2026-05-26,travel,Railway Services,PRJ-0085,CorporateCard,False,True,1,70156,USD,150.0,0.1,0.0,SRC-00042388
EXP-042389,EMP-0058,Sales,2026-06-27,other,Misc Services,PRJ-0088,BankTransfer,True,True,5,17251,EUR,162.0,0.08,0.0,SRC-00042389
EXP-042390,EMP-0071,Legal,2026-07-01,accommodation,Hotel Group C,PRJ-0091,EmployeeReimbursement,True,True,1,31390,JPY,1.0,0.1,0.0,SRC-00042390
EXP-042391,EMP-0084,Operations,2026-08-02,meal,Restaurant B,PRJ-0094,Cash,True,True,4,5053,USD,150.0,0.1,0.0,SRC-00042391
EXP-042392,EMP-0097,Finance,2026-09-03,travel,JAL,PRJ-0097,CorporateCard,False,True,1,70704,EUR,162.0,0.1,0.05,SRC-00042392
EXP-042393,EMP-0110,Procurement,2026-10-04,other,Printing Co,PRJ-0100,BankTransfer,True,True,4,17487,JPY,1.0,0.08,0.0,SRC-00042393
EXP-042394,EMP-0123,HR,2026-11-05,accommodation,Hotel Group C,PRJ-0103,EmployeeReimbursement,True,True,2,31794,USD,150.0,0.1,0.0,SRC-00042394
EXP-042395,EMP-0136,IT,2026-12-06,meal,Restaurant A,PRJ-0106,Cash,True,True,4,5385,EUR,162.0,0.1,0.0,SRC-00042395
EXP-042396,EMP-0149,Engineering,2026-01-07,travel,JR East,PRJ-0109,CorporateCard,False,True,1,71252,JPY,1.0,0.1,0.0,SRC-00042396
EXP-042397,EMP-0162,Sales,2026-02-08,other,Software Store,PRJ-0112,BankTransfer,True,True,3,17723,USD,150.0,0.08,0.0,SRC-00042397
EXP-042398,EMP-0175,Legal,2026-03-09,accommodation,Hotel Group C,PRJ-0115,EmployeeReimbursement,True,True,3,32198,EUR,162.0,0.1,0.0,SRC-00042398
EXP-042399,EMP-0188,Operations,2026-04-10,meal,Catering Co,PRJ-0118,Cash,True,True,4,5717,JPY,1.0,0.1,0.05,SRC-00042399
EXP-042400,EMP-0201,Finance,2026-05-11,travel,Railway Services,PRJ-0001,CorporateCard,False,True,1,71800,USD,150.0,0.1,0.0,SRC-00042400
EXP-042401,EMP-0214,Procurement,2026-06-12,other,Courier Service,PRJ-0004,BankTransfer,True,True,2,17959,EUR,162.0,0.08,0.0,SRC-00042401
EXP-042402,EMP-0227,HR,2026-07-13,accommodation,Hotel Group C,PRJ-0007,EmployeeReimbursement,True,True,1,32602,JPY,1.0,0.1,0.0,SRC-00042402
EXP-042403,EMP-0240,IT,2026-08-14,meal,Business Dining,PRJ-0010,Cash,True,True,4,6049,USD,150.0,0.1,0.0,SRC-00042403
EXP-042404,EMP-0003,Engineering,2026-09-15,travel,JAL,PRJ-0013,CorporateCard,False,True,1,72348,EUR,162.0,0.1,0.0,SRC-00042404
EXP-042405,EMP-0016,Sales,2026-10-16,other,Office Supply Co,PRJ-0016,BankTransfer,True,True,1,18195,JPY,1.0,0.08,0.0,SRC-00042405
EXP-042406,EMP-0029,Legal,2026-11-17,accommodation,Hotel Group C,PRJ-0019,EmployeeReimbursement,True,True,2,33006,USD,150.0,0.1,0.05,SRC-00042406
EXP-042407,EMP-0042,Operations,2026-12-18,meal,Cafe Central,PRJ-0022,Cash,True,True,4,6381,EUR,162.0,0.1,0.0,SRC-00042407
EXP-042408,EMP-0055,Finance,2026-01-19,travel,JR East,PRJ-0025,CorporateCard,False,True,1,72896,JPY,1.0,0.1,0.0,SRC-00042408
EXP-042409,EMP-0068,Procurement,2026-02-20,other,Misc Services,PRJ-0028,BankTransfer,True,True,5,431,USD,150.0,0.08,0.0,SRC-00042409
EXP-042410,EMP-0081,HR,2026-03-21,accommodation,Hotel Group C,PRJ-0031,EmployeeReimbursement,True,True,3,33410,EUR,162.0,0.1,0.0,SRC-00042410
EXP-042411,EMP-0094,IT,2026-04-22,meal,Restaurant B,PRJ-0034,Cash,True,True,4,6713,JPY,1.0,0.1,0.0,SRC-00042411
EXP-042412,EMP-0107,Engineering,2026-05-23,travel,Railway Services,PRJ-0037,CorporateCard,False,True,1,3444,USD,150.0,0.1,0.0,SRC-00042412
EXP-042413,EMP-0120,Sales,2026-06-24,other,Printing Co,PRJ-0040,BankTransfer,True,True,4,667,EUR,162.0,0.08,0.05,SRC-00042413
EXP-042414,EMP-0133,Legal,2026-07-25,accommodation,Hotel Group C,PRJ-0043,EmployeeReimbursement,True,True,1,33814,JPY,1.0,0.1,0.0,SRC-00042414
EXP-042415,EMP-0146,Operations,2026-08-26,meal,Restaurant A,PRJ-0046,Cash,True,True,4,7045,USD,150.0,0.1,0.0,SRC-00042415
EXP-042416,EMP-0159,Finance,2026-09-27,travel,JAL,PRJ-0049,CorporateCard,False,True,1,3992,EUR,162.0,0.1,0.0,SRC-00042416
EXP-042417,EMP-0172,Procurement,2026-10-01,other,Software Store,PRJ-0052,BankTransfer,True,True,3,903,JPY,1.0,0.08,0.0,SRC-00042417
EXP-042418,EMP-0185,HR,2026-11-02,accommodation,Hotel Group C,PRJ-0055,EmployeeReimbursement,True,True,2,6218,USD,150.0,0.1,0.0,SRC-00042418
EXP-042419,EMP-0198,IT,2026-12-03,meal,Catering Co,PRJ-0058,Cash,True,True,4,7377,EUR,162.0,0.1,0.0,SRC-00042419
EXP-042420,EMP-0211,Engineering,2026-01-04,travel,JR East,PRJ-0061,CorporateCard,False,True,1,4540,JPY,1.0,0.1,0.05,SRC-00042420
EXP-042421,EMP-0224,Sales,2026-02-05,other,Courier Service,PRJ-0064,BankTransfer,True,True,2,1139,USD,150.0,0.08,0.0,SRC-00042421
EXP-042422,EMP-0237,Legal,2026-03-06,accommodation,Hotel Group C,PRJ-0067,EmployeeReimbursement,True,True,3,6622,EUR,162.0,0.1,0.0,SRC-00042422
EXP-042423,EMP-0250,Operations,2026-04-07,meal,Business Dining,PRJ-0070,Cash,True,True,4,7709,JPY,1.0,0.1,0.0,SRC-00042423
EXP-042424,EMP-0013,Finance,2026-05-08,travel,Railway Services,PRJ-0073,CorporateCard,False,True,1,5088,USD,150.0,0.1,0.0,SRC-00042424
EXP-042425,EMP-0026,Procurement,2026-06-09,other,Office Supply Co,PRJ-0076,BankTransfer,True,True,1,1375,EUR,162.0,0.08,0.0,SRC-00042425
EXP-042426,EMP-0039,HR,2026-07-10,accommodation,Hotel Group C,PRJ-0079,EmployeeReimbursement,True,True,1,7026,JPY,1.0,0.1,0.0,SRC-00042426
EXP-042427,EMP-0052,IT,2026-08-11,meal,Cafe Central,PRJ-0082,Cash,True,True,4,8041,USD,150.0,0.1,0.05,SRC-00042427
EXP-042428,EMP-0065,Engineering,2026-09-12,travel,JAL,PRJ-0085,CorporateCard,False,True,1,5636,EUR,162.0,0.1,0.0,SRC-00042428
EXP-042429,EMP-0078,Sales,2026-10-13,other,Misc Services,PRJ-0088,BankTransfer,True,True,5,1611,JPY,1.0,0.08,0.0,SRC-00042429
EXP-042430,EMP-0091,Legal,2026-11-14,accommodation,Hotel Group C,PRJ-0091,EmployeeReimbursement,True,True,2,7430,USD,150.0,0.1,0.0,SRC-00042430
EXP-042431,EMP-0104,Operations,2026-12-15,meal,Restaurant B,PRJ-0094,Cash,True,True,4,8373,EUR,162.0,0.1,0.0,SRC-00042431
EXP-042432,EMP-0117,Finance,2026-01-16,travel,JR East,PRJ-0097,CorporateCard,False,True,1,6184,JPY,1.0,0.1,0.0,SRC-00042432
EXP-042433,EMP-0130,Procurement,2026-02-17,other,Printing Co,PRJ-0100,BankTransfer,True,True,4,1847,USD,150.0,0.08,0.0,SRC-00042433
EXP-042434,EMP-0143,HR,2026-03-18,accommodation,Hotel Group C,PRJ-0103,EmployeeReimbursement,True,True,3,7834,EUR,162.0,0.1,0.05,SRC-00042434
EXP-042435,EMP-0156,IT,2026-04-19,meal,Restaurant A,PRJ-0106,Cash,True,True,4,8705,JPY,1.0,0.1,0.0,SRC-00042435
EXP-042436,EMP-0169,Engineering,2026-05-20,travel,Railway Services,PRJ-0109,CorporateCard,False,True,1,6732,USD,150.0,0.1,0.0,SRC-00042436
EXP-042437,EMP-0182,Sales,2026-06-21,other,Software Store,PRJ-0112,BankTransfer,True,True,3,2083,EUR,162.0,0.08,0.0,SRC-00042437
EXP-042438,EMP-0195,Legal,2026-07-22,accommodation,Hotel Group C,PRJ-0115,EmployeeReimbursement,True,True,1,8238,JPY,1.0,0.1,0.0,SRC-00042438
EXP-042439,EMP-0208,Operations,2026-08-23,meal,Catering Co,PRJ-0118,Cash,True,True,4,9037,USD,150.0,0.1,0.0,SRC-00042439
EXP-042440,EMP-0221,Finance,2026-09-24,travel,JAL,PRJ-0001,CorporateCard,False,True,1,7280,EUR,162.0,0.1,0.0,SRC-00042440
EXP-042441,EMP-0234,Procurement,2026-10-25,other,Courier Service,PRJ-0004,BankTransfer,True,True,2,2319,JPY,1.0,0.08,0.05,SRC-00042441
EXP-042442,EMP-0247,HR,2026-11-26,accommodation,Hotel Group C,PRJ-0007,EmployeeReimbursement,True,True,2,8642,USD,150.0,0.1,0.0,SRC-00042442
EXP-042443,EMP-0010,IT,2026-12-27,meal,Business Dining,PRJ-0010,Cash,True,True,4,9369,EUR,162.0,0.1,0.0,SRC-00042443
EXP-042444,EMP-0023,Engineering,2026-01-01,travel,JR East,PRJ-0013,CorporateCard,False,True,1,7828,JPY,1.0,0.1,0.0,SRC-00042444
EXP-042445,EMP-0036,Sales,2026-02-02,other,Office Supply Co,PRJ-0016,BankTransfer,True,True,1,2555,USD,150.0,0.08,0.0,SRC-00042445
EXP-042446,EMP-0049,Legal,2026-03-03,accommodation,Hotel Group C,PRJ-0019,EmployeeReimbursement,True,True,3,9046,EUR,162.0,0.1,0.0,SRC-00042446
EXP-042447,EMP-0062,Operations,2026-04-04,meal,Cafe Central,PRJ-0022,Cash,True,True,4,9701,JPY,1.0,0.1,0.0,SRC-00042447
EXP-042448,EMP-0075,Finance,2026-05-05,travel,Railway Services,PRJ-0025,CorporateCard,False,True,1,8376,USD,150.0,0.1,0.05,SRC-00042448
EXP-042449,EMP-0088,Procurement,2026-06-06,other,Misc Services,PRJ-0028,BankTransfer,True,True,5,2791,EUR,162.0,0.08,0.0,SRC-00042449
EXP-042450,EMP-0101,HR,2026-07-07,accommodation,Hotel Group C,PRJ-0031,EmployeeReimbursement,True,True,1,9450,JPY,1.0,0.1,0.0,SRC-00042450
EXP-042451,EMP-0114,IT,2026-08-08,meal,Restaurant B,PRJ-0034,Cash,True,True,4,10033,USD,150.0,0.1,0.0,SRC-00042451
EXP-042452,EMP-0127,Engineering,2026-09-09,travel,JAL,PRJ-0037,CorporateCard,False,True,1,8924,EUR,162.0,0.1,0.0,SRC-00042452
EXP-042453,EMP-0140,Sales,2026-10-10,other,Printing Co,PRJ-0040,BankTransfer,True,True,4,3027,JPY,1.0,0.08,0.0,SRC-00042453
EXP-042454,EMP-0153,Legal,2026-11-11,accommodation,Hotel Group C,PRJ-0043,EmployeeReimbursement,True,True,2,9854,USD,150.0,0.1,0.0,SRC-00042454
EXP-042455,EMP-0166,Operations,2026-12-12,meal,Restaurant A,PRJ-0046,Cash,True,True,4,10365,EUR,162.0,0.1,0.05,SRC-00042455
EXP-042456,EMP-0179,Finance,2026-01-13,travel,JR East,PRJ-0049,CorporateCard,False,True,1,9472,JPY,1.0,0.1,0.0,SRC-00042456
EXP-042457,EMP-0192,Procurement,2026-02-14,other,Software Store,PRJ-0052,BankTransfer,True,True,3,3263,USD,150.0,0.08,0.0,SRC-00042457
EXP-042458,EMP-0205,HR,2026-03-15,accommodation,Hotel Group C,PRJ-0055,EmployeeReimbursement,True,True,3,10258,EUR,162.0,0.1,0.0,SRC-00042458
EXP-042459,EMP-0218,IT,2026-04-16,meal,Catering Co,PRJ-0058,Cash,True,True,4,10697,JPY,1.0,0.1,0.0,SRC-00042459
EXP-042460,EMP-0231,Engineering,2026-05-17,travel,Railway Services,PRJ-0061,CorporateCard,False,True,1,10020,USD,150.0,0.1,0.0,SRC-00042460
EXP-042461,EMP-0244,Sales,2026-06-18,other,Courier Service,PRJ-0064,BankTransfer,True,True,2,3499,EUR,162.0,0.08,0.0,SRC-00042461
EXP-042462,EMP-0007,Legal,2026-07-19,accommodation,Hotel Group C,PRJ-0067,EmployeeReimbursement,True,True,1,10662,JPY,1.0,0.1,0.05,SRC-00042462
EXP-042463,EMP-0020,Operations,2026-08-20,meal,Business Dining,PRJ-0070,Cash,True,True,4,11029,USD,150.0,0.1,0.0,SRC-00042463
EXP-042464,EMP-0033,Finance,2026-09-21,travel,JAL,PRJ-0073,CorporateCard,False,True,1,10568,EUR,162.0,0.1,0.0,SRC-00042464
EXP-042465,EMP-0046,Procurement,2026-10-22,other,Office Supply Co,PRJ-0076,BankTransfer,True,True,1,3735,JPY,1.0,0.08,0.0,SRC-00042465
EXP-042466,EMP-0059,HR,2026-11-23,accommodation,Hotel Group C,PRJ-0079,EmployeeReimbursement,True,True,2,11066,USD,150.0,0.1,0.0,SRC-00042466
EXP-042467,EMP-0072,IT,2026-12-24,meal,Cafe Central,PRJ-0082,Cash,True,True,4,11361,EUR,162.0,0.1,0.0,SRC-00042467
EXP-042468,EMP-0085,Engineering,2026-01-25,travel,JR East,PRJ-0085,CorporateCard,False,True,1,11116,JPY,1.0,0.1,0.0,SRC-00042468
EXP-042469,EMP-0098,Sales,2026-02-26,other,Misc Services,PRJ-0088,BankTransfer,True,True,5,3971,USD,150.0,0.08,0.05,SRC-00042469
EXP-042470,EMP-0111,Legal,2026-03-27,accommodation,Hotel Group C,PRJ-0091,EmployeeReimbursement,True,True,3,11470,EUR,162.0,0.1,0.0,SRC-00042470
EXP-042471,EMP-0124,Operations,2026-04-01,meal,Restaurant B,PRJ-0094,Cash,True,True,4,11693,JPY,1.0,0.1,0.0,SRC-00042471
EXP-042472,EMP-0137,Finance,2026-05-02,travel,Railway Services,PRJ-0097,CorporateCard,False,True,1,11664,USD,150.0,0.1,0.0,SRC-00042472
EXP-042473,EMP-0150,Procurement,2026-06-03,other,Printing Co,PRJ-0100,BankTransfer,True,True,4,4207,EUR,162.0,0.08,0.0,SRC-00042473
EXP-042474,EMP-0163,HR,2026-07-04,accommodation,Hotel Group C,PRJ-0103,EmployeeReimbursement,True,True,1,11874,JPY,1.0,0.1,0.0,SRC-00042474
EXP-042475,EMP-0176,IT,2026-08-05,meal,Restaurant A,PRJ-0106,Cash,True,True,4,12025,USD,150.0,0.1,0.0,SRC-00042475
EXP-042476,EMP-0189,Engineering,2026-09-06,travel,JAL,PRJ-0109,CorporateCard,False,True,1,12212,EUR,162.0,0.1,0.05,SRC-00042476
EXP-042477,EMP-0202,Sales,2026-10-07,other,Software Store,PRJ-0112,BankTransfer,True,True,3,4443,JPY,1.0,0.08,0.0,SRC-00042477
EXP-042478,EMP-0215,Legal,2026-11-08,accommodation,Hotel Group C,PRJ-0115,EmployeeReimbursement,True,True,2,12278,USD,150.0,0.1,0.0,SRC-00042478
EXP-042479,EMP-0228,Operations,2026-12-09,meal,Catering Co,PRJ-0118,Cash,True,True,4,12357,EUR,162.0,0.1,0.0,SRC-00042479
EXP-042480,EMP-0241,Finance,2026-01-10,travel,JR East,PRJ-0001,CorporateCard,False,True,1,12760,JPY,1.0,0.1,0.0,SRC-00042480
EXP-042481,EMP-0004,Procurement,2026-02-11,other,Courier Service,PRJ-0004,BankTransfer,True,True,2,4679,USD,150.0,0.08,0.0,SRC-00042481
EXP-042482,EMP-0017,HR,2026-03-12,accommodation,Hotel Group C,PRJ-0007,EmployeeReimbursement,True,True,3,12682,EUR,162.0,0.1,0.0,SRC-00042482
EXP-042483,EMP-0030,IT,2026-04-13,meal,Business Dining,PRJ-0010,Cash,True,True,4,12689,JPY,1.0,0.1,0.05,SRC-00042483
EXP-042484,EMP-0043,Engineering,2026-05-14,travel,Railway Services,PRJ-0013,CorporateCard,False,True,1,13308,USD,150.0,0.1,0.0,SRC-00042484
EXP-042485,EMP-0056,Sales,2026-06-15,other,Office Supply Co,PRJ-0016,BankTransfer,True,True,1,4915,EUR,162.0,0.08,0.0,SRC-00042485
EXP-042486,EMP-0069,Legal,2026-07-16,accommodation,Hotel Group C,PRJ-0019,EmployeeReimbursement,True,True,1,13086,JPY,1.0,0.1,0.0,SRC-00042486
EXP-042487,EMP-0082,Operations,2026-08-17,meal,Cafe Central,PRJ-0022,Cash,True,True,4,13021,USD,150.0,0.1,0.0,SRC-00042487
EXP-042488,EMP-0095,Finance,2026-09-18,travel,JAL,PRJ-0025,CorporateCard,False,True,1,13856,EUR,162.0,0.1,0.0,SRC-00042488
EXP-042489,EMP-0108,Procurement,2026-10-19,other,Misc Services,PRJ-0028,BankTransfer,True,True,5,5151,JPY,1.0,0.08,0.0,SRC-00042489
EXP-042490,EMP-0121,HR,2026-11-20,accommodation,Hotel Group C,PRJ-0031,EmployeeReimbursement,True,True,2,13490,USD,150.0,0.1,0.05,SRC-00042490
EXP-042491,EMP-0134,IT,2026-12-21,meal,Restaurant B,PRJ-0034,Cash,True,True,4,13353,EUR,162.0,0.1,0.0,SRC-00042491
EXP-042492,EMP-0147,Engineering,2026-01-22,travel,JR East,PRJ-0037,CorporateCard,False,True,1,14404,JPY,1.0,0.1,0.0,SRC-00042492
EXP-042493,EMP-0160,Sales,2026-02-23,other,Printing Co,PRJ-0040,BankTransfer,True,True,4,5387,USD,150.0,0.08,0.0,SRC-00042493
EXP-042494,EMP-0173,Legal,2026-03-24,accommodation,Hotel Group C,PRJ-0043,EmployeeReimbursement,True,True,3,13894,EUR,162.0,0.1,0.0,SRC-00042494
EXP-042495,EMP-0186,Operations,2026-04-25,meal,Restaurant A,PRJ-0046,Cash,True,True,4,13685,JPY,1.0,0.1,0.0,SRC-00042495
EXP-042496,EMP-0199,Finance,2026-05-26,travel,Railway Services,PRJ-0049,CorporateCard,False,True,1,14952,USD,150.0,0.1,0.0,SRC-00042496
EXP-042497,EMP-0212,Procurement,2026-06-27,other,Software Store,PRJ-0052,BankTransfer,True,True,3,5623,EUR,162.0,0.08,0.05,SRC-00042497
EXP-042498,EMP-0225,HR,2026-07-01,accommodation,Hotel Group C,PRJ-0055,EmployeeReimbursement,True,True,1,14298,JPY,1.0,0.1,0.0,SRC-00042498
EXP-042499,EMP-0238,IT,2026-08-02,meal,Catering Co,PRJ-0058,Cash,True,True,4,14017,USD,150.0,0.1,0.0,SRC-00042499
EXP-042500,EMP-0001,Engineering,2026-09-03,travel,JAL,PRJ-0061,CorporateCard,False,True,1,15500,EUR,162.0,0.1,0.0,SRC-00042500
EXP-042501,EMP-0014,Sales,2026-10-04,other,Courier Service,PRJ-0064,BankTransfer,True,True,2,5859,JPY,1.0,0.08,0.0,SRC-00042501
EXP-042502,EMP-0027,Legal,2026-11-05,accommodation,Hotel Group C,PRJ-0067,EmployeeReimbursement,True,True,2,14702,USD,150.0,0.1,0.0,SRC-00042502
EXP-042503,EMP-0040,Operations,2026-12-06,meal,Business Dining,PRJ-0070,Cash,True,True,4,14349,EUR,162.0,0.1,0.0,SRC-00042503
EXP-042504,EMP-0053,Finance,2026-01-07,travel,JR East,PRJ-0073,CorporateCard,False,True,1,16048,JPY,1.0,0.1,0.05,SRC-00042504
EXP-042505,EMP-0066,Procurement,2026-02-08,other,Office Supply Co,PRJ-0076,BankTransfer,True,True,1,6095,USD,150.0,0.08,0.0,SRC-00042505
EXP-042506,EMP-0079,HR,2026-03-09,accommodation,Hotel Group C,PRJ-0079,EmployeeReimbursement,True,True,3,15106,EUR,162.0,0.1,0.0,SRC-00042506
EXP-042507,EMP-0092,IT,2026-04-10,meal,Cafe Central,PRJ-0082,Cash,True,True,4,681,JPY,1.0,0.1,0.0,SRC-00042507
EXP-042508,EMP-0105,Engineering,2026-05-11,travel,Railway Services,PRJ-0085,CorporateCard,False,True,1,16596,USD,150.0,0.1,0.0,SRC-00042508
EXP-042509,EMP-0118,Sales,2026-06-12,other,Misc Services,PRJ-0088,BankTransfer,True,True,5,6331,EUR,162.0,0.08,0.0,SRC-00042509
EXP-042510,EMP-0131,Legal,2026-07-13,accommodation,Hotel Group C,PRJ-0091,EmployeeReimbursement,True,True,1,15510,JPY,1.0,0.1,0.0,SRC-00042510
EXP-042511,EMP-0144,Operations,2026-08-14,meal,Restaurant B,PRJ-0094,Cash,True,True,4,1013,USD,150.0,0.1,0.05,SRC-00042511
EXP-042512,EMP-0157,Finance,2026-09-15,travel,JAL,PRJ-0097,CorporateCard,False,True,1,17144,EUR,162.0,0.1,0.0,SRC-00042512
EXP-042513,EMP-0170,Procurement,2026-10-16,other,Printing Co,PRJ-0100,BankTransfer,True,True,4,6567,JPY,1.0,0.08,0.0,SRC-00042513
EXP-042514,EMP-0183,HR,2026-11-17,accommodation,Hotel Group C,PRJ-0103,EmployeeReimbursement,True,True,2,15914,USD,150.0,0.1,0.0,SRC-00042514
EXP-042515,EMP-0196,IT,2026-12-18,meal,Restaurant A,PRJ-0106,Cash,True,True,4,1345,EUR,162.0,0.1,0.0,SRC-00042515
EXP-042516,EMP-0209,Engineering,2026-01-19,travel,JR East,PRJ-0109,CorporateCard,False,True,1,17692,JPY,1.0,0.1,0.0,SRC-00042516
EXP-042517,EMP-0222,Sales,2026-02-20,other,Software Store,PRJ-0112,BankTransfer,True,True,3,6803,USD,150.0,0.08,0.0,SRC-00042517
EXP-042518,EMP-0235,Legal,2026-03-21,accommodation,Hotel Group C,PRJ-0115,EmployeeReimbursement,True,True,3,16318,EUR,162.0,0.1,0.05,SRC-00042518
EXP-042519,EMP-0248,Operations,2026-04-22,meal,Catering Co,PRJ-0118,Cash,True,True,4,1677,JPY,1.0,0.1,0.0,SRC-00042519
EXP-042520,EMP-0011,Finance,2026-05-23,travel,Railway Services,PRJ-0001,CorporateCard,False,True,1,18240,USD,150.0,0.1,0.0,SRC-00042520
EXP-042521,EMP-0024,Procurement,2026-06-24,other,Courier Service,PRJ-0004,BankTransfer,True,True,2,7039,EUR,162.0,0.08,0.0,SRC-00042521
EXP-042522,EMP-0037,HR,2026-07-25,accommodation,Hotel Group C,PRJ-0007,EmployeeReimbursement,True,True,1,16722,JPY,1.0,0.1,0.0,SRC-00042522
EXP-042523,EMP-0050,IT,2026-08-26,meal,Business Dining,PRJ-0010,Cash,True,True,4,2009,USD,150.0,0.1,0.0,SRC-00042523
EXP-042524,EMP-0063,Engineering,2026-09-27,travel,JAL,PRJ-0013,CorporateCard,False,True,1,18788,EUR,162.0,0.1,0.0,SRC-00042524
EXP-042525,EMP-0076,Sales,2026-10-01,other,Office Supply Co,PRJ-0016,BankTransfer,True,True,1,7275,JPY,1.0,0.08,0.05,SRC-00042525
EXP-042526,EMP-0089,Legal,2026-11-02,accommodation,Hotel Group C,PRJ-0019,EmployeeReimbursement,True,True,2,17126,USD,150.0,0.1,0.0,SRC-00042526
EXP-042527,EMP-0102,Operations,2026-12-03,meal,Cafe Central,PRJ-0022,Cash,True,True,4,2341,EUR,162.0,0.1,0.0,SRC-00042527
EXP-042528,EMP-0115,Finance,2026-01-04,travel,JR East,PRJ-0025,CorporateCard,False,True,1,19336,JPY,1.0,0.1,0.0,SRC-00042528
EXP-042529,EMP-0128,Procurement,2026-02-05,other,Misc Services,PRJ-0028,BankTransfer,True,True,5,7511,USD,150.0,0.08,0.0,SRC-00042529
EXP-042530,EMP-0141,HR,2026-03-06,accommodation,Hotel Group C,PRJ-0031,EmployeeReimbursement,True,True,3,17530,EUR,162.0,0.1,0.0,SRC-00042530
EXP-042531,EMP-0154,IT,2026-04-07,meal,Restaurant B,PRJ-0034,Cash,True,True,4,2673,JPY,1.0,0.1,0.0,SRC-00042531
EXP-042532,EMP-0167,Engineering,2026-05-08,travel,Railway Services,PRJ-0037,CorporateCard,False,True,1,19884,USD,150.0,0.1,0.05,SRC-00042532
EXP-042533,EMP-0180,Sales,2026-06-09,other,Printing Co,PRJ-0040,BankTransfer,True,True,4,7747,EUR,162.0,0.08,0.0,SRC-00042533
EXP-042534,EMP-0193,Legal,2026-07-10,accommodation,Hotel Group C,PRJ-0043,EmployeeReimbursement,True,True,1,17934,JPY,1.0,0.1,0.0,SRC-00042534
EXP-042535,EMP-0206,Operations,2026-08-11,meal,Restaurant A,PRJ-0046,Cash,True,True,4,3005,USD,150.0,0.1,0.0,SRC-00042535
EXP-042536,EMP-0219,Finance,2026-09-12,travel,JAL,PRJ-0049,CorporateCard,False,True,1,20432,EUR,162.0,0.1,0.0,SRC-00042536
EXP-042537,EMP-0232,Procurement,2026-10-13,other,Software Store,PRJ-0052,BankTransfer,True,True,3,7983,JPY,1.0,0.08,0.0,SRC-00042537
EXP-042538,EMP-0245,HR,2026-11-14,accommodation,Hotel Group C,PRJ-0055,EmployeeReimbursement,True,True,2,18338,USD,150.0,0.1,0.0,SRC-00042538
EXP-042539,EMP-0008,IT,2026-12-15,meal,Catering Co,PRJ-0058,Cash,True,True,4,3337,EUR,162.0,0.1,0.05,SRC-00042539
EXP-042540,EMP-0021,Engineering,2026-01-16,travel,JR East,PRJ-0061,CorporateCard,False,True,1,20980,JPY,1.0,0.1,0.0,SRC-00042540
EXP-042541,EMP-0034,Sales,2026-02-17,other,Courier Service,PRJ-0064,BankTransfer,True,True,2,8219,USD,150.0,0.08,0.0,SRC-00042541
EXP-042542,EMP-0047,Legal,2026-03-18,accommodation,Hotel Group C,PRJ-0067,EmployeeReimbursement,True,True,3,18742,EUR,162.0,0.1,0.0,SRC-00042542
EXP-042543,EMP-0060,Operations,2026-04-19,meal,Business Dining,PRJ-0070,Cash,True,True,4,3669,JPY,1.0,0.1,0.0,SRC-00042543
EXP-042544,EMP-0073,Finance,2026-05-20,travel,Railway Services,PRJ-0073,CorporateCard,False,True,1,21528,USD,150.0,0.1,0.0,SRC-00042544
EXP-042545,EMP-0086,Procurement,2026-06-21,other,Office Supply Co,PRJ-0076,BankTransfer,True,True,1,8455,EUR,162.0,0.08,0.0,SRC-00042545
EXP-042546,EMP-0099,HR,2026-07-22,accommodation,Hotel Group C,PRJ-0079,EmployeeReimbursement,True,True,1,19146,JPY,1.0,0.1,0.05,SRC-00042546
EXP-042547,EMP-0112,IT,2026-08-23,meal,Cafe Central,PRJ-0082,Cash,True,True,4,4001,USD,150.0,0.1,0.0,SRC-00042547
EXP-042548,EMP-0125,Engineering,2026-09-24,travel,JAL,PRJ-0085,CorporateCard,False,True,1,22076,EUR,162.0,0.1,0.0,SRC-00042548
EXP-042549,EMP-0138,Sales,2026-10-25,other,Misc Services,PRJ-0088,BankTransfer,True,True,5,8691,JPY,1.0,0.08,0.0,SRC-00042549
EXP-042550,EMP-0151,Legal,2026-11-26,accommodation,Hotel Group C,PRJ-0091,EmployeeReimbursement,True,True,2,19550,USD,150.0,0.1,0.0,SRC-00042550
EXP-042551,EMP-0164,Operations,2026-12-27,meal,Restaurant B,PRJ-0094,Cash,True,True,4,4333,EUR,162.0,0.1,0.0,SRC-00042551
EXP-042552,EMP-0177,Finance,2026-01-01,travel,JR East,PRJ-0097,CorporateCard,False,True,1,22624,JPY,1.0,0.1,0.0,SRC-00042552
EXP-042553,EMP-0190,Procurement,2026-02-02,other,Printing Co,PRJ-0100,BankTransfer,True,True,4,8927,USD,150.0,0.08,0.05,SRC-00042553
EXP-042554,EMP-0203,HR,2026-03-03,accommodation,Hotel Group C,PRJ-0103,EmployeeReimbursement,True,True,3,19954,EUR,162.0,0.1,0.0,SRC-00042554
EXP-042555,EMP-0216,IT,2026-04-04,meal,Restaurant A,PRJ-0106,Cash,True,True,4,4665,JPY,1.0,0.1,0.0,SRC-00042555
EXP-042556,EMP-0229,Engineering,2026-05-05,travel,Railway Services,PRJ-0109,CorporateCard,False,True,1,23172,USD,150.0,0.1,0.0,SRC-00042556
EXP-042557,EMP-0242,Sales,2026-06-06,other,Software Store,PRJ-0112,BankTransfer,True,True,3,9163,EUR,162.0,0.08,0.0,SRC-00042557
EXP-042558,EMP-0005,Legal,2026-07-07,accommodation,Hotel Group C,PRJ-0115,EmployeeReimbursement,True,True,1,20358,JPY,1.0,0.1,0.0,SRC-00042558
EXP-042559,EMP-0018,Operations,2026-08-08,meal,Catering Co,PRJ-0118,Cash,True,True,4,4997,USD,150.0,0.1,0.0,SRC-00042559
EXP-042560,EMP-0031,Finance,2026-09-09,travel,JAL,PRJ-0001,CorporateCard,False,True,1,23720,EUR,162.0,0.1,0.05,SRC-00042560
EXP-042561,EMP-0044,Procurement,2026-10-10,other,Courier Service,PRJ-0004,BankTransfer,True,True,2,9399,JPY,1.0,0.08,0.0,SRC-00042561
EXP-042562,EMP-0057,HR,2026-11-11,accommodation,Hotel Group C,PRJ-0007,EmployeeReimbursement,True,True,2,20762,USD,150.0,0.1,0.0,SRC-00042562
EXP-042563,EMP-0070,IT,2026-12-12,meal,Business Dining,PRJ-0010,Cash,True,True,4,5329,EUR,162.0,0.1,0.0,SRC-00042563
EXP-042564,EMP-0083,Engineering,2026-01-13,travel,JR East,PRJ-0013,CorporateCard,False,True,1,24268,JPY,1.0,0.1,0.0,SRC-00042564
EXP-042565,EMP-0096,Sales,2026-02-14,other,Office Supply Co,PRJ-0016,BankTransfer,True,True,1,9635,USD,150.0,0.08,0.0,SRC-00042565
EXP-042566,EMP-0109,Legal,2026-03-15,accommodation,Hotel Group C,PRJ-0019,EmployeeReimbursement,True,True,3,21166,EUR,162.0,0.1,0.0,SRC-00042566
EXP-042567,EMP-0122,Operations,2026-04-16,meal,Cafe Central,PRJ-0022,Cash,True,True,4,5661,JPY,1.0,0.1,0.05,SRC-00042567
EXP-042568,EMP-0135,Finance,2026-05-17,travel,Railway Services,PRJ-0025,CorporateCard,False,True,1,24816,USD,150.0,0.1,0.0,SRC-00042568
EXP-042569,EMP-0148,Procurement,2026-06-18,other,Misc Services,PRJ-0028,BankTransfer,True,True,5,9871,EUR,162.0,0.08,0.0,SRC-00042569
EXP-042570,EMP-0161,HR,2026-07-19,accommodation,Hotel Group C,PRJ-0031,EmployeeReimbursement,True,True,1,21570,JPY,1.0,0.1,0.0,SRC-00042570
EXP-042571,EMP-0174,IT,2026-08-20,meal,Restaurant B,PRJ-0034,Cash,True,True,4,5993,USD,150.0,0.1,0.0,SRC-00042571
EXP-042572,EMP-0187,Engineering,2026-09-21,travel,JAL,PRJ-0037,CorporateCard,False,True,1,25364,EUR,162.0,0.1,0.0,SRC-00042572
EXP-042573,EMP-0200,Sales,2026-10-22,other,Printing Co,PRJ-0040,BankTransfer,True,True,4,10107,JPY,1.0,0.08,0.0,SRC-00042573
EXP-042574,EMP-0213,Legal,2026-11-23,accommodation,Hotel Group C,PRJ-0043,EmployeeReimbursement,True,True,2,21974,USD,150.0,0.1,0.05,SRC-00042574
EXP-042575,EMP-0226,Operations,2026-12-24,meal,Restaurant A,PRJ-0046,Cash,True,True,4,6325,EUR,162.0,0.1,0.0,SRC-00042575
EXP-042576,EMP-0239,Finance,2026-01-25,travel,JR East,PRJ-0049,CorporateCard,False,True,1,25912,JPY,1.0,0.1,0.0,SRC-00042576
EXP-042577,EMP-0002,Procurement,2026-02-26,other,Software Store,PRJ-0052,BankTransfer,True,True,3,10343,USD,150.0,0.08,0.0,SRC-00042577
EXP-042578,EMP-0015,HR,2026-03-27,accommodation,Hotel Group C,PRJ-0055,EmployeeReimbursement,True,True,3,22378,EUR,162.0,0.1,0.0,SRC-00042578
EXP-042579,EMP-0028,IT,2026-04-01,meal,Catering Co,PRJ-0058,Cash,True,True,4,6657,JPY,1.0,0.1,0.0,SRC-00042579
EXP-042580,EMP-0041,Engineering,2026-05-02,travel,Railway Services,PRJ-0061,CorporateCard,False,True,1,26460,USD,150.0,0.1,0.0,SRC-00042580
EXP-042581,EMP-0054,Sales,2026-06-03,other,Courier Service,PRJ-0064,BankTransfer,True,True,2,10579,EUR,162.0,0.08,0.05,SRC-00042581
EXP-042582,EMP-0067,Legal,2026-07-04,accommodation,Hotel Group C,PRJ-0067,EmployeeReimbursement,True,True,1,22782,JPY,1.0,0.1,0.0,SRC-00042582
EXP-042583,EMP-0080,Operations,2026-08-05,meal,Business Dining,PRJ-0070,Cash,True,True,4,6989,USD,150.0,0.1,0.0,SRC-00042583
EXP-042584,EMP-0093,Finance,2026-09-06,travel,JAL,PRJ-0073,CorporateCard,False,True,1,27008,EUR,162.0,0.1,0.0,SRC-00042584
EXP-042585,EMP-0106,Procurement,2026-10-07,other,Office Supply Co,PRJ-0076,BankTransfer,True,True,1,10815,JPY,1.0,0.08,0.0,SRC-00042585
EXP-042586,EMP-0119,HR,2026-11-08,accommodation,Hotel Group C,PRJ-0079,EmployeeReimbursement,True,True,2,23186,USD,150.0,0.1,0.0,SRC-00042586
EXP-042587,EMP-0132,IT,2026-12-09,meal,Cafe Central,PRJ-0082,Cash,True,True,4,7321,EUR,162.0,0.1,0.0,SRC-00042587
EXP-042588,EMP-0145,Engineering,2026-01-10,travel,JR East,PRJ-0085,CorporateCard,False,True,1,27556,JPY,1.0,0.1,0.05,SRC-00042588
EXP-042589,EMP-0158,Sales,2026-02-11,other,Misc Services,PRJ-0088,BankTransfer,True,True,5,11051,USD,150.0,0.08,0.0,SRC-00042589
EXP-042590,EMP-0171,Legal,2026-03-12,accommodation,Hotel Group C,PRJ-0091,EmployeeReimbursement,True,True,3,23590,EUR,162.0,0.1,0.0,SRC-00042590
EXP-042591,EMP-0184,Operations,2026-04-13,meal,Restaurant B,PRJ-0094,Cash,True,True,4,7653,JPY,1.0,0.1,0.0,SRC-00042591
EXP-042592,EMP-0197,Finance,2026-05-14,travel,Railway Services,PRJ-0097,CorporateCard,False,True,1,28104,USD,150.0,0.1,0.0,SRC-00042592
EXP-042593,EMP-0210,Procurement,2026-06-15,other,Printing Co,PRJ-0100,BankTransfer,True,True,4,11287,EUR,162.0,0.08,0.0,SRC-00042593
EXP-042594,EMP-0223,HR,2026-07-16,accommodation,Hotel Group C,PRJ-0103,EmployeeReimbursement,True,True,1,23994,JPY,1.0,0.1,0.0,SRC-00042594
EXP-042595,EMP-0236,IT,2026-08-17,meal,Restaurant A,PRJ-0106,Cash,True,True,4,7985,USD,150.0,0.1,0.05,SRC-00042595
EXP-042596,EMP-0249,Engineering,2026-09-18,travel,JAL,PRJ-0109,CorporateCard,False,True,1,28652,EUR,162.0,0.1,0.0,SRC-00042596
EXP-042597,EMP-0012,Sales,2026-10-19,other,Software Store,PRJ-0112,BankTransfer,True,True,3,11523,JPY,1.0,0.08,0.0,SRC-00042597
EXP-042598,EMP-0025,Legal,2026-11-20,accommodation,Hotel Group C,PRJ-0115,EmployeeReimbursement,True,True,2,24398,USD,150.0,0.1,0.0,SRC-00042598
EXP-042599,EMP-0038,Operations,2026-12-21,meal,Catering Co,PRJ-0118,Cash,True,True,4,8317,EUR,162.0,0.1,0.0,SRC-00042599
EXP-042600,EMP-0051,Finance,2026-01-22,travel,JR East,PRJ-0001,CorporateCard,False,True,1,29200,JPY,1.0,0.1,0.0,SRC-00042600
EXP-042601,EMP-0064,Procurement,2026-02-23,other,Courier Service,PRJ-0004,BankTransfer,True,True,2,11759,USD,150.0,0.08,0.0,SRC-00042601
EXP-042602,EMP-0077,HR,2026-03-24,accommodation,Hotel Group C,PRJ-0007,EmployeeReimbursement,True,True,3,24802,EUR,162.0,0.1,0.05,SRC-00042602
EXP-042603,EMP-0090,IT,2026-04-25,meal,Business Dining,PRJ-0010,Cash,True,True,4,8649,JPY,1.0,0.1,0.0,SRC-00042603
EXP-042604,EMP-0103,Engineering,2026-05-26,travel,Railway Services,PRJ-0013,CorporateCard,False,True,1,29748,USD,150.0,0.1,0.0,SRC-00042604
EXP-042605,EMP-0116,Sales,2026-06-27,other,Office Supply Co,PRJ-0016,BankTransfer,True,True,1,11995,EUR,162.0,0.08,0.0,SRC-00042605
EXP-042606,EMP-0129,Legal,2026-07-01,accommodation,Hotel Group C,PRJ-0019,EmployeeReimbursement,True,True,1,25206,JPY,1.0,0.1,0.0,SRC-00042606
EXP-042607,EMP-0142,Operations,2026-08-02,meal,Cafe Central,PRJ-0022,Cash,True,True,4,8981,USD,150.0,0.1,0.0,SRC-00042607
EXP-042608,EMP-0155,Finance,2026-09-03,travel,JAL,PRJ-0025,CorporateCard,False,True,1,30296,EUR,162.0,0.1,0.0,SRC-00042608
EXP-042609,EMP-0168,Procurement,2026-10-04,other,Misc Services,PRJ-0028,BankTransfer,True,True,5,12231,JPY,1.0,0.08,0.05,SRC-00042609
EXP-042610,EMP-0181,HR,2026-11-05,accommodation,Hotel Group C,PRJ-0031,EmployeeReimbursement,True,True,2,25610,USD,150.0,0.1,0.0,SRC-00042610
EXP-042611,EMP-0194,IT,2026-12-06,meal,Restaurant B,PRJ-0034,Cash,True,True,4,9313,EUR,162.0,0.1,0.0,SRC-00042611
EXP-042612,EMP-0207,Engineering,2026-01-07,travel,JR East,PRJ-0037,CorporateCard,False,True,1,30844,JPY,1.0,0.1,0.0,SRC-00042612
EXP-042613,EMP-0220,Sales,2026-02-08,other,Printing Co,PRJ-0040,BankTransfer,True,True,4,12467,USD,150.0,0.08,0.0,SRC-00042613
EXP-042614,EMP-0233,Legal,2026-03-09,accommodation,Hotel Group C,PRJ-0043,EmployeeReimbursement,True,True,3,26014,EUR,162.0,0.1,0.0,SRC-00042614
EXP-042615,EMP-0246,Operations,2026-04-10,meal,Restaurant A,PRJ-0046,Cash,True,True,4,9645,JPY,1.0,0.1,0.0,SRC-00042615
EXP-042616,EMP-0009,Finance,2026-05-11,travel,Railway Services,PRJ-0049,CorporateCard,False,True,1,31392,USD,150.0,0.1,0.05,SRC-00042616
EXP-042617,EMP-0022,Procurement,2026-06-12,other,Software Store,PRJ-0052,BankTransfer,True,True,3,12703,EUR,162.0,0.08,0.0,SRC-00042617
EXP-042618,EMP-0035,HR,2026-07-13,accommodation,Hotel Group C,PRJ-0055,EmployeeReimbursement,True,True,1,26418,JPY,1.0,0.1,0.0,SRC-00042618
EXP-042619,EMP-0048,IT,2026-08-14,meal,Catering Co,PRJ-0058,Cash,True,True,4,9977,USD,150.0,0.1,0.0,SRC-00042619
EXP-042620,EMP-0061,Engineering,2026-09-15,travel,JAL,PRJ-0061,CorporateCard,False,True,1,31940,EUR,162.0,0.1,0.0,SRC-00042620
EXP-042621,EMP-0074,Sales,2026-10-16,other,Courier Service,PRJ-0064,BankTransfer,True,True,2,12939,JPY,1.0,0.08,0.0,SRC-00042621
EXP-042622,EMP-0087,Legal,2026-11-17,accommodation,Hotel Group C,PRJ-0067,EmployeeReimbursement,True,True,2,26822,USD,150.0,0.1,0.0,SRC-00042622
EXP-042623,EMP-0100,Operations,2026-12-18,meal,Business Dining,PRJ-0070,Cash,True,True,4,10309,EUR,162.0,0.1,0.05,SRC-00042623
EXP-042624,EMP-0113,Finance,2026-01-19,travel,JR East,PRJ-0073,CorporateCard,False,True,1,32488,JPY,1.0,0.1,0.0,SRC-00042624
EXP-042625,EMP-0126,Procurement,2026-02-20,other,Office Supply Co,PRJ-0076,BankTransfer,True,True,1,13175,USD,150.0,0.08,0.0,SRC-00042625
EXP-042626,EMP-0139,HR,2026-03-21,accommodation,Hotel Group C,PRJ-0079,EmployeeReimbursement,True,True,3,27226,EUR,162.0,0.1,0.0,SRC-00042626
EXP-042627,EMP-0152,IT,2026-04-22,meal,Cafe Central,PRJ-0082,Cash,True,True,4,10641,JPY,1.0,0.1,0.0,SRC-00042627
EXP-042628,EMP-0165,Engineering,2026-05-23,travel,Railway Services,PRJ-0085,CorporateCard,False,True,1,33036,USD,150.0,0.1,0.0,SRC-00042628
EXP-042629,EMP-0178,Sales,2026-06-24,other,Misc Services,PRJ-0088,BankTransfer,True,True,5,13411,EUR,162.0,0.08,0.0,SRC-00042629
EXP-042630,EMP-0191,Legal,2026-07-25,accommodation,Hotel Group C,PRJ-0091,EmployeeReimbursement,True,True,1,27630,JPY,1.0,0.1,0.05,SRC-00042630
EXP-042631,EMP-0204,Operations,2026-08-26,meal,Restaurant B,PRJ-0094,Cash,True,True,4,10973,USD,150.0,0.1,0.0,SRC-00042631
EXP-042632,EMP-0217,Finance,2026-09-27,travel,JAL,PRJ-0097,CorporateCard,False,True,1,33584,EUR,162.0,0.1,0.0,SRC-00042632
EXP-042633,EMP-0230,Procurement,2026-10-01,other,Printing Co,PRJ-0100,BankTransfer,True,True,4,13647,JPY,1.0,0.08,0.0,SRC-00042633
EXP-042634,EMP-0243,HR,2026-11-02,accommodation,Hotel Group C,PRJ-0103,EmployeeReimbursement,True,True,2,28034,USD,150.0,0.1,0.0,SRC-00042634
EXP-042635,EMP-0006,IT,2026-12-03,meal,Restaurant A,PRJ-0106,Cash,True,True,4,11305,EUR,162.0,0.1,0.0,SRC-00042635
EXP-042636,EMP-0019,Engineering,2026-01-04,travel,JR East,PRJ-0109,CorporateCard,False,True,1,34132,JPY,1.0,0.1,0.0,SRC-00042636
EXP-042637,EMP-0032,Sales,2026-02-05,other,Software Store,PRJ-0112,BankTransfer,True,True,3,13883,USD,150.0,0.08,0.05,SRC-00042637
EXP-042638,EMP-0045,Legal,2026-03-06,accommodation,Hotel Group C,PRJ-0115,EmployeeReimbursement,True,True,3,28438,EUR,162.0,0.1,0.0,SRC-00042638
EXP-042639,EMP-0058,Operations,2026-04-07,meal,Catering Co,PRJ-0118,Cash,True,True,4,11637,JPY,1.0,0.1,0.0,SRC-00042639
EXP-042640,EMP-0071,Finance,2026-05-08,travel,Railway Services,PRJ-0001,CorporateCard,False,True,1,34680,USD,150.0,0.1,0.0,SRC-00042640
EXP-042641,EMP-0084,Procurement,2026-06-09,other,Courier Service,PRJ-0004,BankTransfer,True,True,2,14119,EUR,162.0,0.08,0.0,SRC-00042641
EXP-042642,EMP-0097,HR,2026-07-10,accommodation,Hotel Group C,PRJ-0007,EmployeeReimbursement,True,True,1,28842,JPY,1.0,0.1,0.0,SRC-00042642
EXP-042643,EMP-0110,IT,2026-08-11,meal,Business Dining,PRJ-0010,Cash,True,True,4,11969,USD,150.0,0.1,0.0,SRC-00042643
EXP-042644,EMP-0123,Engineering,2026-09-12,travel,JAL,PRJ-0013,CorporateCard,False,True,1,35228,EUR,162.0,0.1,0.05,SRC-00042644
EXP-042645,EMP-0136,Sales,2026-10-13,other,Office Supply Co,PRJ-0016,BankTransfer,True,True,1,14355,JPY,1.0,0.08,0.0,SRC-00042645
EXP-042646,EMP-0149,Legal,2026-11-14,accommodation,Hotel Group C,PRJ-0019,EmployeeReimbursement,True,True,2,29246,USD,150.0,0.1,0.0,SRC-00042646
EXP-042647,EMP-0162,Operations,2026-12-15,meal,Cafe Central,PRJ-0022,Cash,True,True,4,12301,EUR,162.0,0.1,0.0,SRC-00042647
EXP-042648,EMP-0175,Finance,2026-01-16,travel,JR East,PRJ-0025,CorporateCard,False,True,1,35776,JPY,1.0,0.1,0.0,SRC-00042648
EXP-042649,EMP-0188,Procurement,2026-02-17,other,Misc Services,PRJ-0028,BankTransfer,True,True,5,14591,USD,150.0,0.08,0.0,SRC-00042649
EXP-042650,EMP-0201,HR,2026-03-18,accommodation,Hotel Group C,PRJ-0031,EmployeeReimbursement,True,True,3,29650,EUR,162.0,0.1,0.0,SRC-00042650
EXP-042651,EMP-0214,IT,2026-04-19,meal,Restaurant B,PRJ-0034,Cash,True,True,4,12633,JPY,1.0,0.1,0.05,SRC-00042651
EXP-042652,EMP-0227,Engineering,2026-05-20,travel,Railway Services,PRJ-0037,CorporateCard,False,True,1,36324,USD,150.0,0.1,0.0,SRC-00042652
EXP-042653,EMP-0240,Sales,2026-06-21,other,Printing Co,PRJ-0040,BankTransfer,True,True,4,14827,EUR,162.0,0.08,0.0,SRC-00042653
EXP-042654,EMP-0003,Legal,2026-07-22,accommodation,Hotel Group C,PRJ-0043,EmployeeReimbursement,True,True,1,30054,JPY,1.0,0.1,0.0,SRC-00042654
EXP-042655,EMP-0016,Operations,2026-08-23,meal,Restaurant A,PRJ-0046,Cash,True,True,4,12965,USD,150.0,0.1,0.0,SRC-00042655
EXP-042656,EMP-0029,Finance,2026-09-24,travel,JAL,PRJ-0049,CorporateCard,False,True,1,36872,EUR,162.0,0.1,0.0,SRC-00042656
EXP-042657,EMP-0042,Procurement,2026-10-25,other,Software Store,PRJ-0052,BankTransfer,True,True,3,15063,JPY,1.0,0.08,0.0,SRC-00042657
EXP-042658,EMP-0055,HR,2026-11-26,accommodation,Hotel Group C,PRJ-0055,EmployeeReimbursement,True,True,2,30458,USD,150.0,0.1,0.05,SRC-00042658
EXP-042659,EMP-0068,IT,2026-12-27,meal,Catering Co,PRJ-0058,Cash,True,True,4,13297,EUR,162.0,0.1,0.0,SRC-00042659
EXP-042660,EMP-0081,Engineering,2026-01-01,travel,JR East,PRJ-0061,CorporateCard,False,True,1,37420,JPY,1.0,0.1,0.0,SRC-00042660
EXP-042661,EMP-0094,Sales,2026-02-02,other,Courier Service,PRJ-0064,BankTransfer,True,True,2,15299,USD,150.0,0.08,0.0,SRC-00042661
EXP-042662,EMP-0107,Legal,2026-03-03,accommodation,Hotel Group C,PRJ-0067,EmployeeReimbursement,True,True,3,30862,EUR,162.0,0.1,0.0,SRC-00042662
EXP-042663,EMP-0120,Operations,2026-04-04,meal,Business Dining,PRJ-0070,Cash,True,True,4,13629,JPY,1.0,0.1,0.0,SRC-00042663
EXP-042664,EMP-0133,Finance,2026-05-05,travel,Railway Services,PRJ-0073,CorporateCard,False,True,1,37968,USD,150.0,0.1,0.0,SRC-00042664
EXP-042665,EMP-0146,Procurement,2026-06-06,other,Office Supply Co,PRJ-0076,BankTransfer,True,True,1,15535,EUR,162.0,0.08,0.05,SRC-00042665
EXP-042666,EMP-0159,HR,2026-07-07,accommodation,Hotel Group C,PRJ-0079,EmployeeReimbursement,True,True,1,31266,JPY,1.0,0.1,0.0,SRC-00042666
EXP-042667,EMP-0172,IT,2026-08-08,meal,Cafe Central,PRJ-0082,Cash,True,True,4,13961,USD,150.0,0.1,0.0,SRC-00042667
EXP-042668,EMP-0185,Engineering,2026-09-09,travel,JAL,PRJ-0085,CorporateCard,False,True,1,38516,EUR,162.0,0.1,0.0,SRC-00042668
EXP-042669,EMP-0198,Sales,2026-10-10,other,Misc Services,PRJ-0088,BankTransfer,True,True,5,15771,JPY,1.0,0.08,0.0,SRC-00042669
EXP-042670,EMP-0211,Legal,2026-11-11,accommodation,Hotel Group C,PRJ-0091,EmployeeReimbursement,True,True,2,31670,USD,150.0,0.1,0.0,SRC-00042670
EXP-042671,EMP-0224,Operations,2026-12-12,meal,Restaurant B,PRJ-0094,Cash,True,True,4,14293,EUR,162.0,0.1,0.0,SRC-00042671
EXP-042672,EMP-0237,Finance,2026-01-13,travel,JR East,PRJ-0097,CorporateCard,False,True,1,39064,JPY,1.0,0.1,0.05,SRC-00042672
EXP-042673,EMP-0250,Procurement,2026-02-14,other,Printing Co,PRJ-0100,BankTransfer,True,True,4,16007,USD,150.0,0.08,0.0,SRC-00042673
EXP-042674,EMP-0013,HR,2026-03-15,accommodation,Hotel Group C,PRJ-0103,EmployeeReimbursement,True,True,3,32074,EUR,162.0,0.1,0.0,SRC-00042674
EXP-042675,EMP-0026,IT,2026-04-16,meal,Restaurant A,PRJ-0106,Cash,True,True,4,625,JPY,1.0,0.1,0.0,SRC-00042675
EXP-042676,EMP-0039,Engineering,2026-05-17,travel,Railway Services,PRJ-0109,CorporateCard,False,True,1,39612,USD,150.0,0.1,0.0,SRC-00042676
EXP-042677,EMP-0052,Sales,2026-06-18,other,Software Store,PRJ-0112,BankTransfer,True,True,3,16243,EUR,162.0,0.08,0.0,SRC-00042677
EXP-042678,EMP-0065,Legal,2026-07-19,accommodation,Hotel Group C,PRJ-0115,EmployeeReimbursement,True,True,1,32478,JPY,1.0,0.1,0.0,SRC-00042678
EXP-042679,EMP-0078,Operations,2026-08-20,meal,Catering Co,PRJ-0118,Cash,True,True,4,957,USD,150.0,0.1,0.05,SRC-00042679
EXP-042680,EMP-0091,Finance,2026-09-21,travel,JAL,PRJ-0001,CorporateCard,False,True,1,40160,EUR,162.0,0.1,0.0,SRC-00042680
EXP-042681,EMP-0104,Procurement,2026-10-22,other,Courier Service,PRJ-0004,BankTransfer,True,True,2,16479,JPY,1.0,0.08,0.0,SRC-00042681
EXP-042682,EMP-0117,HR,2026-11-23,accommodation,Hotel Group C,PRJ-0007,EmployeeReimbursement,True,True,2,32882,USD,150.0,0.1,0.0,SRC-00042682
EXP-042683,EMP-0130,IT,2026-12-24,meal,Business Dining,PRJ-0010,Cash,True,True,4,1289,EUR,162.0,0.1,0.0,SRC-00042683
EXP-042684,EMP-0143,Engineering,2026-01-25,travel,JR East,PRJ-0013,CorporateCard,False,True,1,40708,JPY,1.0,0.1,0.0,SRC-00042684
EXP-042685,EMP-0156,Sales,2026-02-26,other,Office Supply Co,PRJ-0016,BankTransfer,True,True,1,16715,USD,150.0,0.08,0.0,SRC-00042685
EXP-042686,EMP-0169,Legal,2026-03-27,accommodation,Hotel Group C,PRJ-0019,EmployeeReimbursement,True,True,3,33286,EUR,162.0,0.1,0.05,SRC-00042686
EXP-042687,EMP-0182,Operations,2026-04-01,meal,Cafe Central,PRJ-0022,Cash,True,True,4,1621,JPY,1.0,0.1,0.0,SRC-00042687
EXP-042688,EMP-0195,Finance,2026-05-02,travel,Railway Services,PRJ-0025,CorporateCard,False,True,1,41256,USD,150.0,0.1,0.0,SRC-00042688
EXP-042689,EMP-0208,Procurement,2026-06-03,other,Misc Services,PRJ-0028,BankTransfer,True,True,5,16951,EUR,162.0,0.08,0.0,SRC-00042689
EXP-042690,EMP-0221,HR,2026-07-04,accommodation,Hotel Group C,PRJ-0031,EmployeeReimbursement,True,True,1,33690,JPY,1.0,0.1,0.0,SRC-00042690
EXP-042691,EMP-0234,IT,2026-08-05,meal,Restaurant B,PRJ-0034,Cash,True,True,4,1953,USD,150.0,0.1,0.0,SRC-00042691
EXP-042692,EMP-0247,Engineering,2026-09-06,travel,JAL,PRJ-0037,CorporateCard,False,True,1,41804,EUR,162.0,0.1,0.0,SRC-00042692
EXP-042693,EMP-0010,Sales,2026-10-07,other,Printing Co,PRJ-0040,BankTransfer,True,True,4,17187,JPY,1.0,0.08,0.05,SRC-00042693
EXP-042694,EMP-0023,Legal,2026-11-08,accommodation,Hotel Group C,PRJ-0043,EmployeeReimbursement,True,True,2,6094,USD,150.0,0.1,0.0,SRC-00042694
EXP-042695,EMP-0036,Operations,2026-12-09,meal,Restaurant A,PRJ-0046,Cash,True,True,4,2285,EUR,162.0,0.1,0.0,SRC-00042695
EXP-042696,EMP-0049,Finance,2026-01-10,travel,JR East,PRJ-0049,CorporateCard,False,True,1,42352,JPY,1.0,0.1,0.0,SRC-00042696
EXP-042697,EMP-0062,Procurement,2026-02-11,other,Software Store,PRJ-0052,BankTransfer,True,True,3,17423,USD,150.0,0.08,0.0,SRC-00042697
EXP-042698,EMP-0075,HR,2026-03-12,accommodation,Hotel Group C,PRJ-0055,EmployeeReimbursement,True,True,3,6498,EUR,162.0,0.1,0.0,SRC-00042698
EXP-042699,EMP-0088,IT,2026-04-13,meal,Catering Co,PRJ-0058,Cash,True,True,4,2617,JPY,1.0,0.1,0.0,SRC-00042699
EXP-042700,EMP-0101,Engineering,2026-05-14,travel,Railway Services,PRJ-0061,CorporateCard,False,True,1,42900,USD,150.0,0.1,0.05,SRC-00042700
EXP-042701,EMP-0114,Sales,2026-06-15,other,Courier Service,PRJ-0064,BankTransfer,True,True,2,17659,EUR,162.0,0.08,0.0,SRC-00042701
EXP-042702,EMP-0127,Legal,2026-07-16,accommodation,Hotel Group C,PRJ-0067,EmployeeReimbursement,True,True,1,6902,JPY,1.0,0.1,0.0,SRC-00042702
EXP-042703,EMP-0140,Operations,2026-08-17,meal,Business Dining,PRJ-0070,Cash,True,True,4,2949,USD,150.0,0.1,0.0,SRC-00042703
EXP-042704,EMP-0153,Finance,2026-09-18,travel,JAL,PRJ-0073,CorporateCard,False,True,1,43448,EUR,162.0,0.1,0.0,SRC-00042704
EXP-042705,EMP-0166,Procurement,2026-10-19,other,Office Supply Co,PRJ-0076,BankTransfer,True,True,1,17895,JPY,1.0,0.08,0.0,SRC-00042705
EXP-042706,EMP-0179,HR,2026-11-20,accommodation,Hotel Group C,PRJ-0079,EmployeeReimbursement,True,True,2,7306,USD,150.0,0.1,0.0,SRC-00042706
EXP-042707,EMP-0192,IT,2026-12-21,meal,Cafe Central,PRJ-0082,Cash,True,True,4,3281,EUR,162.0,0.1,0.05,SRC-00042707
EXP-042708,EMP-0205,Engineering,2026-01-22,travel,JR East,PRJ-0085,CorporateCard,False,True,1,43996,JPY,1.0,0.1,0.0,SRC-00042708
EXP-042709,EMP-0218,Sales,2026-02-23,other,Misc Services,PRJ-0088,BankTransfer,True,True,5,18131,USD,150.0,0.08,0.0,SRC-00042709
EXP-042710,EMP-0231,Legal,2026-03-24,accommodation,Hotel Group C,PRJ-0091,EmployeeReimbursement,True,True,3,7710,EUR,162.0,0.1,0.0,SRC-00042710
EXP-042711,EMP-0244,Operations,2026-04-25,meal,Restaurant B,PRJ-0094,Cash,True,True,4,3613,JPY,1.0,0.1,0.0,SRC-00042711
EXP-042712,EMP-0007,Finance,2026-05-26,travel,Railway Services,PRJ-0097,CorporateCard,False,True,1,44544,USD,150.0,0.1,0.0,SRC-00042712
EXP-042713,EMP-0020,Procurement,2026-06-27,other,Printing Co,PRJ-0100,BankTransfer,True,True,4,367,EUR,162.0,0.08,0.0,SRC-00042713
EXP-042714,EMP-0033,HR,2026-07-01,accommodation,Hotel Group C,PRJ-0103,EmployeeReimbursement,True,True,1,8114,JPY,1.0,0.1,0.05,SRC-00042714
EXP-042715,EMP-0046,IT,2026-08-02,meal,Restaurant A,PRJ-0106,Cash,True,True,4,3945,USD,150.0,0.1,0.0,SRC-00042715
EXP-042716,EMP-0059,Engineering,2026-09-03,travel,JAL,PRJ-0109,CorporateCard,False,True,1,45092,EUR,162.0,0.1,0.0,SRC-00042716
EXP-042717,EMP-0072,Sales,2026-10-04,other,Software Store,PRJ-0112,BankTransfer,True,True,3,603,JPY,1.0,0.08,0.0,SRC-00042717
EXP-042718,EMP-0085,Legal,2026-11-05,accommodation,Hotel Group C,PRJ-0115,EmployeeReimbursement,True,True,2,8518,USD,150.0,0.1,0.0,SRC-00042718
EXP-042719,EMP-0098,Operations,2026-12-06,meal,Catering Co,PRJ-0118,Cash,True,True,4,4277,EUR,162.0,0.1,0.0,SRC-00042719
EXP-042720,EMP-0111,Finance,2026-01-07,travel,JR East,PRJ-0001,CorporateCard,False,True,1,45640,JPY,1.0,0.1,0.0,SRC-00042720
EXP-042721,EMP-0124,Procurement,2026-02-08,other,Courier Service,PRJ-0004,BankTransfer,True,True,2,839,USD,150.0,0.08,0.05,SRC-00042721
EXP-042722,EMP-0137,HR,2026-03-09,accommodation,Hotel Group C,PRJ-0007,EmployeeReimbursement,True,True,3,8922,EUR,162.0,0.1,0.0,SRC-00042722
EXP-042723,EMP-0150,IT,2026-04-10,meal,Business Dining,PRJ-0010,Cash,True,True,4,4609,JPY,1.0,0.1,0.0,SRC-00042723
EXP-042724,EMP-0163,Engineering,2026-05-11,travel,Railway Services,PRJ-0013,CorporateCard,False,True,1,46188,USD,150.0,0.1,0.0,SRC-00042724
EXP-042725,EMP-0176,Sales,2026-06-12,other,Office Supply Co,PRJ-0016,BankTransfer,True,True,1,1075,EUR,162.0,0.08,0.0,SRC-00042725
EXP-042726,EMP-0189,Legal,2026-07-13,accommodation,Hotel Group C,PRJ-0019,EmployeeReimbursement,True,True,1,9326,JPY,1.0,0.1,0.0,SRC-00042726
EXP-042727,EMP-0202,Operations,2026-08-14,meal,Cafe Central,PRJ-0022,Cash,True,True,4,4941,USD,150.0,0.1,0.0,SRC-00042727
EXP-042728,EMP-0215,Finance,2026-09-15,travel,JAL,PRJ-0025,CorporateCard,False,True,1,46736,EUR,162.0,0.1,0.05,SRC-00042728
EXP-042729,EMP-0228,Procurement,2026-10-16,other,Misc Services,PRJ-0028,BankTransfer,True,True,5,1311,JPY,1.0,0.08,0.0,SRC-00042729
EXP-042730,EMP-0241,HR,2026-11-17,accommodation,Hotel Group C,PRJ-0031,EmployeeReimbursement,True,True,2,9730,USD,150.0,0.1,0.0,SRC-00042730
EXP-042731,EMP-0004,IT,2026-12-18,meal,Restaurant B,PRJ-0034,Cash,True,True,4,5273,EUR,162.0,0.1,0.0,SRC-00042731
EXP-042732,EMP-0017,Engineering,2026-01-19,travel,JR East,PRJ-0037,CorporateCard,False,True,1,47284,JPY,1.0,0.1,0.0,SRC-00042732
EXP-042733,EMP-0030,Sales,2026-02-20,other,Printing Co,PRJ-0040,BankTransfer,True,True,4,1547,USD,150.0,0.08,0.0,SRC-00042733
EXP-042734,EMP-0043,Legal,2026-03-21,accommodation,Hotel Group C,PRJ-0043,EmployeeReimbursement,True,True,3,10134,EUR,162.0,0.1,0.0,SRC-00042734
EXP-042735,EMP-0056,Operations,2026-04-22,meal,Restaurant A,PRJ-0046,Cash,True,True,4,5605,JPY,1.0,0.1,0.05,SRC-00042735
EXP-042736,EMP-0069,Finance,2026-05-23,travel,Railway Services,PRJ-0049,CorporateCard,False,True,1,47832,USD,150.0,0.1,0.0,SRC-00042736
EXP-042737,EMP-0082,Procurement,2026-06-24,other,Software Store,PRJ-0052,BankTransfer,True,True,3,1783,EUR,162.0,0.08,0.0,SRC-00042737
EXP-042738,EMP-0095,HR,2026-07-25,accommodation,Hotel Group C,PRJ-0055,EmployeeReimbursement,True,True,1,10538,JPY,1.0,0.1,0.0,SRC-00042738
EXP-042739,EMP-0108,IT,2026-08-26,meal,Catering Co,PRJ-0058,Cash,True,True,4,5937,USD,150.0,0.1,0.0,SRC-00042739
EXP-042740,EMP-0121,Engineering,2026-09-27,travel,JAL,PRJ-0061,CorporateCard,False,True,1,48380,EUR,162.0,0.1,0.0,SRC-00042740
EXP-042741,EMP-0134,Sales,2026-10-01,other,Courier Service,PRJ-0064,BankTransfer,True,True,2,2019,JPY,1.0,0.08,0.0,SRC-00042741
EXP-042742,EMP-0147,Legal,2026-11-02,accommodation,Hotel Group C,PRJ-0067,EmployeeReimbursement,True,True,2,10942,USD,150.0,0.1,0.05,SRC-00042742
EXP-042743,EMP-0160,Operations,2026-12-03,meal,Business Dining,PRJ-0070,Cash,True,True,4,6269,EUR,162.0,0.1,0.0,SRC-00042743
EXP-042744,EMP-0173,Finance,2026-01-04,travel,JR East,PRJ-0073,CorporateCard,False,True,1,48928,JPY,1.0,0.1,0.0,SRC-00042744
EXP-042745,EMP-0186,Procurement,2026-02-05,other,Office Supply Co,PRJ-0076,BankTransfer,True,True,1,2255,USD,150.0,0.08,0.0,SRC-00042745
EXP-042746,EMP-0199,HR,2026-03-06,accommodation,Hotel Group C,PRJ-0079,EmployeeReimbursement,True,True,3,11346,EUR,162.0,0.1,0.0,SRC-00042746
EXP-042747,EMP-0212,IT,2026-04-07,meal,Cafe Central,PRJ-0082,Cash,True,True,4,6601,JPY,1.0,0.1,0.0,SRC-00042747
EXP-042748,EMP-0225,Engineering,2026-05-08,travel,Railway Services,PRJ-0085,CorporateCard,False,True,1,49476,USD,150.0,0.1,0.0,SRC-00042748
EXP-042749,EMP-0238,Sales,2026-06-09,other,Misc Services,PRJ-0088,BankTransfer,True,True,5,2491,EUR,162.0,0.08,0.05,SRC-00042749
EXP-042750,EMP-0001,Legal,2026-07-10,accommodation,Hotel Group C,PRJ-0091,EmployeeReimbursement,True,True,1,11750,JPY,1.0,0.1,0.0,SRC-00042750
EXP-042751,EMP-0014,Operations,2026-08-11,meal,Restaurant B,PRJ-0094,Cash,True,True,4,6933,USD,150.0,0.1,0.0,SRC-00042751
EXP-042752,EMP-0027,Finance,2026-09-12,travel,JAL,PRJ-0097,CorporateCard,False,True,1,50024,EUR,162.0,0.1,0.0,SRC-00042752
EXP-042753,EMP-0040,Procurement,2026-10-13,other,Printing Co,PRJ-0100,BankTransfer,True,True,4,2727,JPY,1.0,0.08,0.0,SRC-00042753
EXP-042754,EMP-0053,HR,2026-11-14,accommodation,Hotel Group C,PRJ-0103,EmployeeReimbursement,True,True,2,12154,USD,150.0,0.1,0.0,SRC-00042754
EXP-042755,EMP-0066,IT,2026-12-15,meal,Restaurant A,PRJ-0106,Cash,True,True,4,7265,EUR,162.0,0.1,0.0,SRC-00042755
EXP-042756,EMP-0079,Engineering,2026-01-16,travel,JR East,PRJ-0109,CorporateCard,False,True,1,50572,JPY,1.0,0.1,0.05,SRC-00042756
EXP-042757,EMP-0092,Sales,2026-02-17,other,Software Store,PRJ-0112,BankTransfer,True,True,3,2963,USD,150.0,0.08,0.0,SRC-00042757
EXP-042758,EMP-0105,Legal,2026-03-18,accommodation,Hotel Group C,PRJ-0115,EmployeeReimbursement,True,True,3,12558,EUR,162.0,0.1,0.0,SRC-00042758
EXP-042759,EMP-0118,Operations,2026-04-19,meal,Catering Co,PRJ-0118,Cash,True,True,4,7597,JPY,1.0,0.1,0.0,SRC-00042759
EXP-042760,EMP-0131,Finance,2026-05-20,travel,Railway Services,PRJ-0001,CorporateCard,False,True,1,51120,USD,150.0,0.1,0.0,SRC-00042760
EXP-042761,EMP-0144,Procurement,2026-06-21,other,Courier Service,PRJ-0004,BankTransfer,True,True,2,3199,EUR,162.0,0.08,0.0,SRC-00042761
EXP-042762,EMP-0157,HR,2026-07-22,accommodation,Hotel Group C,PRJ-0007,EmployeeReimbursement,True,True,1,12962,JPY,1.0,0.1,0.0,SRC-00042762
EXP-042763,EMP-0170,IT,2026-08-23,meal,Business Dining,PRJ-0010,Cash,True,True,4,7929,USD,150.0,0.1,0.05,SRC-00042763
EXP-042764,EMP-0183,Engineering,2026-09-24,travel,JAL,PRJ-0013,CorporateCard,False,True,1,51668,EUR,162.0,0.1,0.0,SRC-00042764
EXP-042765,EMP-0196,Sales,2026-10-25,other,Office Supply Co,PRJ-0016,BankTransfer,True,True,1,3435,JPY,1.0,0.08,0.0,SRC-00042765
EXP-042766,EMP-0209,Legal,2026-11-26,accommodation,Hotel Group C,PRJ-0019,EmployeeReimbursement,True,True,2,13366,USD,150.0,0.1,0.0,SRC-00042766
EXP-042767,EMP-0222,Operations,2026-12-27,meal,Cafe Central,PRJ-0022,Cash,True,True,4,8261,EUR,162.0,0.1,0.0,SRC-00042767
EXP-042768,EMP-0235,Finance,2026-01-01,travel,JR East,PRJ-0025,CorporateCard,False,True,1,52216,JPY,1.0,0.1,0.0,SRC-00042768
EXP-042769,EMP-0248,Procurement,2026-02-02,other,Misc Services,PRJ-0028,BankTransfer,True,True,5,3671,USD,150.0,0.08,0.0,SRC-00042769
EXP-042770,EMP-0011,HR,2026-03-03,accommodation,Hotel Group C,PRJ-0031,EmployeeReimbursement,True,True,3,13770,EUR,162.0,0.1,0.05,SRC-00042770
EXP-042771,EMP-0024,IT,2026-04-04,meal,Restaurant B,PRJ-0034,Cash,True,True,4,8593,JPY,1.0,0.1,0.0,SRC-00042771
EXP-042772,EMP-0037,Engineering,2026-05-05,travel,Railway Services,PRJ-0037,CorporateCard,False,True,1,52764,USD,150.0,0.1,0.0,SRC-00042772
EXP-042773,EMP-0050,Sales,2026-06-06,other,Printing Co,PRJ-0040,BankTransfer,True,True,4,3907,EUR,162.0,0.08,0.0,SRC-00042773
EXP-042774,EMP-0063,Legal,2026-07-07,accommodation,Hotel Group C,PRJ-0043,EmployeeReimbursement,True,True,1,14174,JPY,1.0,0.1,0.0,SRC-00042774
EXP-042775,EMP-0076,Operations,2026-08-08,meal,Restaurant A,PRJ-0046,Cash,True,True,4,8925,USD,150.0,0.1,0.0,SRC-00042775
EXP-042776,EMP-0089,Finance,2026-09-09,travel,JAL,PRJ-0049,CorporateCard,False,True,1,53312,EUR,162.0,0.1,0.0,SRC-00042776
EXP-042777,EMP-0102,Procurement,2026-10-10,other,Software Store,PRJ-0052,BankTransfer,True,True,3,4143,JPY,1.0,0.08,0.05,SRC-00042777
EXP-042778,EMP-0115,HR,2026-11-11,accommodation,Hotel Group C,PRJ-0055,EmployeeReimbursement,True,True,2,14578,USD,150.0,0.1,0.0,SRC-00042778
EXP-042779,EMP-0128,IT,2026-12-12,meal,Catering Co,PRJ-0058,Cash,True,True,4,9257,EUR,162.0,0.1,0.0,SRC-00042779
EXP-042780,EMP-0141,Engineering,2026-01-13,travel,JR East,PRJ-0061,CorporateCard,False,True,1,53860,JPY,1.0,0.1,0.0,SRC-00042780
EXP-042781,EMP-0154,Sales,2026-02-14,other,Courier Service,PRJ-0064,BankTransfer,True,True,2,4379,USD,150.0,0.08,0.0,SRC-00042781
EXP-042782,EMP-0167,Legal,2026-03-15,accommodation,Hotel Group C,PRJ-0067,EmployeeReimbursement,True,True,3,14982,EUR,162.0,0.1,0.0,SRC-00042782
EXP-042783,EMP-0180,Operations,2026-04-16,meal,Business Dining,PRJ-0070,Cash,True,True,4,9589,JPY,1.0,0.1,0.0,SRC-00042783
EXP-042784,EMP-0193,Finance,2026-05-17,travel,Railway Services,PRJ-0073,CorporateCard,False,True,1,54408,USD,150.0,0.1,0.05,SRC-00042784
EXP-042785,EMP-0206,Procurement,2026-06-18,other,Office Supply Co,PRJ-0076,BankTransfer,True,True,1,4615,EUR,162.0,0.08,0.0,SRC-00042785
EXP-042786,EMP-0219,HR,2026-07-19,accommodation,Hotel Group C,PRJ-0079,EmployeeReimbursement,True,True,1,15386,JPY,1.0,0.1,0.0,SRC-00042786
EXP-042787,EMP-0232,IT,2026-08-20,meal,Cafe Central,PRJ-0082,Cash,True,True,4,9921,USD,150.0,0.1,0.0,SRC-00042787
EXP-042788,EMP-0245,Engineering,2026-09-21,travel,JAL,PRJ-0085,CorporateCard,False,True,1,54956,EUR,162.0,0.1,0.0,SRC-00042788
EXP-042789,EMP-0008,Sales,2026-10-22,other,Misc Services,PRJ-0088,BankTransfer,True,True,5,4851,JPY,1.0,0.08,0.0,SRC-00042789
EXP-042790,EMP-0021,Legal,2026-11-23,accommodation,Hotel Group C,PRJ-0091,EmployeeReimbursement,True,True,2,15790,USD,150.0,0.1,0.0,SRC-00042790
EXP-042791,EMP-0034,Operations,2026-12-24,meal,Restaurant B,PRJ-0094,Cash,True,True,4,10253,EUR,162.0,0.1,0.05,SRC-00042791
EXP-042792,EMP-0047,Finance,2026-01-25,travel,JR East,PRJ-0097,CorporateCard,False,True,1,55504,JPY,1.0,0.1,0.0,SRC-00042792
EXP-042793,EMP-0060,Procurement,2026-02-26,other,Printing Co,PRJ-0100,BankTransfer,True,True,4,5087,USD,150.0,0.08,0.0,SRC-00042793
EXP-042794,EMP-0073,HR,2026-03-27,accommodation,Hotel Group C,PRJ-0103,EmployeeReimbursement,True,True,3,16194,EUR,162.0,0.1,0.0,SRC-00042794
EXP-042795,EMP-0086,IT,2026-04-01,meal,Restaurant A,PRJ-0106,Cash,True,True,4,10585,JPY,1.0,0.1,0.0,SRC-00042795
EXP-042796,EMP-0099,Engineering,2026-05-02,travel,Railway Services,PRJ-0109,CorporateCard,False,True,1,56052,USD,150.0,0.1,0.0,SRC-00042796
EXP-042797,EMP-0112,Sales,2026-06-03,other,Software Store,PRJ-0112,BankTransfer,True,True,3,5323,EUR,162.0,0.08,0.0,SRC-00042797
EXP-042798,EMP-0125,Legal,2026-07-04,accommodation,Hotel Group C,PRJ-0115,EmployeeReimbursement,True,True,1,16598,JPY,1.0,0.1,0.05,SRC-00042798
EXP-042799,EMP-0138,Operations,2026-08-05,meal,Catering Co,PRJ-0118,Cash,True,True,4,10917,USD,150.0,0.1,0.0,SRC-00042799
EXP-042800,EMP-0151,Finance,2026-09-06,travel,JAL,PRJ-0001,CorporateCard,False,True,1,56600,EUR,162.0,0.1,0.0,SRC-00042800
EXP-042801,EMP-0164,Procurement,2026-10-07,other,Courier Service,PRJ-0004,BankTransfer,True,True,2,5559,JPY,1.0,0.08,0.0,SRC-00042801
EXP-042802,EMP-0177,HR,2026-11-08,accommodation,Hotel Group C,PRJ-0007,EmployeeReimbursement,True,True,2,17002,USD,150.0,0.1,0.0,SRC-00042802
EXP-042803,EMP-0190,IT,2026-12-09,meal,Business Dining,PRJ-0010,Cash,True,True,4,11249,EUR,162.0,0.1,0.0,SRC-00042803
EXP-042804,EMP-0203,Engineering,2026-01-10,travel,JR East,PRJ-0013,CorporateCard,False,True,1,57148,JPY,1.0,0.1,0.0,SRC-00042804
EXP-042805,EMP-0216,Sales,2026-02-11,other,Office Supply Co,PRJ-0016,BankTransfer,True,True,1,5795,USD,150.0,0.08,0.05,SRC-00042805
EXP-042806,EMP-0229,Legal,2026-03-12,accommodation,Hotel Group C,PRJ-0019,EmployeeReimbursement,True,True,3,17406,EUR,162.0,0.1,0.0,SRC-00042806
EXP-042807,EMP-0242,Operations,2026-04-13,meal,Cafe Central,PRJ-0022,Cash,True,True,4,11581,JPY,1.0,0.1,0.0,SRC-00042807
EXP-042808,EMP-0005,Finance,2026-05-14,travel,Railway Services,PRJ-0025,CorporateCard,False,True,1,57696,USD,150.0,0.1,0.0,SRC-00042808
EXP-042809,EMP-0018,Procurement,2026-06-15,other,Misc Services,PRJ-0028,BankTransfer,True,True,5,6031,EUR,162.0,0.08,0.0,SRC-00042809
EXP-042810,EMP-0031,HR,2026-07-16,accommodation,Hotel Group C,PRJ-0031,EmployeeReimbursement,True,True,1,17810,JPY,1.0,0.1,0.0,SRC-00042810
EXP-042811,EMP-0044,IT,2026-08-17,meal,Restaurant B,PRJ-0034,Cash,True,True,4,11913,USD,150.0,0.1,0.0,SRC-00042811
EXP-042812,EMP-0057,Engineering,2026-09-18,travel,JAL,PRJ-0037,CorporateCard,False,True,1,58244,EUR,162.0,0.1,0.05,SRC-00042812
EXP-042813,EMP-0070,Sales,2026-10-19,other,Printing Co,PRJ-0040,BankTransfer,True,True,4,6267,JPY,1.0,0.08,0.0,SRC-00042813
EXP-042814,EMP-0083,Legal,2026-11-20,accommodation,Hotel Group C,PRJ-0043,EmployeeReimbursement,True,True,2,18214,USD,150.0,0.1,0.0,SRC-00042814
EXP-042815,EMP-0096,Operations,2026-12-21,meal,Restaurant A,PRJ-0046,Cash,True,True,4,12245,EUR,162.0,0.1,0.0,SRC-00042815
EXP-042816,EMP-0109,Finance,2026-01-22,travel,JR East,PRJ-0049,CorporateCard,False,True,1,58792,JPY,1.0,0.1,0.0,SRC-00042816
EXP-042817,EMP-0122,Procurement,2026-02-23,other,Software Store,PRJ-0052,BankTransfer,True,True,3,6503,USD,150.0,0.08,0.0,SRC-00042817
EXP-042818,EMP-0135,HR,2026-03-24,accommodation,Hotel Group C,PRJ-0055,EmployeeReimbursement,True,True,3,18618,EUR,162.0,0.1,0.0,SRC-00042818
EXP-042819,EMP-0148,IT,2026-04-25,meal,Catering Co,PRJ-0058,Cash,True,True,4,12577,JPY,1.0,0.1,0.05,SRC-00042819
EXP-042820,EMP-0161,Engineering,2026-05-26,travel,Railway Services,PRJ-0061,CorporateCard,False,True,1,59340,USD,150.0,0.1,0.0,SRC-00042820
EXP-042821,EMP-0174,Sales,2026-06-27,other,Courier Service,PRJ-0064,BankTransfer,True,True,2,6739,EUR,162.0,0.08,0.0,SRC-00042821
EXP-042822,EMP-0187,Legal,2026-07-01,accommodation,Hotel Group C,PRJ-0067,EmployeeReimbursement,True,True,1,19022,JPY,1.0,0.1,0.0,SRC-00042822
EXP-042823,EMP-0200,Operations,2026-08-02,meal,Business Dining,PRJ-0070,Cash,True,True,4,12909,USD,150.0,0.1,0.0,SRC-00042823
EXP-042824,EMP-0213,Finance,2026-09-03,travel,JAL,PRJ-0073,CorporateCard,False,True,1,59888,EUR,162.0,0.1,0.0,SRC-00042824
EXP-042825,EMP-0226,Procurement,2026-10-04,other,Office Supply Co,PRJ-0076,BankTransfer,True,True,1,6975,JPY,1.0,0.08,0.0,SRC-00042825
EXP-042826,EMP-0239,HR,2026-11-05,accommodation,Hotel Group C,PRJ-0079,EmployeeReimbursement,True,True,2,19426,USD,150.0,0.1,0.05,SRC-00042826
EXP-042827,EMP-0002,IT,2026-12-06,meal,Cafe Central,PRJ-0082,Cash,True,True,4,13241,EUR,162.0,0.1,0.0,SRC-00042827
EXP-042828,EMP-0015,Engineering,2026-01-07,travel,JR East,PRJ-0085,CorporateCard,False,True,1,60436,JPY,1.0,0.1,0.0,SRC-00042828
EXP-042829,EMP-0028,Sales,2026-02-08,other,Misc Services,PRJ-0088,BankTransfer,True,True,5,7211,USD,150.0,0.08,0.0,SRC-00042829
EXP-042830,EMP-0041,Legal,2026-03-09,accommodation,Hotel Group C,PRJ-0091,EmployeeReimbursement,True,True,3,19830,EUR,162.0,0.1,0.0,SRC-00042830
EXP-042831,EMP-0054,Operations,2026-04-10,meal,Restaurant B,PRJ-0094,Cash,True,True,4,13573,JPY,1.0,0.1,0.0,SRC-00042831
EXP-042832,EMP-0067,Finance,2026-05-11,travel,Railway Services,PRJ-0097,CorporateCard,False,True,1,60984,USD,150.0,0.1,0.0,SRC-00042832
EXP-042833,EMP-0080,Procurement,2026-06-12,other,Printing Co,PRJ-0100,BankTransfer,True,True,4,7447,EUR,162.0,0.08,0.05,SRC-00042833
EXP-042834,EMP-0093,HR,2026-07-13,accommodation,Hotel Group C,PRJ-0103,EmployeeReimbursement,True,True,1,20234,JPY,1.0,0.1,0.0,SRC-00042834
EXP-042835,EMP-0106,IT,2026-08-14,meal,Restaurant A,PRJ-0106,Cash,True,True,4,13905,USD,150.0,0.1,0.0,SRC-00042835
EXP-042836,EMP-0119,Engineering,2026-09-15,travel,JAL,PRJ-0109,CorporateCard,False,True,1,61532,EUR,162.0,0.1,0.0,SRC-00042836
EXP-042837,EMP-0132,Sales,2026-10-16,other,Software Store,PRJ-0112,BankTransfer,True,True,3,7683,JPY,1.0,0.08,0.0,SRC-00042837
EXP-042838,EMP-0145,Legal,2026-11-17,accommodation,Hotel Group C,PRJ-0115,EmployeeReimbursement,True,True,2,20638,USD,150.0,0.1,0.0,SRC-00042838
EXP-042839,EMP-0158,Operations,2026-12-18,meal,Catering Co,PRJ-0118,Cash,True,True,4,14237,EUR,162.0,0.1,0.0,SRC-00042839
EXP-042840,EMP-0171,Finance,2026-01-19,travel,JR East,PRJ-0001,CorporateCard,False,True,1,62080,JPY,1.0,0.1,0.05,SRC-00042840
EXP-042841,EMP-0184,Procurement,2026-02-20,other,Courier Service,PRJ-0004,BankTransfer,True,True,2,7919,USD,150.0,0.08,0.0,SRC-00042841
EXP-042842,EMP-0197,HR,2026-03-21,accommodation,Hotel Group C,PRJ-0007,EmployeeReimbursement,True,True,3,21042,EUR,162.0,0.1,0.0,SRC-00042842
EXP-042843,EMP-0210,IT,2026-04-22,meal,Business Dining,PRJ-0010,Cash,True,True,4,14569,JPY,1.0,0.1,0.0,SRC-00042843
EXP-042844,EMP-0223,Engineering,2026-05-23,travel,Railway Services,PRJ-0013,CorporateCard,False,True,1,62628,USD,150.0,0.1,0.0,SRC-00042844
EXP-042845,EMP-0236,Sales,2026-06-24,other,Office Supply Co,PRJ-0016,BankTransfer,True,True,1,8155,EUR,162.0,0.08,0.0,SRC-00042845
EXP-042846,EMP-0249,Legal,2026-07-25,accommodation,Hotel Group C,PRJ-0019,EmployeeReimbursement,True,True,1,21446,JPY,1.0,0.1,0.0,SRC-00042846
EXP-042847,EMP-0012,Operations,2026-08-26,meal,Cafe Central,PRJ-0022,Cash,True,True,4,901,USD,150.0,0.1,0.05,SRC-00042847
EXP-042848,EMP-0025,Finance,2026-09-27,travel,JAL,PRJ-0025,CorporateCard,False,True,1,63176,EUR,162.0,0.1,0.0,SRC-00042848
EXP-042849,EMP-0038,Procurement,2026-10-01,other,Misc Services,PRJ-0028,BankTransfer,True,True,5,8391,JPY,1.0,0.08,0.0,SRC-00042849
EXP-042850,EMP-0051,HR,2026-11-02,accommodation,Hotel Group C,PRJ-0031,EmployeeReimbursement,True,True,2,21850,USD,150.0,0.1,0.0,SRC-00042850
EXP-042851,EMP-0064,IT,2026-12-03,meal,Restaurant B,PRJ-0034,Cash,True,True,4,1233,EUR,162.0,0.1,0.0,SRC-00042851
EXP-042852,EMP-0077,Engineering,2026-01-04,travel,JR East,PRJ-0037,CorporateCard,False,True,1,63724,JPY,1.0,0.1,0.0,SRC-00042852
EXP-042853,EMP-0090,Sales,2026-02-05,other,Printing Co,PRJ-0040,BankTransfer,True,True,4,8627,USD,150.0,0.08,0.0,SRC-00042853
EXP-042854,EMP-0103,Legal,2026-03-06,accommodation,Hotel Group C,PRJ-0043,EmployeeReimbursement,True,True,3,22254,EUR,162.0,0.1,0.05,SRC-00042854
EXP-042855,EMP-0116,Operations,2026-04-07,meal,Restaurant A,PRJ-0046,Cash,True,True,4,1565,JPY,1.0,0.1,0.0,SRC-00042855
EXP-042856,EMP-0129,Finance,2026-05-08,travel,Railway Services,PRJ-0049,CorporateCard,False,True,1,64272,USD,150.0,0.1,0.0,SRC-00042856
EXP-042857,EMP-0142,Procurement,2026-06-09,other,Software Store,PRJ-0052,BankTransfer,True,True,3,8863,EUR,162.0,0.08,0.0,SRC-00042857
EXP-042858,EMP-0155,HR,2026-07-10,accommodation,Hotel Group C,PRJ-0055,EmployeeReimbursement,True,True,1,22658,JPY,1.0,0.1,0.0,SRC-00042858
EXP-042859,EMP-0168,IT,2026-08-11,meal,Catering Co,PRJ-0058,Cash,True,True,4,1897,USD,150.0,0.1,0.0,SRC-00042859
EXP-042860,EMP-0181,Engineering,2026-09-12,travel,JAL,PRJ-0061,CorporateCard,False,True,1,64820,EUR,162.0,0.1,0.0,SRC-00042860
EXP-042861,EMP-0194,Sales,2026-10-13,other,Courier Service,PRJ-0064,BankTransfer,True,True,2,9099,JPY,1.0,0.08,0.05,SRC-00042861
EXP-042862,EMP-0207,Legal,2026-11-14,accommodation,Hotel Group C,PRJ-0067,EmployeeReimbursement,True,True,2,23062,USD,150.0,0.1,0.0,SRC-00042862
EXP-042863,EMP-0220,Operations,2026-12-15,meal,Business Dining,PRJ-0070,Cash,True,True,4,2229,EUR,162.0,0.1,0.0,SRC-00042863
EXP-042864,EMP-0233,Finance,2026-01-16,travel,JR East,PRJ-0073,CorporateCard,False,True,1,65368,JPY,1.0,0.1,0.0,SRC-00042864
EXP-042865,EMP-0246,Procurement,2026-02-17,other,Office Supply Co,PRJ-0076,BankTransfer,True,True,1,9335,USD,150.0,0.08,0.0,SRC-00042865
EXP-042866,EMP-0009,HR,2026-03-18,accommodation,Hotel Group C,PRJ-0079,EmployeeReimbursement,True,True,3,23466,EUR,162.0,0.1,0.0,SRC-00042866
EXP-042867,EMP-0022,IT,2026-04-19,meal,Cafe Central,PRJ-0082,Cash,True,True,4,2561,JPY,1.0,0.1,0.0,SRC-00042867
EXP-042868,EMP-0035,Engineering,2026-05-20,travel,Railway Services,PRJ-0085,CorporateCard,False,True,1,65916,USD,150.0,0.1,0.05,SRC-00042868
EXP-042869,EMP-0048,Sales,2026-06-21,other,Misc Services,PRJ-0088,BankTransfer,True,True,5,9571,EUR,162.0,0.08,0.0,SRC-00042869
EXP-042870,EMP-0061,Legal,2026-07-22,accommodation,Hotel Group C,PRJ-0091,EmployeeReimbursement,True,True,1,23870,JPY,1.0,0.1,0.0,SRC-00042870
EXP-042871,EMP-0074,Operations,2026-08-23,meal,Restaurant B,PRJ-0094,Cash,True,True,4,2893,USD,150.0,0.1,0.0,SRC-00042871
EXP-042872,EMP-0087,Finance,2026-09-24,travel,JAL,PRJ-0097,CorporateCard,False,True,1,66464,EUR,162.0,0.1,0.0,SRC-00042872
EXP-042873,EMP-0100,Procurement,2026-10-25,other,Printing Co,PRJ-0100,BankTransfer,True,True,4,9807,JPY,1.0,0.08,0.0,SRC-00042873
EXP-042874,EMP-0113,HR,2026-11-26,accommodation,Hotel Group C,PRJ-0103,EmployeeReimbursement,True,True,2,24274,USD,150.0,0.1,0.0,SRC-00042874
EXP-042875,EMP-0126,IT,2026-12-27,meal,Restaurant A,PRJ-0106,Cash,True,True,4,3225,EUR,162.0,0.1,0.05,SRC-00042875
EXP-042876,EMP-0139,Engineering,2026-01-01,travel,JR East,PRJ-0109,CorporateCard,False,True,1,67012,JPY,1.0,0.1,0.0,SRC-00042876
EXP-042877,EMP-0152,Sales,2026-02-02,other,Software Store,PRJ-0112,BankTransfer,True,True,3,10043,USD,150.0,0.08,0.0,SRC-00042877
EXP-042878,EMP-0165,Legal,2026-03-03,accommodation,Hotel Group C,PRJ-0115,EmployeeReimbursement,True,True,3,24678,EUR,162.0,0.1,0.0,SRC-00042878
EXP-042879,EMP-0178,Operations,2026-04-04,meal,Catering Co,PRJ-0118,Cash,True,True,4,3557,JPY,1.0,0.1,0.0,SRC-00042879
EXP-042880,EMP-0191,Finance,2026-05-05,travel,Railway Services,PRJ-0001,CorporateCard,False,True,1,67560,USD,150.0,0.1,0.0,SRC-00042880
EXP-042881,EMP-0204,Procurement,2026-06-06,other,Courier Service,PRJ-0004,BankTransfer,True,True,2,10279,EUR,162.0,0.08,0.0,SRC-00042881
EXP-042882,EMP-0217,HR,2026-07-07,accommodation,Hotel Group C,PRJ-0007,EmployeeReimbursement,True,True,1,25082,JPY,1.0,0.1,0.05,SRC-00042882
EXP-042883,EMP-0230,IT,2026-08-08,meal,Business Dining,PRJ-0010,Cash,True,True,4,3889,USD,150.0,0.1,0.0,SRC-00042883
EXP-042884,EMP-0243,Engineering,2026-09-09,travel,JAL,PRJ-0013,CorporateCard,False,True,1,68108,EUR,162.0,0.1,0.0,SRC-00042884
EXP-042885,EMP-0006,Sales,2026-10-10,other,Office Supply Co,PRJ-0016,BankTransfer,True,True,1,10515,JPY,1.0,0.08,0.0,SRC-00042885
EXP-042886,EMP-0019,Legal,2026-11-11,accommodation,Hotel Group C,PRJ-0019,EmployeeReimbursement,True,True,2,25486,USD,150.0,0.1,0.0,SRC-00042886
EXP-042887,EMP-0032,Operations,2026-12-12,meal,Cafe Central,PRJ-0022,Cash,True,True,4,4221,EUR,162.0,0.1,0.0,SRC-00042887
EXP-042888,EMP-0045,Finance,2026-01-13,travel,JR East,PRJ-0025,CorporateCard,False,True,1,68656,JPY,1.0,0.1,0.0,SRC-00042888
EXP-042889,EMP-0058,Procurement,2026-02-14,other,Misc Services,PRJ-0028,BankTransfer,True,True,5,10751,USD,150.0,0.08,0.05,SRC-00042889
EXP-042890,EMP-0071,HR,2026-03-15,accommodation,Hotel Group C,PRJ-0031,EmployeeReimbursement,True,True,3,25890,EUR,162.0,0.1,0.0,SRC-00042890
EXP-042891,EMP-0084,IT,2026-04-16,meal,Restaurant B,PRJ-0034,Cash,True,True,4,4553,JPY,1.0,0.1,0.0,SRC-00042891
EXP-042892,EMP-0097,Engineering,2026-05-17,travel,Railway Services,PRJ-0037,CorporateCard,False,True,1,69204,USD,150.0,0.1,0.0,SRC-00042892
EXP-042893,EMP-0110,Sales,2026-06-18,other,Printing Co,PRJ-0040,BankTransfer,True,True,4,10987,EUR,162.0,0.08,0.0,SRC-00042893
EXP-042894,EMP-0123,Legal,2026-07-19,accommodation,Hotel Group C,PRJ-0043,EmployeeReimbursement,True,True,1,26294,JPY,1.0,0.1,0.0,SRC-00042894
EXP-042895,EMP-0136,Operations,2026-08-20,meal,Restaurant A,PRJ-0046,Cash,True,True,4,4885,USD,150.0,0.1,0.0,SRC-00042895
EXP-042896,EMP-0149,Finance,2026-09-21,travel,JAL,PRJ-0049,CorporateCard,False,True,1,69752,EUR,162.0,0.1,0.05,SRC-00042896
EXP-042897,EMP-0162,Procurement,2026-10-22,other,Software Store,PRJ-0052,BankTransfer,True,True,3,11223,JPY,1.0,0.08,0.0,SRC-00042897
EXP-042898,EMP-0175,HR,2026-11-23,accommodation,Hotel Group C,PRJ-0055,EmployeeReimbursement,True,True,2,26698,USD,150.0,0.1,0.0,SRC-00042898
EXP-042899,EMP-0188,IT,2026-12-24,meal,Catering Co,PRJ-0058,Cash,True,True,4,5217,EUR,162.0,0.1,0.0,SRC-00042899
EXP-042900,EMP-0201,Engineering,2026-01-25,travel,JR East,PRJ-0061,CorporateCard,False,True,1,70300,JPY,1.0,0.1,0.0,SRC-00042900
EXP-042901,EMP-0214,Sales,2026-02-26,other,Courier Service,PRJ-0064,BankTransfer,True,True,2,11459,USD,150.0,0.08,0.0,SRC-00042901
EXP-042902,EMP-0227,Legal,2026-03-27,accommodation,Hotel Group C,PRJ-0067,EmployeeReimbursement,True,True,3,27102,EUR,162.0,0.1,0.0,SRC-00042902
EXP-042903,EMP-0240,Operations,2026-04-01,meal,Business Dining,PRJ-0070,Cash,True,True,4,5549,JPY,1.0,0.1,0.05,SRC-00042903
EXP-042904,EMP-0003,Finance,2026-05-02,travel,Railway Services,PRJ-0073,CorporateCard,False,True,1,70848,USD,150.0,0.1,0.0,SRC-00042904
EXP-042905,EMP-0016,Procurement,2026-06-03,other,Office Supply Co,PRJ-0076,BankTransfer,True,True,1,11695,EUR,162.0,0.08,0.0,SRC-00042905
EXP-042906,EMP-0029,HR,2026-07-04,accommodation,Hotel Group C,PRJ-0079,EmployeeReimbursement,True,True,1,27506,JPY,1.0,0.1,0.0,SRC-00042906
EXP-042907,EMP-0042,IT,2026-08-05,meal,Cafe Central,PRJ-0082,Cash,True,True,4,5881,USD,150.0,0.1,0.0,SRC-00042907
EXP-042908,EMP-0055,Engineering,2026-09-06,travel,JAL,PRJ-0085,CorporateCard,False,True,1,71396,EUR,162.0,0.1,0.0,SRC-00042908
EXP-042909,EMP-0068,Sales,2026-10-07,other,Misc Services,PRJ-0088,BankTransfer,True,True,5,11931,JPY,1.0,0.08,0.0,SRC-00042909
EXP-042910,EMP-0081,Legal,2026-11-08,accommodation,Hotel Group C,PRJ-0091,EmployeeReimbursement,True,True,2,27910,USD,150.0,0.1,0.05,SRC-00042910
EXP-042911,EMP-0094,Operations,2026-12-09,meal,Restaurant B,PRJ-0094,Cash,True,True,4,6213,EUR,162.0,0.1,0.0,SRC-00042911
EXP-042912,EMP-0107,Finance,2026-01-10,travel,JR East,PRJ-0097,CorporateCard,False,True,1,71944,JPY,1.0,0.1,0.0,SRC-00042912
EXP-042913,EMP-0120,Procurement,2026-02-11,other,Printing Co,PRJ-0100,BankTransfer,True,True,4,12167,USD,150.0,0.08,0.0,SRC-00042913
EXP-042914,EMP-0133,HR,2026-03-12,accommodation,Hotel Group C,PRJ-0103,EmployeeReimbursement,True,True,3,28314,EUR,162.0,0.1,0.0,SRC-00042914
EXP-042915,EMP-0146,IT,2026-04-13,meal,Restaurant A,PRJ-0106,Cash,True,True,4,6545,JPY,1.0,0.1,0.0,SRC-00042915
EXP-042916,EMP-0159,Engineering,2026-05-14,travel,Railway Services,PRJ-0109,CorporateCard,False,True,1,72492,USD,150.0,0.1,0.0,SRC-00042916
EXP-042917,EMP-0172,Sales,2026-06-15,other,Software Store,PRJ-0112,BankTransfer,True,True,3,12403,EUR,162.0,0.08,0.05,SRC-00042917
EXP-042918,EMP-0185,Legal,2026-07-16,accommodation,Hotel Group C,PRJ-0115,EmployeeReimbursement,True,True,1,28718,JPY,1.0,0.1,0.0,SRC-00042918
EXP-042919,EMP-0198,Operations,2026-08-17,meal,Catering Co,PRJ-0118,Cash,True,True,4,6877,USD,150.0,0.1,0.0,SRC-00042919
EXP-042920,EMP-0211,Finance,2026-09-18,travel,JAL,PRJ-0001,CorporateCard,False,True,1,3040,EUR,162.0,0.1,0.0,SRC-00042920
EXP-042921,EMP-0224,Procurement,2026-10-19,other,Courier Service,PRJ-0004,BankTransfer,True,True,2,12639,JPY,1.0,0.08,0.0,SRC-00042921
EXP-042922,EMP-0237,HR,2026-11-20,accommodation,Hotel Group C,PRJ-0007,EmployeeReimbursement,True,True,2,29122,USD,150.0,0.1,0.0,SRC-00042922
EXP-042923,EMP-0250,IT,2026-12-21,meal,Business Dining,PRJ-0010,Cash,True,True,4,7209,EUR,162.0,0.1,0.0,SRC-00042923
EXP-042924,EMP-0013,Engineering,2026-01-22,travel,JR East,PRJ-0013,CorporateCard,False,True,1,3588,JPY,1.0,0.1,0.05,SRC-00042924
EXP-042925,EMP-0026,Sales,2026-02-23,other,Office Supply Co,PRJ-0016,BankTransfer,True,True,1,12875,USD,150.0,0.08,0.0,SRC-00042925
EXP-042926,EMP-0039,Legal,2026-03-24,accommodation,Hotel Group C,PRJ-0019,EmployeeReimbursement,True,True,3,29526,EUR,162.0,0.1,0.0,SRC-00042926
EXP-042927,EMP-0052,Operations,2026-04-25,meal,Cafe Central,PRJ-0022,Cash,True,True,4,7541,JPY,1.0,0.1,0.0,SRC-00042927
EXP-042928,EMP-0065,Finance,2026-05-26,travel,Railway Services,PRJ-0025,CorporateCard,False,True,1,4136,USD,150.0,0.1,0.0,SRC-00042928
EXP-042929,EMP-0078,Procurement,2026-06-27,other,Misc Services,PRJ-0028,BankTransfer,True,True,5,13111,EUR,162.0,0.08,0.0,SRC-00042929
EXP-042930,EMP-0091,HR,2026-07-01,accommodation,Hotel Group C,PRJ-0031,EmployeeReimbursement,True,True,1,29930,JPY,1.0,0.1,0.0,SRC-00042930
EXP-042931,EMP-0104,IT,2026-08-02,meal,Restaurant B,PRJ-0034,Cash,True,True,4,7873,USD,150.0,0.1,0.05,SRC-00042931
EXP-042932,EMP-0117,Engineering,2026-09-03,travel,JAL,PRJ-0037,CorporateCard,False,True,1,4684,EUR,162.0,0.1,0.0,SRC-00042932
EXP-042933,EMP-0130,Sales,2026-10-04,other,Printing Co,PRJ-0040,BankTransfer,True,True,4,13347,JPY,1.0,0.08,0.0,SRC-00042933
EXP-042934,EMP-0143,Legal,2026-11-05,accommodation,Hotel Group C,PRJ-0043,EmployeeReimbursement,True,True,2,30334,USD,150.0,0.1,0.0,SRC-00042934
EXP-042935,EMP-0156,Operations,2026-12-06,meal,Restaurant A,PRJ-0046,Cash,True,True,4,8205,EUR,162.0,0.1,0.0,SRC-00042935
EXP-042936,EMP-0169,Finance,2026-01-07,travel,JR East,PRJ-0049,CorporateCard,False,True,1,5232,JPY,1.0,0.1,0.0,SRC-00042936
EXP-042937,EMP-0182,Procurement,2026-02-08,other,Software Store,PRJ-0052,BankTransfer,True,True,3,13583,USD,150.0,0.08,0.0,SRC-00042937
EXP-042938,EMP-0195,HR,2026-03-09,accommodation,Hotel Group C,PRJ-0055,EmployeeReimbursement,True,True,3,30738,EUR,162.0,0.1,0.05,SRC-00042938
EXP-042939,EMP-0208,IT,2026-04-10,meal,Catering Co,PRJ-0058,Cash,True,True,4,8537,JPY,1.0,0.1,0.0,SRC-00042939
EXP-042940,EMP-0221,Engineering,2026-05-11,travel,Railway Services,PRJ-0061,CorporateCard,False,True,1,5780,USD,150.0,0.1,0.0,SRC-00042940
EXP-042941,EMP-0234,Sales,2026-06-12,other,Courier Service,PRJ-0064,BankTransfer,True,True,2,13819,EUR,162.0,0.08,0.0,SRC-00042941
EXP-042942,EMP-0247,Legal,2026-07-13,accommodation,Hotel Group C,PRJ-0067,EmployeeReimbursement,True,True,1,31142,JPY,1.0,0.1,0.0,SRC-00042942
EXP-042943,EMP-0010,Operations,2026-08-14,meal,Business Dining,PRJ-0070,Cash,True,True,4,8869,USD,150.0,0.1,0.0,SRC-00042943
EXP-042944,EMP-0023,Finance,2026-09-15,travel,JAL,PRJ-0073,CorporateCard,False,True,1,6328,EUR,162.0,0.1,0.0,SRC-00042944
EXP-042945,EMP-0036,Procurement,2026-10-16,other,Office Supply Co,PRJ-0076,BankTransfer,True,True,1,14055,JPY,1.0,0.08,0.05,SRC-00042945
EXP-042946,EMP-0049,HR,2026-11-17,accommodation,Hotel Group C,PRJ-0079,EmployeeReimbursement,True,True,2,31546,USD,150.0,0.1,0.0,SRC-00042946
EXP-042947,EMP-0062,IT,2026-12-18,meal,Cafe Central,PRJ-0082,Cash,True,True,4,9201,EUR,162.0,0.1,0.0,SRC-00042947
EXP-042948,EMP-0075,Engineering,2026-01-19,travel,JR East,PRJ-0085,CorporateCard,False,True,1,6876,JPY,1.0,0.1,0.0,SRC-00042948
EXP-042949,EMP-0088,Sales,2026-02-20,other,Misc Services,PRJ-0088,BankTransfer,True,True,5,14291,USD,150.0,0.08,0.0,SRC-00042949
EXP-042950,EMP-0101,Legal,2026-03-21,accommodation,Hotel Group C,PRJ-0091,EmployeeReimbursement,True,True,3,31950,EUR,162.0,0.1,0.0,SRC-00042950
EXP-042951,EMP-0114,Operations,2026-04-22,meal,Restaurant B,PRJ-0094,Cash,True,True,4,9533,JPY,1.0,0.1,0.0,SRC-00042951
EXP-042952,EMP-0127,Finance,2026-05-23,travel,Railway Services,PRJ-0097,CorporateCard,False,True,1,7424,USD,150.0,0.1,0.05,SRC-00042952
EXP-042953,EMP-0140,Procurement,2026-06-24,other,Printing Co,PRJ-0100,BankTransfer,True,True,4,14527,EUR,162.0,0.08,0.0,SRC-00042953
EXP-042954,EMP-0153,HR,2026-07-25,accommodation,Hotel Group C,PRJ-0103,EmployeeReimbursement,True,True,1,32354,JPY,1.0,0.1,0.0,SRC-00042954
EXP-042955,EMP-0166,IT,2026-08-26,meal,Restaurant A,PRJ-0106,Cash,True,True,4,9865,USD,150.0,0.1,0.0,SRC-00042955
EXP-042956,EMP-0179,Engineering,2026-09-27,travel,JAL,PRJ-0109,CorporateCard,False,True,1,7972,EUR,162.0,0.1,0.0,SRC-00042956
EXP-042957,EMP-0192,Sales,2026-10-01,other,Software Store,PRJ-0112,BankTransfer,True,True,3,14763,JPY,1.0,0.08,0.0,SRC-00042957
EXP-042958,EMP-0205,Legal,2026-11-02,accommodation,Hotel Group C,PRJ-0115,EmployeeReimbursement,True,True,2,32758,USD,150.0,0.1,0.0,SRC-00042958
EXP-042959,EMP-0218,Operations,2026-12-03,meal,Catering Co,PRJ-0118,Cash,True,True,4,10197,EUR,162.0,0.1,0.05,SRC-00042959
EXP-042960,EMP-0231,Finance,2026-01-04,travel,JR East,PRJ-0001,CorporateCard,False,True,1,8520,JPY,1.0,0.1,0.0,SRC-00042960
EXP-042961,EMP-0244,Procurement,2026-02-05,other,Courier Service,PRJ-0004,BankTransfer,True,True,2,14999,USD,150.0,0.08,0.0,SRC-00042961
EXP-042962,EMP-0007,HR,2026-03-06,accommodation,Hotel Group C,PRJ-0007,EmployeeReimbursement,True,True,3,33162,EUR,162.0,0.1,0.0,SRC-00042962
EXP-042963,EMP-0020,IT,2026-04-07,meal,Business Dining,PRJ-0010,Cash,True,True,4,10529,JPY,1.0,0.1,0.0,SRC-00042963
EXP-042964,EMP-0033,Engineering,2026-05-08,travel,Railway Services,PRJ-0013,CorporateCard,False,True,1,9068,USD,150.0,0.1,0.0,SRC-00042964
EXP-042965,EMP-0046,Sales,2026-06-09,other,Office Supply Co,PRJ-0016,BankTransfer,True,True,1,15235,EUR,162.0,0.08,0.0,SRC-00042965
EXP-042966,EMP-0059,Legal,2026-07-10,accommodation,Hotel Group C,PRJ-0019,EmployeeReimbursement,True,True,1,33566,JPY,1.0,0.1,0.05,SRC-00042966
EXP-042967,EMP-0072,Operations,2026-08-11,meal,Cafe Central,PRJ-0022,Cash,True,True,4,10861,USD,150.0,0.1,0.0,SRC-00042967
EXP-042968,EMP-0085,Finance,2026-09-12,travel,JAL,PRJ-0025,CorporateCard,False,True,1,9616,EUR,162.0,0.1,0.0,SRC-00042968
EXP-042969,EMP-0098,Procurement,2026-10-13,other,Misc Services,PRJ-0028,BankTransfer,True,True,5,15471,JPY,1.0,0.08,0.0,SRC-00042969
EXP-042970,EMP-0111,HR,2026-11-14,accommodation,Hotel Group C,PRJ-0031,EmployeeReimbursement,True,True,2,33970,USD,150.0,0.1,0.0,SRC-00042970
EXP-042971,EMP-0124,IT,2026-12-15,meal,Restaurant B,PRJ-0034,Cash,True,True,4,11193,EUR,162.0,0.1,0.0,SRC-00042971
EXP-042972,EMP-0137,Engineering,2026-01-16,travel,JR East,PRJ-0037,CorporateCard,False,True,1,10164,JPY,1.0,0.1,0.0,SRC-00042972
EXP-042973,EMP-0150,Sales,2026-02-17,other,Printing Co,PRJ-0040,BankTransfer,True,True,4,15707,USD,150.0,0.08,0.05,SRC-00042973
EXP-042974,EMP-0163,Legal,2026-03-18,accommodation,Hotel Group C,PRJ-0043,EmployeeReimbursement,True,True,3,6374,EUR,162.0,0.1,0.0,SRC-00042974
EXP-042975,EMP-0176,Operations,2026-04-19,meal,Restaurant A,PRJ-0046,Cash,True,True,4,11525,JPY,1.0,0.1,0.0,SRC-00042975
EXP-042976,EMP-0189,Finance,2026-05-20,travel,Railway Services,PRJ-0049,CorporateCard,False,True,1,10712,USD,150.0,0.1,0.0,SRC-00042976
EXP-042977,EMP-0202,Procurement,2026-06-21,other,Software Store,PRJ-0052,BankTransfer,True,True,3,15943,EUR,162.0,0.08,0.0,SRC-00042977
EXP-042978,EMP-0215,HR,2026-07-22,accommodation,Hotel Group C,PRJ-0055,EmployeeReimbursement,True,True,1,6778,JPY,1.0,0.1,0.0,SRC-00042978
EXP-042979,EMP-0228,IT,2026-08-23,meal,Catering Co,PRJ-0058,Cash,True,True,4,11857,USD,150.0,0.1,0.0,SRC-00042979
EXP-042980,EMP-0241,Engineering,2026-09-24,travel,JAL,PRJ-0061,CorporateCard,False,True,1,11260,EUR,162.0,0.1,0.05,SRC-00042980
EXP-042981,EMP-0004,Sales,2026-10-25,other,Courier Service,PRJ-0064,BankTransfer,True,True,2,16179,JPY,1.0,0.08,0.0,SRC-00042981
EXP-042982,EMP-0017,Legal,2026-11-26,accommodation,Hotel Group C,PRJ-0067,EmployeeReimbursement,True,True,2,7182,USD,150.0,0.1,0.0,SRC-00042982
EXP-042983,EMP-0030,Operations,2026-12-27,meal,Business Dining,PRJ-0070,Cash,True,True,4,12189,EUR,162.0,0.1,0.0,SRC-00042983
EXP-042984,EMP-0043,Finance,2026-01-01,travel,JR East,PRJ-0073,CorporateCard,False,True,1,11808,JPY,1.0,0.1,0.0,SRC-00042984
EXP-042985,EMP-0056,Procurement,2026-02-02,other,Office Supply Co,PRJ-0076,BankTransfer,True,True,1,16415,USD,150.0,0.08,0.0,SRC-00042985
EXP-042986,EMP-0069,HR,2026-03-03,accommodation,Hotel Group C,PRJ-0079,EmployeeReimbursement,True,True,3,7586,EUR,162.0,0.1,0.0,SRC-00042986
EXP-042987,EMP-0082,IT,2026-04-04,meal,Cafe Central,PRJ-0082,Cash,True,True,4,12521,JPY,1.0,0.1,0.05,SRC-00042987
EXP-042988,EMP-0095,Engineering,2026-05-05,travel,Railway Services,PRJ-0085,CorporateCard,False,True,1,12356,USD,150.0,0.1,0.0,SRC-00042988
EXP-042989,EMP-0108,Sales,2026-06-06,other,Misc Services,PRJ-0088,BankTransfer,True,True,5,16651,EUR,162.0,0.08,0.0,SRC-00042989
EXP-042990,EMP-0121,Legal,2026-07-07,accommodation,Hotel Group C,PRJ-0091,EmployeeReimbursement,True,True,1,7990,JPY,1.0,0.1,0.0,SRC-00042990
EXP-042991,EMP-0134,Operations,2026-08-08,meal,Restaurant B,PRJ-0094,Cash,True,True,4,12853,USD,150.0,0.1,0.0,SRC-00042991
EXP-042992,EMP-0147,Finance,2026-09-09,travel,JAL,PRJ-0097,CorporateCard,False,True,1,12904,EUR,162.0,0.1,0.0,SRC-00042992
EXP-042993,EMP-0160,Procurement,2026-10-10,other,Printing Co,PRJ-0100,BankTransfer,True,True,4,16887,JPY,1.0,0.08,0.0,SRC-00042993
EXP-042994,EMP-0173,HR,2026-11-11,accommodation,Hotel Group C,PRJ-0103,EmployeeReimbursement,True,True,2,8394,USD,150.0,0.1,0.05,SRC-00042994
EXP-042995,EMP-0186,IT,2026-12-12,meal,Restaurant A,PRJ-0106,Cash,True,True,4,13185,EUR,162.0,0.1,0.0,SRC-00042995
EXP-042996,EMP-0199,Engineering,2026-01-13,travel,JR East,PRJ-0109,CorporateCard,False,True,1,13452,JPY,1.0,0.1,0.0,SRC-00042996
EXP-042997,EMP-0212,Sales,2026-02-14,other,Software Store,PRJ-0112,BankTransfer,True,True,3,17123,USD,150.0,0.08,0.0,SRC-00042997
EXP-042998,EMP-0225,Legal,2026-03-15,accommodation,Hotel Group C,PRJ-0115,EmployeeReimbursement,True,True,3,8798,EUR,162.0,0.1,0.0,SRC-00042998
EXP-042999,EMP-0238,Operations,2026-04-16,meal,Catering Co,PRJ-0118,Cash,True,True,4,13517,JPY,1.0,0.1,0.0,SRC-00042999
EXP-043000,EMP-0001,Finance,2026-05-17,travel,Railway Services,PRJ-0001,CorporateCard,False,True,1,14000,USD,150.0,0.1,0.0,SRC-00043000
EXP-043001,EMP-0014,Procurement,2026-06-18,other,Courier Service,PRJ-0004,BankTransfer,True,True,2,17359,EUR,162.0,0.08,0.05,SRC-00043001
EXP-043002,EMP-0027,HR,2026-07-19,accommodation,Hotel Group C,PRJ-0007,EmployeeReimbursement,True,True,1,9202,JPY,1.0,0.1,0.0,SRC-00043002
EXP-043003,EMP-0040,IT,2026-08-20,meal,Business Dining,PRJ-0010,Cash,True,True,4,13849,USD,150.0,0.1,0.0,SRC-00043003
EXP-043004,EMP-0053,Engineering,2026-09-21,travel,JAL,PRJ-0013,CorporateCard,False,True,1,14548,EUR,162.0,0.1,0.0,SRC-00043004
EXP-043005,EMP-0066,Sales,2026-10-22,other,Office Supply Co,PRJ-0016,BankTransfer,True,True,1,17595,JPY,1.0,0.08,0.0,SRC-00043005
EXP-043006,EMP-0079,Legal,2026-11-23,accommodation,Hotel Group C,PRJ-0019,EmployeeReimbursement,True,True,2,9606,USD,150.0,0.1,0.0,SRC-00043006
EXP-043007,EMP-0092,Operations,2026-12-24,meal,Cafe Central,PRJ-0022,Cash,True,True,4,14181,EUR,162.0,0.1,0.0,SRC-00043007
EXP-043008,EMP-0105,Finance,2026-01-25,travel,JR East,PRJ-0025,CorporateCard,False,True,1,15096,JPY,1.0,0.1,0.05,SRC-00043008
EXP-043009,EMP-0118,Procurement,2026-02-26,other,Misc Services,PRJ-0028,BankTransfer,True,True,5,17831,USD,150.0,0.08,0.0,SRC-00043009
EXP-043010,EMP-0131,HR,2026-03-27,accommodation,Hotel Group C,PRJ-0031,EmployeeReimbursement,True,True,3,10010,EUR,162.0,0.1,0.0,SRC-00043010
EXP-043011,EMP-0144,IT,2026-04-01,meal,Restaurant B,PRJ-0034,Cash,True,True,4,14513,JPY,1.0,0.1,0.0,SRC-00043011
EXP-043012,EMP-0157,Engineering,2026-05-02,travel,Railway Services,PRJ-0037,CorporateCard,False,True,1,15644,USD,150.0,0.1,0.0,SRC-00043012
EXP-043013,EMP-0170,Sales,2026-06-03,other,Printing Co,PRJ-0040,BankTransfer,True,True,4,18067,EUR,162.0,0.08,0.0,SRC-00043013
EXP-043014,EMP-0183,Legal,2026-07-04,accommodation,Hotel Group C,PRJ-0043,EmployeeReimbursement,True,True,1,10414,JPY,1.0,0.1,0.0,SRC-00043014
EXP-043015,EMP-0196,Operations,2026-08-05,meal,Restaurant A,PRJ-0046,Cash,True,True,4,845,USD,150.0,0.1,0.05,SRC-00043015
EXP-043016,EMP-0209,Finance,2026-09-06,travel,JAL,PRJ-0049,CorporateCard,False,True,1,16192,EUR,162.0,0.1,0.0,SRC-00043016
EXP-043017,EMP-0222,Procurement,2026-10-07,other,Software Store,PRJ-0052,BankTransfer,True,True,3,303,JPY,1.0,0.08,0.0,SRC-00043017
EXP-043018,EMP-0235,HR,2026-11-08,accommodation,Hotel Group C,PRJ-0055,EmployeeReimbursement,True,True,2,10818,USD,150.0,0.1,0.0,SRC-00043018
EXP-043019,EMP-0248,IT,2026-12-09,meal,Catering Co,PRJ-0058,Cash,True,True,4,1177,EUR,162.0,0.1,0.0,SRC-00043019
EXP-043020,EMP-0011,Engineering,2026-01-10,travel,JR East,PRJ-0061,CorporateCard,False,True,1,16740,JPY,1.0,0.1,0.0,SRC-00043020
EXP-043021,EMP-0024,Sales,2026-02-11,other,Courier Service,PRJ-0064,BankTransfer,True,True,2,539,USD,150.0,0.08,0.0,SRC-00043021
EXP-043022,EMP-0037,Legal,2026-03-12,accommodation,Hotel Group C,PRJ-0067,EmployeeReimbursement,True,True,3,11222,EUR,162.0,0.1,0.05,SRC-00043022
EXP-043023,EMP-0050,Operations,2026-04-13,meal,Business Dining,PRJ-0070,Cash,True,True,4,1509,JPY,1.0,0.1,0.0,SRC-00043023
EXP-043024,EMP-0063,Finance,2026-05-14,travel,Railway Services,PRJ-0073,CorporateCard,False,True,1,17288,USD,150.0,0.1,0.0,SRC-00043024
EXP-043025,EMP-0076,Procurement,2026-06-15,other,Office Supply Co,PRJ-0076,BankTransfer,True,True,1,775,EUR,162.0,0.08,0.0,SRC-00043025
EXP-043026,EMP-0089,HR,2026-07-16,accommodation,Hotel Group C,PRJ-0079,EmployeeReimbursement,True,True,1,11626,JPY,1.0,0.1,0.0,SRC-00043026
EXP-043027,EMP-0102,IT,2026-08-17,meal,Cafe Central,PRJ-0082,Cash,True,True,4,1841,USD,150.0,0.1,0.0,SRC-00043027
EXP-043028,EMP-0115,Engineering,2026-09-18,travel,JAL,PRJ-0085,CorporateCard,False,True,1,17836,EUR,162.0,0.1,0.0,SRC-00043028
EXP-043029,EMP-0128,Sales,2026-10-19,other,Misc Services,PRJ-0088,BankTransfer,True,True,5,1011,JPY,1.0,0.08,0.05,SRC-00043029
EXP-043030,EMP-0141,Legal,2026-11-20,accommodation,Hotel Group C,PRJ-0091,EmployeeReimbursement,True,True,2,12030,USD,150.0,0.1,0.0,SRC-00043030
EXP-043031,EMP-0154,Operations,2026-12-21,meal,Restaurant B,PRJ-0094,Cash,True,True,4,2173,EUR,162.0,0.1,0.0,SRC-00043031
EXP-043032,EMP-0167,Finance,2026-01-22,travel,JR East,PRJ-0097,CorporateCard,False,True,1,18384,JPY,1.0,0.1,0.0,SRC-00043032
EXP-043033,EMP-0180,Procurement,2026-02-23,other,Printing Co,PRJ-0100,BankTransfer,True,True,4,1247,USD,150.0,0.08,0.0,SRC-00043033
EXP-043034,EMP-0193,HR,2026-03-24,accommodation,Hotel Group C,PRJ-0103,EmployeeReimbursement,True,True,3,12434,EUR,162.0,0.1,0.0,SRC-00043034
EXP-043035,EMP-0206,IT,2026-04-25,meal,Restaurant A,PRJ-0106,Cash,True,True,4,2505,JPY,1.0,0.1,0.0,SRC-00043035
EXP-043036,EMP-0219,Engineering,2026-05-26,travel,Railway Services,PRJ-0109,CorporateCard,False,True,1,18932,USD,150.0,0.1,0.05,SRC-00043036
EXP-043037,EMP-0232,Sales,2026-06-27,other,Software Store,PRJ-0112,BankTransfer,True,True,3,1483,EUR,162.0,0.08,0.0,SRC-00043037
EXP-043038,EMP-0245,Legal,2026-07-01,accommodation,Hotel Group C,PRJ-0115,EmployeeReimbursement,True,True,1,12838,JPY,1.0,0.1,0.0,SRC-00043038
EXP-043039,EMP-0008,Operations,2026-08-02,meal,Catering Co,PRJ-0118,Cash,True,True,4,2837,USD,150.0,0.1,0.0,SRC-00043039
EXP-043040,EMP-0021,Finance,2026-09-03,travel,JAL,PRJ-0001,CorporateCard,False,True,1,19480,EUR,162.0,0.1,0.0,SRC-00043040
EXP-043041,EMP-0034,Procurement,2026-10-04,other,Courier Service,PRJ-0004,BankTransfer,True,True,2,1719,JPY,1.0,0.08,0.0,SRC-00043041
EXP-043042,EMP-0047,HR,2026-11-05,accommodation,Hotel Group C,PRJ-0007,EmployeeReimbursement,True,True,2,13242,USD,150.0,0.1,0.0,SRC-00043042
EXP-043043,EMP-0060,IT,2026-12-06,meal,Business Dining,PRJ-0010,Cash,True,True,4,3169,EUR,162.0,0.1,0.05,SRC-00043043
EXP-043044,EMP-0073,Engineering,2026-01-07,travel,JR East,PRJ-0013,CorporateCard,False,True,1,20028,JPY,1.0,0.1,0.0,SRC-00043044
EXP-043045,EMP-0086,Sales,2026-02-08,other,Office Supply Co,PRJ-0016,BankTransfer,True,True,1,1955,USD,150.0,0.08,0.0,SRC-00043045
EXP-043046,EMP-0099,Legal,2026-03-09,accommodation,Hotel Group C,PRJ-0019,EmployeeReimbursement,True,True,3,13646,EUR,162.0,0.1,0.0,SRC-00043046
EXP-043047,EMP-0112,Operations,2026-04-10,meal,Cafe Central,PRJ-0022,Cash,True,True,4,3501,JPY,1.0,0.1,0.0,SRC-00043047
EXP-043048,EMP-0125,Finance,2026-05-11,travel,Railway Services,PRJ-0025,CorporateCard,False,True,1,20576,USD,150.0,0.1,0.0,SRC-00043048
EXP-043049,EMP-0138,Procurement,2026-06-12,other,Misc Services,PRJ-0028,BankTransfer,True,True,5,2191,EUR,162.0,0.08,0.0,SRC-00043049
EXP-043050,EMP-0151,HR,2026-07-13,accommodation,Hotel Group C,PRJ-0031,EmployeeReimbursement,True,True,1,14050,JPY,1.0,0.1,0.05,SRC-00043050
EXP-043051,EMP-0164,IT,2026-08-14,meal,Restaurant B,PRJ-0034,Cash,True,True,4,3833,USD,150.0,0.1,0.0,SRC-00043051
EXP-043052,EMP-0177,Engineering,2026-09-15,travel,JAL,PRJ-0037,CorporateCard,False,True,1,21124,EUR,162.0,0.1,0.0,SRC-00043052
EXP-043053,EMP-0190,Sales,2026-10-16,other,Printing Co,PRJ-0040,BankTransfer,True,True,4,2427,JPY,1.0,0.08,0.0,SRC-00043053
EXP-043054,EMP-0203,Legal,2026-11-17,accommodation,Hotel Group C,PRJ-0043,EmployeeReimbursement,True,True,2,14454,USD,150.0,0.1,0.0,SRC-00043054
EXP-043055,EMP-0216,Operations,2026-12-18,meal,Restaurant A,PRJ-0046,Cash,True,True,4,4165,EUR,162.0,0.1,0.0,SRC-00043055
EXP-043056,EMP-0229,Finance,2026-01-19,travel,JR East,PRJ-0049,CorporateCard,False,True,1,21672,JPY,1.0,0.1,0.0,SRC-00043056
EXP-043057,EMP-0242,Procurement,2026-02-20,other,Software Store,PRJ-0052,BankTransfer,True,True,3,2663,USD,150.0,0.08,0.05,SRC-00043057
EXP-043058,EMP-0005,HR,2026-03-21,accommodation,Hotel Group C,PRJ-0055,EmployeeReimbursement,True,True,3,14858,EUR,162.0,0.1,0.0,SRC-00043058
EXP-043059,EMP-0018,IT,2026-04-22,meal,Catering Co,PRJ-0058,Cash,True,True,4,4497,JPY,1.0,0.1,0.0,SRC-00043059
EXP-043060,EMP-0031,Engineering,2026-05-23,travel,Railway Services,PRJ-0061,CorporateCard,False,True,1,22220,USD,150.0,0.1,0.0,SRC-00043060
EXP-043061,EMP-0044,Sales,2026-06-24,other,Courier Service,PRJ-0064,BankTransfer,True,True,2,2899,EUR,162.0,0.08,0.0,SRC-00043061
EXP-043062,EMP-0057,Legal,2026-07-25,accommodation,Hotel Group C,PRJ-0067,EmployeeReimbursement,True,True,1,15262,JPY,1.0,0.1,0.0,SRC-00043062
EXP-043063,EMP-0070,Operations,2026-08-26,meal,Business Dining,PRJ-0070,Cash,True,True,4,4829,USD,150.0,0.1,0.0,SRC-00043063
EXP-043064,EMP-0083,Finance,2026-09-27,travel,JAL,PRJ-0073,CorporateCard,False,True,1,22768,EUR,162.0,0.1,0.05,SRC-00043064
EXP-043065,EMP-0096,Procurement,2026-10-01,other,Office Supply Co,PRJ-0076,BankTransfer,True,True,1,3135,JPY,1.0,0.08,0.0,SRC-00043065
EXP-043066,EMP-0109,HR,2026-11-02,accommodation,Hotel Group C,PRJ-0079,EmployeeReimbursement,True,True,2,15666,USD,150.0,0.1,0.0,SRC-00043066
EXP-043067,EMP-0122,IT,2026-12-03,meal,Cafe Central,PRJ-0082,Cash,True,True,4,5161,EUR,162.0,0.1,0.0,SRC-00043067
EXP-043068,EMP-0135,Engineering,2026-01-04,travel,JR East,PRJ-0085,CorporateCard,False,True,1,23316,JPY,1.0,0.1,0.0,SRC-00043068
EXP-043069,EMP-0148,Sales,2026-02-05,other,Misc Services,PRJ-0088,BankTransfer,True,True,5,3371,USD,150.0,0.08,0.0,SRC-00043069
EXP-043070,EMP-0161,Legal,2026-03-06,accommodation,Hotel Group C,PRJ-0091,EmployeeReimbursement,True,True,3,16070,EUR,162.0,0.1,0.0,SRC-00043070
EXP-043071,EMP-0174,Operations,2026-04-07,meal,Restaurant B,PRJ-0094,Cash,True,True,4,5493,JPY,1.0,0.1,0.05,SRC-00043071
EXP-043072,EMP-0187,Finance,2026-05-08,travel,Railway Services,PRJ-0097,CorporateCard,False,True,1,23864,USD,150.0,0.1,0.0,SRC-00043072
EXP-043073,EMP-0200,Procurement,2026-06-09,other,Printing Co,PRJ-0100,BankTransfer,True,True,4,3607,EUR,162.0,0.08,0.0,SRC-00043073
EXP-043074,EMP-0213,HR,2026-07-10,accommodation,Hotel Group C,PRJ-0103,EmployeeReimbursement,True,True,1,16474,JPY,1.0,0.1,0.0,SRC-00043074
EXP-043075,EMP-0226,IT,2026-08-11,meal,Restaurant A,PRJ-0106,Cash,True,True,4,5825,USD,150.0,0.1,0.0,SRC-00043075
EXP-043076,EMP-0239,Engineering,2026-09-12,travel,JAL,PRJ-0109,CorporateCard,False,True,1,24412,EUR,162.0,0.1,0.0,SRC-00043076
EXP-043077,EMP-0002,Sales,2026-10-13,other,Software Store,PRJ-0112,BankTransfer,True,True,3,3843,JPY,1.0,0.08,0.0,SRC-00043077
EXP-043078,EMP-0015,Legal,2026-11-14,accommodation,Hotel Group C,PRJ-0115,EmployeeReimbursement,True,True,2,16878,USD,150.0,0.1,0.05,SRC-00043078
EXP-043079,EMP-0028,Operations,2026-12-15,meal,Catering Co,PRJ-0118,Cash,True,True,4,6157,EUR,162.0,0.1,0.0,SRC-00043079
EXP-043080,EMP-0041,Finance,2026-01-16,travel,JR East,PRJ-0001,CorporateCard,False,True,1,24960,JPY,1.0,0.1,0.0,SRC-00043080
EXP-043081,EMP-0054,Procurement,2026-02-17,other,Courier Service,PRJ-0004,BankTransfer,True,True,2,4079,USD,150.0,0.08,0.0,SRC-00043081
EXP-043082,EMP-0067,HR,2026-03-18,accommodation,Hotel Group C,PRJ-0007,EmployeeReimbursement,True,True,3,17282,EUR,162.0,0.1,0.0,SRC-00043082
EXP-043083,EMP-0080,IT,2026-04-19,meal,Business Dining,PRJ-0010,Cash,True,True,4,6489,JPY,1.0,0.1,0.0,SRC-00043083
EXP-043084,EMP-0093,Engineering,2026-05-20,travel,Railway Services,PRJ-0013,CorporateCard,False,True,1,25508,USD,150.0,0.1,0.0,SRC-00043084
EXP-043085,EMP-0106,Sales,2026-06-21,other,Office Supply Co,PRJ-0016,BankTransfer,True,True,1,4315,EUR,162.0,0.08,0.05,SRC-00043085
EXP-043086,EMP-0119,Legal,2026-07-22,accommodation,Hotel Group C,PRJ-0019,EmployeeReimbursement,True,True,1,17686,JPY,1.0,0.1,0.0,SRC-00043086
EXP-043087,EMP-0132,Operations,2026-08-23,meal,Cafe Central,PRJ-0022,Cash,True,True,4,6821,USD,150.0,0.1,0.0,SRC-00043087
EXP-043088,EMP-0145,Finance,2026-09-24,travel,JAL,PRJ-0025,CorporateCard,False,True,1,26056,EUR,162.0,0.1,0.0,SRC-00043088
EXP-043089,EMP-0158,Procurement,2026-10-25,other,Misc Services,PRJ-0028,BankTransfer,True,True,5,4551,JPY,1.0,0.08,0.0,SRC-00043089
EXP-043090,EMP-0171,HR,2026-11-26,accommodation,Hotel Group C,PRJ-0031,EmployeeReimbursement,True,True,2,18090,USD,150.0,0.1,0.0,SRC-00043090
EXP-043091,EMP-0184,IT,2026-12-27,meal,Restaurant B,PRJ-0034,Cash,True,True,4,7153,EUR,162.0,0.1,0.0,SRC-00043091
EXP-043092,EMP-0197,Engineering,2026-01-01,travel,JR East,PRJ-0037,CorporateCard,False,True,1,26604,JPY,1.0,0.1,0.05,SRC-00043092
EXP-043093,EMP-0210,Sales,2026-02-02,other,Printing Co,PRJ-0040,BankTransfer,True,True,4,4787,USD,150.0,0.08,0.0,SRC-00043093
EXP-043094,EMP-0223,Legal,2026-03-03,accommodation,Hotel Group C,PRJ-0043,EmployeeReimbursement,True,True,3,18494,EUR,162.0,0.1,0.0,SRC-00043094
EXP-043095,EMP-0236,Operations,2026-04-04,meal,Restaurant A,PRJ-0046,Cash,True,True,4,7485,JPY,1.0,0.1,0.0,SRC-00043095
EXP-043096,EMP-0249,Finance,2026-05-05,travel,Railway Services,PRJ-0049,CorporateCard,False,True,1,27152,USD,150.0,0.1,0.0,SRC-00043096
EXP-043097,EMP-0012,Procurement,2026-06-06,other,Software Store,PRJ-0052,BankTransfer,True,True,3,5023,EUR,162.0,0.08,0.0,SRC-00043097
EXP-043098,EMP-0025,HR,2026-07-07,accommodation,Hotel Group C,PRJ-0055,EmployeeReimbursement,True,True,1,18898,JPY,1.0,0.1,0.0,SRC-00043098
EXP-043099,EMP-0038,IT,2026-08-08,meal,Catering Co,PRJ-0058,Cash,True,True,4,7817,USD,150.0,0.1,0.05,SRC-00043099
EXP-043100,EMP-0051,Engineering,2026-09-09,travel,JAL,PRJ-0061,CorporateCard,False,True,1,27700,EUR,162.0,0.1,0.0,SRC-00043100
EXP-043101,EMP-0064,Sales,2026-10-10,other,Courier Service,PRJ-0064,BankTransfer,True,True,2,5259,JPY,1.0,0.08,0.0,SRC-00043101
EXP-043102,EMP-0077,Legal,2026-11-11,accommodation,Hotel Group C,PRJ-0067,EmployeeReimbursement,True,True,2,19302,USD,150.0,0.1,0.0,SRC-00043102
EXP-043103,EMP-0090,Operations,2026-12-12,meal,Business Dining,PRJ-0070,Cash,True,True,4,8149,EUR,162.0,0.1,0.0,SRC-00043103
EXP-043104,EMP-0103,Finance,2026-01-13,travel,JR East,PRJ-0073,CorporateCard,False,True,1,28248,JPY,1.0,0.1,0.0,SRC-00043104
EXP-043105,EMP-0116,Procurement,2026-02-14,other,Office Supply Co,PRJ-0076,BankTransfer,True,True,1,5495,USD,150.0,0.08,0.0,SRC-00043105
EXP-043106,EMP-0129,HR,2026-03-15,accommodation,Hotel Group C,PRJ-0079,EmployeeReimbursement,True,True,3,19706,EUR,162.0,0.1,0.05,SRC-00043106
EXP-043107,EMP-0142,IT,2026-04-16,meal,Cafe Central,PRJ-0082,Cash,True,True,4,8481,JPY,1.0,0.1,0.0,SRC-00043107
EXP-043108,EMP-0155,Engineering,2026-05-17,travel,Railway Services,PRJ-0085,CorporateCard,False,True,1,28796,USD,150.0,0.1,0.0,SRC-00043108
EXP-043109,EMP-0168,Sales,2026-06-18,other,Misc Services,PRJ-0088,BankTransfer,True,True,5,5731,EUR,162.0,0.08,0.0,SRC-00043109
EXP-043110,EMP-0181,Legal,2026-07-19,accommodation,Hotel Group C,PRJ-0091,EmployeeReimbursement,True,True,1,20110,JPY,1.0,0.1,0.0,SRC-00043110
EXP-043111,EMP-0194,Operations,2026-08-20,meal,Restaurant B,PRJ-0094,Cash,True,True,4,8813,USD,150.0,0.1,0.0,SRC-00043111
EXP-043112,EMP-0207,Finance,2026-09-21,travel,JAL,PRJ-0097,CorporateCard,False,True,1,29344,EUR,162.0,0.1,0.0,SRC-00043112
EXP-043113,EMP-0220,Procurement,2026-10-22,other,Printing Co,PRJ-0100,BankTransfer,True,True,4,5967,JPY,1.0,0.08,0.05,SRC-00043113
EXP-043114,EMP-0233,HR,2026-11-23,accommodation,Hotel Group C,PRJ-0103,EmployeeReimbursement,True,True,2,20514,USD,150.0,0.1,0.0,SRC-00043114
EXP-043115,EMP-0246,IT,2026-12-24,meal,Restaurant A,PRJ-0106,Cash,True,True,4,9145,EUR,162.0,0.1,0.0,SRC-00043115
EXP-043116,EMP-0009,Engineering,2026-01-25,travel,JR East,PRJ-0109,CorporateCard,False,True,1,29892,JPY,1.0,0.1,0.0,SRC-00043116
EXP-043117,EMP-0022,Sales,2026-02-26,other,Software Store,PRJ-0112,BankTransfer,True,True,3,6203,USD,150.0,0.08,0.0,SRC-00043117
EXP-043118,EMP-0035,Legal,2026-03-27,accommodation,Hotel Group C,PRJ-0115,EmployeeReimbursement,True,True,3,20918,EUR,162.0,0.1,0.0,SRC-00043118
EXP-043119,EMP-0048,Operations,2026-04-01,meal,Catering Co,PRJ-0118,Cash,True,True,4,9477,JPY,1.0,0.1,0.0,SRC-00043119
EXP-043120,EMP-0061,Finance,2026-05-02,travel,Railway Services,PRJ-0001,CorporateCard,False,True,1,30440,USD,150.0,0.1,0.05,SRC-00043120
EXP-043121,EMP-0074,Procurement,2026-06-03,other,Courier Service,PRJ-0004,BankTransfer,True,True,2,6439,EUR,162.0,0.08,0.0,SRC-00043121
EXP-043122,EMP-0087,HR,2026-07-04,accommodation,Hotel Group C,PRJ-0007,EmployeeReimbursement,True,True,1,21322,JPY,1.0,0.1,0.0,SRC-00043122
EXP-043123,EMP-0100,IT,2026-08-05,meal,Business Dining,PRJ-0010,Cash,True,True,4,9809,USD,150.0,0.1,0.0,SRC-00043123
EXP-043124,EMP-0113,Engineering,2026-09-06,travel,JAL,PRJ-0013,CorporateCard,False,True,1,30988,EUR,162.0,0.1,0.0,SRC-00043124
EXP-043125,EMP-0126,Sales,2026-10-07,other,Office Supply Co,PRJ-0016,BankTransfer,True,True,1,6675,JPY,1.0,0.08,0.0,SRC-00043125
EXP-043126,EMP-0139,Legal,2026-11-08,accommodation,Hotel Group C,PRJ-0019,EmployeeReimbursement,True,True,2,21726,USD,150.0,0.1,0.0,SRC-00043126
EXP-043127,EMP-0152,Operations,2026-12-09,meal,Cafe Central,PRJ-0022,Cash,True,True,4,10141,EUR,162.0,0.1,0.05,SRC-00043127
EXP-043128,EMP-0165,Finance,2026-01-10,travel,JR East,PRJ-0025,CorporateCard,False,True,1,31536,JPY,1.0,0.1,0.0,SRC-00043128
EXP-043129,EMP-0178,Procurement,2026-02-11,other,Misc Services,PRJ-0028,BankTransfer,True,True,5,6911,USD,150.0,0.08,0.0,SRC-00043129
EXP-043130,EMP-0191,HR,2026-03-12,accommodation,Hotel Group C,PRJ-0031,EmployeeReimbursement,True,True,3,22130,EUR,162.0,0.1,0.0,SRC-00043130
EXP-043131,EMP-0204,IT,2026-04-13,meal,Restaurant B,PRJ-0034,Cash,True,True,4,10473,JPY,1.0,0.1,0.0,SRC-00043131
EXP-043132,EMP-0217,Engineering,2026-05-14,travel,Railway Services,PRJ-0037,CorporateCard,False,True,1,32084,USD,150.0,0.1,0.0,SRC-00043132
EXP-043133,EMP-0230,Sales,2026-06-15,other,Printing Co,PRJ-0040,BankTransfer,True,True,4,7147,EUR,162.0,0.08,0.0,SRC-00043133
EXP-043134,EMP-0243,Legal,2026-07-16,accommodation,Hotel Group C,PRJ-0043,EmployeeReimbursement,True,True,1,22534,JPY,1.0,0.1,0.05,SRC-00043134
EXP-043135,EMP-0006,Operations,2026-08-17,meal,Restaurant A,PRJ-0046,Cash,True,True,4,10805,USD,150.0,0.1,0.0,SRC-00043135
EXP-043136,EMP-0019,Finance,2026-09-18,travel,JAL,PRJ-0049,CorporateCard,False,True,1,32632,EUR,162.0,0.1,0.0,SRC-00043136
EXP-043137,EMP-0032,Procurement,2026-10-19,other,Software Store,PRJ-0052,BankTransfer,True,True,3,7383,JPY,1.0,0.08,0.0,SRC-00043137
EXP-043138,EMP-0045,HR,2026-11-20,accommodation,Hotel Group C,PRJ-0055,EmployeeReimbursement,True,True,2,22938,USD,150.0,0.1,0.0,SRC-00043138
EXP-043139,EMP-0058,IT,2026-12-21,meal,Catering Co,PRJ-0058,Cash,True,True,4,11137,EUR,162.0,0.1,0.0,SRC-00043139
EXP-043140,EMP-0071,Engineering,2026-01-22,travel,JR East,PRJ-0061,CorporateCard,False,True,1,33180,JPY,1.0,0.1,0.0,SRC-00043140
EXP-043141,EMP-0084,Sales,2026-02-23,other,Courier Service,PRJ-0064,BankTransfer,True,True,2,7619,USD,150.0,0.08,0.05,SRC-00043141
EXP-043142,EMP-0097,Legal,2026-03-24,accommodation,Hotel Group C,PRJ-0067,EmployeeReimbursement,True,True,3,23342,EUR,162.0,0.1,0.0,SRC-00043142
EXP-043143,EMP-0110,Operations,2026-04-25,meal,Business Dining,PRJ-0070,Cash,True,True,4,11469,JPY,1.0,0.1,0.0,SRC-00043143
EXP-043144,EMP-0123,Finance,2026-05-26,travel,Railway Services,PRJ-0073,CorporateCard,False,True,1,33728,USD,150.0,0.1,0.0,SRC-00043144
EXP-043145,EMP-0136,Procurement,2026-06-27,other,Office Supply Co,PRJ-0076,BankTransfer,True,True,1,7855,EUR,162.0,0.08,0.0,SRC-00043145
EXP-043146,EMP-0149,HR,2026-07-01,accommodation,Hotel Group C,PRJ-0079,EmployeeReimbursement,True,True,1,23746,JPY,1.0,0.1,0.0,SRC-00043146
EXP-043147,EMP-0162,IT,2026-08-02,meal,Cafe Central,PRJ-0082,Cash,True,True,4,11801,USD,150.0,0.1,0.0,SRC-00043147
EXP-043148,EMP-0175,Engineering,2026-09-03,travel,JAL,PRJ-0085,CorporateCard,False,True,1,34276,EUR,162.0,0.1,0.05,SRC-00043148
EXP-043149,EMP-0188,Sales,2026-10-04,other,Misc Services,PRJ-0088,BankTransfer,True,True,5,8091,JPY,1.0,0.08,0.0,SRC-00043149
EXP-043150,EMP-0201,Legal,2026-11-05,accommodation,Hotel Group C,PRJ-0091,EmployeeReimbursement,True,True,2,24150,USD,150.0,0.1,0.0,SRC-00043150
EXP-043151,EMP-0214,Operations,2026-12-06,meal,Restaurant B,PRJ-0094,Cash,True,True,4,12133,EUR,162.0,0.1,0.0,SRC-00043151
EXP-043152,EMP-0227,Finance,2026-01-07,travel,JR East,PRJ-0097,CorporateCard,False,True,1,34824,JPY,1.0,0.1,0.0,SRC-00043152
EXP-043153,EMP-0240,Procurement,2026-02-08,other,Printing Co,PRJ-0100,BankTransfer,True,True,4,8327,USD,150.0,0.08,0.0,SRC-00043153
EXP-043154,EMP-0003,HR,2026-03-09,accommodation,Hotel Group C,PRJ-0103,EmployeeReimbursement,True,True,3,24554,EUR,162.0,0.1,0.0,SRC-00043154
EXP-043155,EMP-0016,IT,2026-04-10,meal,Restaurant A,PRJ-0106,Cash,True,True,4,12465,JPY,1.0,0.1,0.05,SRC-00043155
EXP-043156,EMP-0029,Engineering,2026-05-11,travel,Railway Services,PRJ-0109,CorporateCard,False,True,1,35372,USD,150.0,0.1,0.0,SRC-00043156
EXP-043157,EMP-0042,Sales,2026-06-12,other,Software Store,PRJ-0112,BankTransfer,True,True,3,8563,EUR,162.0,0.08,0.0,SRC-00043157
EXP-043158,EMP-0055,Legal,2026-07-13,accommodation,Hotel Group C,PRJ-0115,EmployeeReimbursement,True,True,1,24958,JPY,1.0,0.1,0.0,SRC-00043158
EXP-043159,EMP-0068,Operations,2026-08-14,meal,Catering Co,PRJ-0118,Cash,True,True,4,12797,USD,150.0,0.1,0.0,SRC-00043159
EXP-043160,EMP-0081,Finance,2026-09-15,travel,JAL,PRJ-0001,CorporateCard,False,True,1,35920,EUR,162.0,0.1,0.0,SRC-00043160
EXP-043161,EMP-0094,Procurement,2026-10-16,other,Courier Service,PRJ-0004,BankTransfer,True,True,2,8799,JPY,1.0,0.08,0.0,SRC-00043161
EXP-043162,EMP-0107,HR,2026-11-17,accommodation,Hotel Group C,PRJ-0007,EmployeeReimbursement,True,True,2,25362,USD,150.0,0.1,0.05,SRC-00043162
EXP-043163,EMP-0120,IT,2026-12-18,meal,Business Dining,PRJ-0010,Cash,True,True,4,13129,EUR,162.0,0.1,0.0,SRC-00043163
EXP-043164,EMP-0133,Engineering,2026-01-19,travel,JR East,PRJ-0013,CorporateCard,False,True,1,36468,JPY,1.0,0.1,0.0,SRC-00043164
EXP-043165,EMP-0146,Sales,2026-02-20,other,Office Supply Co,PRJ-0016,BankTransfer,True,True,1,9035,USD,150.0,0.08,0.0,SRC-00043165
EXP-043166,EMP-0159,Legal,2026-03-21,accommodation,Hotel Group C,PRJ-0019,EmployeeReimbursement,True,True,3,25766,EUR,162.0,0.1,0.0,SRC-00043166
EXP-043167,EMP-0172,Operations,2026-04-22,meal,Cafe Central,PRJ-0022,Cash,True,True,4,13461,JPY,1.0,0.1,0.0,SRC-00043167
EXP-043168,EMP-0185,Finance,2026-05-23,travel,Railway Services,PRJ-0025,CorporateCard,False,True,1,37016,USD,150.0,0.1,0.0,SRC-00043168
EXP-043169,EMP-0198,Procurement,2026-06-24,other,Misc Services,PRJ-0028,BankTransfer,True,True,5,9271,EUR,162.0,0.08,0.05,SRC-00043169
EXP-043170,EMP-0211,HR,2026-07-25,accommodation,Hotel Group C,PRJ-0031,EmployeeReimbursement,True,True,1,26170,JPY,1.0,0.1,0.0,SRC-00043170
EXP-043171,EMP-0224,IT,2026-08-26,meal,Restaurant B,PRJ-0034,Cash,True,True,4,13793,USD,150.0,0.1,0.0,SRC-00043171
EXP-043172,EMP-0237,Engineering,2026-09-27,travel,JAL,PRJ-0037,CorporateCard,False,True,1,37564,EUR,162.0,0.1,0.0,SRC-00043172
EXP-043173,EMP-0250,Sales,2026-10-01,other,Printing Co,PRJ-0040,BankTransfer,True,True,4,9507,JPY,1.0,0.08,0.0,SRC-00043173
EXP-043174,EMP-0013,Legal,2026-11-02,accommodation,Hotel Group C,PRJ-0043,EmployeeReimbursement,True,True,2,26574,USD,150.0,0.1,0.0,SRC-00043174
EXP-043175,EMP-0026,Operations,2026-12-03,meal,Restaurant A,PRJ-0046,Cash,True,True,4,14125,EUR,162.0,0.1,0.0,SRC-00043175
EXP-043176,EMP-0039,Finance,2026-01-04,travel,JR East,PRJ-0049,CorporateCard,False,True,1,38112,JPY,1.0,0.1,0.05,SRC-00043176
EXP-043177,EMP-0052,Procurement,2026-02-05,other,Software Store,PRJ-0052,BankTransfer,True,True,3,9743,USD,150.0,0.08,0.0,SRC-00043177
EXP-043178,EMP-0065,HR,2026-03-06,accommodation,Hotel Group C,PRJ-0055,EmployeeReimbursement,True,True,3,26978,EUR,162.0,0.1,0.0,SRC-00043178
EXP-043179,EMP-0078,IT,2026-04-07,meal,Catering Co,PRJ-0058,Cash,True,True,4,14457,JPY,1.0,0.1,0.0,SRC-00043179
EXP-043180,EMP-0091,Engineering,2026-05-08,travel,Railway Services,PRJ-0061,CorporateCard,False,True,1,38660,USD,150.0,0.1,0.0,SRC-00043180
EXP-043181,EMP-0104,Sales,2026-06-09,other,Courier Service,PRJ-0064,BankTransfer,True,True,2,9979,EUR,162.0,0.08,0.0,SRC-00043181
EXP-043182,EMP-0117,Legal,2026-07-10,accommodation,Hotel Group C,PRJ-0067,EmployeeReimbursement,True,True,1,27382,JPY,1.0,0.1,0.0,SRC-00043182
EXP-043183,EMP-0130,Operations,2026-08-11,meal,Business Dining,PRJ-0070,Cash,True,True,4,789,USD,150.0,0.1,0.05,SRC-00043183
EXP-043184,EMP-0143,Finance,2026-09-12,travel,JAL,PRJ-0073,CorporateCard,False,True,1,39208,EUR,162.0,0.1,0.0,SRC-00043184
EXP-043185,EMP-0156,Procurement,2026-10-13,other,Office Supply Co,PRJ-0076,BankTransfer,True,True,1,10215,JPY,1.0,0.08,0.0,SRC-00043185
EXP-043186,EMP-0169,HR,2026-11-14,accommodation,Hotel Group C,PRJ-0079,EmployeeReimbursement,True,True,2,27786,USD,150.0,0.1,0.0,SRC-00043186
EXP-043187,EMP-0182,IT,2026-12-15,meal,Cafe Central,PRJ-0082,Cash,True,True,4,1121,EUR,162.0,0.1,0.0,SRC-00043187
EXP-043188,EMP-0195,Engineering,2026-01-16,travel,JR East,PRJ-0085,CorporateCard,False,True,1,39756,JPY,1.0,0.1,0.0,SRC-00043188
EXP-043189,EMP-0208,Sales,2026-02-17,other,Misc Services,PRJ-0088,BankTransfer,True,True,5,10451,USD,150.0,0.08,0.0,SRC-00043189
EXP-043190,EMP-0221,Legal,2026-03-18,accommodation,Hotel Group C,PRJ-0091,EmployeeReimbursement,True,True,3,28190,EUR,162.0,0.1,0.05,SRC-00043190
EXP-043191,EMP-0234,Operations,2026-04-19,meal,Restaurant B,PRJ-0094,Cash,True,True,4,1453,JPY,1.0,0.1,0.0,SRC-00043191
EXP-043192,EMP-0247,Finance,2026-05-20,travel,Railway Services,PRJ-0097,CorporateCard,False,True,1,40304,USD,150.0,0.1,0.0,SRC-00043192
EXP-043193,EMP-0010,Procurement,2026-06-21,other,Printing Co,PRJ-0100,BankTransfer,True,True,4,10687,EUR,162.0,0.08,0.0,SRC-00043193
EXP-043194,EMP-0023,HR,2026-07-22,accommodation,Hotel Group C,PRJ-0103,EmployeeReimbursement,True,True,1,28594,JPY,1.0,0.1,0.0,SRC-00043194
EXP-043195,EMP-0036,IT,2026-08-23,meal,Restaurant A,PRJ-0106,Cash,True,True,4,1785,USD,150.0,0.1,0.0,SRC-00043195
EXP-043196,EMP-0049,Engineering,2026-09-24,travel,JAL,PRJ-0109,CorporateCard,False,True,1,40852,EUR,162.0,0.1,0.0,SRC-00043196
EXP-043197,EMP-0062,Sales,2026-10-25,other,Software Store,PRJ-0112,BankTransfer,True,True,3,10923,JPY,1.0,0.08,0.05,SRC-00043197
EXP-043198,EMP-0075,Legal,2026-11-26,accommodation,Hotel Group C,PRJ-0115,EmployeeReimbursement,True,True,2,28998,USD,150.0,0.1,0.0,SRC-00043198
EXP-043199,EMP-0088,Operations,2026-12-27,meal,Catering Co,PRJ-0118,Cash,True,True,4,2117,EUR,162.0,0.1,0.0,SRC-00043199
EXP-043200,EMP-0101,Finance,2026-01-01,travel,JR East,PRJ-0001,CorporateCard,False,True,1,41400,JPY,1.0,0.1,0.0,SRC-00043200
EXP-043201,EMP-0114,Procurement,2026-02-02,other,Courier Service,PRJ-0004,BankTransfer,True,True,2,11159,USD,150.0,0.08,0.0,SRC-00043201
EXP-043202,EMP-0127,HR,2026-03-03,accommodation,Hotel Group C,PRJ-0007,EmployeeReimbursement,True,True,3,29402,EUR,162.0,0.1,0.0,SRC-00043202
EXP-043203,EMP-0140,IT,2026-04-04,meal,Business Dining,PRJ-0010,Cash,True,True,4,2449,JPY,1.0,0.1,0.0,SRC-00043203
EXP-043204,EMP-0153,Engineering,2026-05-05,travel,Railway Services,PRJ-0013,CorporateCard,False,True,1,41948,USD,150.0,0.1,0.05,SRC-00043204
EXP-043205,EMP-0166,Sales,2026-06-06,other,Office Supply Co,PRJ-0016,BankTransfer,True,True,1,11395,EUR,162.0,0.08,0.0,SRC-00043205
EXP-043206,EMP-0179,Legal,2026-07-07,accommodation,Hotel Group C,PRJ-0019,EmployeeReimbursement,True,True,1,29806,JPY,1.0,0.1,0.0,SRC-00043206
EXP-043207,EMP-0192,Operations,2026-08-08,meal,Cafe Central,PRJ-0022,Cash,True,True,4,2781,USD,150.0,0.1,0.0,SRC-00043207
EXP-043208,EMP-0205,Finance,2026-09-09,travel,JAL,PRJ-0025,CorporateCard,False,True,1,42496,EUR,162.0,0.1,0.0,SRC-00043208
EXP-043209,EMP-0218,Procurement,2026-10-10,other,Misc Services,PRJ-0028,BankTransfer,True,True,5,11631,JPY,1.0,0.08,0.0,SRC-00043209
EXP-043210,EMP-0231,HR,2026-11-11,accommodation,Hotel Group C,PRJ-0031,EmployeeReimbursement,True,True,2,30210,USD,150.0,0.1,0.0,SRC-00043210
EXP-043211,EMP-0244,IT,2026-12-12,meal,Restaurant B,PRJ-0034,Cash,True,True,4,3113,EUR,162.0,0.1,0.05,SRC-00043211
EXP-043212,EMP-0007,Engineering,2026-01-13,travel,JR East,PRJ-0037,CorporateCard,False,True,1,43044,JPY,1.0,0.1,0.0,SRC-00043212
EXP-043213,EMP-0020,Sales,2026-02-14,other,Printing Co,PRJ-0040,BankTransfer,True,True,4,11867,USD,150.0,0.08,0.0,SRC-00043213
EXP-043214,EMP-0033,Legal,2026-03-15,accommodation,Hotel Group C,PRJ-0043,EmployeeReimbursement,True,True,3,30614,EUR,162.0,0.1,0.0,SRC-00043214
EXP-043215,EMP-0046,Operations,2026-04-16,meal,Restaurant A,PRJ-0046,Cash,True,True,4,3445,JPY,1.0,0.1,0.0,SRC-00043215
EXP-043216,EMP-0059,Finance,2026-05-17,travel,Railway Services,PRJ-0049,CorporateCard,False,True,1,43592,USD,150.0,0.1,0.0,SRC-00043216
EXP-043217,EMP-0072,Procurement,2026-06-18,other,Software Store,PRJ-0052,BankTransfer,True,True,3,12103,EUR,162.0,0.08,0.0,SRC-00043217
EXP-043218,EMP-0085,HR,2026-07-19,accommodation,Hotel Group C,PRJ-0055,EmployeeReimbursement,True,True,1,31018,JPY,1.0,0.1,0.05,SRC-00043218
EXP-043219,EMP-0098,IT,2026-08-20,meal,Catering Co,PRJ-0058,Cash,True,True,4,3777,USD,150.0,0.1,0.0,SRC-00043219
EXP-043220,EMP-0111,Engineering,2026-09-21,travel,JAL,PRJ-0061,CorporateCard,False,True,1,44140,EUR,162.0,0.1,0.0,SRC-00043220
EXP-043221,EMP-0124,Sales,2026-10-22,other,Courier Service,PRJ-0064,BankTransfer,True,True,2,12339,JPY,1.0,0.08,0.0,SRC-00043221
EXP-043222,EMP-0137,Legal,2026-11-23,accommodation,Hotel Group C,PRJ-0067,EmployeeReimbursement,True,True,2,31422,USD,150.0,0.1,0.0,SRC-00043222
EXP-043223,EMP-0150,Operations,2026-12-24,meal,Business Dining,PRJ-0070,Cash,True,True,4,4109,EUR,162.0,0.1,0.0,SRC-00043223
EXP-043224,EMP-0163,Finance,2026-01-25,travel,JR East,PRJ-0073,CorporateCard,False,True,1,44688,JPY,1.0,0.1,0.0,SRC-00043224
EXP-043225,EMP-0176,Procurement,2026-02-26,other,Office Supply Co,PRJ-0076,BankTransfer,True,True,1,12575,USD,150.0,0.08,0.05,SRC-00043225
EXP-043226,EMP-0189,HR,2026-03-27,accommodation,Hotel Group C,PRJ-0079,EmployeeReimbursement,True,True,3,31826,EUR,162.0,0.1,0.0,SRC-00043226
EXP-043227,EMP-0202,IT,2026-04-01,meal,Cafe Central,PRJ-0082,Cash,True,True,4,4441,JPY,1.0,0.1,0.0,SRC-00043227
EXP-043228,EMP-0215,Engineering,2026-05-02,travel,Railway Services,PRJ-0085,CorporateCard,False,True,1,45236,USD,150.0,0.1,0.0,SRC-00043228
EXP-043229,EMP-0228,Sales,2026-06-03,other,Misc Services,PRJ-0088,BankTransfer,True,True,5,12811,EUR,162.0,0.08,0.0,SRC-00043229
EXP-043230,EMP-0241,Legal,2026-07-04,accommodation,Hotel Group C,PRJ-0091,EmployeeReimbursement,True,True,1,32230,JPY,1.0,0.1,0.0,SRC-00043230
EXP-043231,EMP-0004,Operations,2026-08-05,meal,Restaurant B,PRJ-0094,Cash,True,True,4,4773,USD,150.0,0.1,0.0,SRC-00043231
EXP-043232,EMP-0017,Finance,2026-09-06,travel,JAL,PRJ-0097,CorporateCard,False,True,1,45784,EUR,162.0,0.1,0.05,SRC-00043232
EXP-043233,EMP-0030,Procurement,2026-10-07,other,Printing Co,PRJ-0100,BankTransfer,True,True,4,13047,JPY,1.0,0.08,0.0,SRC-00043233
EXP-043234,EMP-0043,HR,2026-11-08,accommodation,Hotel Group C,PRJ-0103,EmployeeReimbursement,True,True,2,32634,USD,150.0,0.1,0.0,SRC-00043234
EXP-043235,EMP-0056,IT,2026-12-09,meal,Restaurant A,PRJ-0106,Cash,True,True,4,5105,EUR,162.0,0.1,0.0,SRC-00043235
EXP-043236,EMP-0069,Engineering,2026-01-10,travel,JR East,PRJ-0109,CorporateCard,False,True,1,46332,JPY,1.0,0.1,0.0,SRC-00043236
EXP-043237,EMP-0082,Sales,2026-02-11,other,Software Store,PRJ-0112,BankTransfer,True,True,3,13283,USD,150.0,0.08,0.0,SRC-00043237
EXP-043238,EMP-0095,Legal,2026-03-12,accommodation,Hotel Group C,PRJ-0115,EmployeeReimbursement,True,True,3,33038,EUR,162.0,0.1,0.0,SRC-00043238
EXP-043239,EMP-0108,Operations,2026-04-13,meal,Catering Co,PRJ-0118,Cash,True,True,4,5437,JPY,1.0,0.1,0.05,SRC-00043239
EXP-043240,EMP-0121,Finance,2026-05-14,travel,Railway Services,PRJ-0001,CorporateCard,False,True,1,46880,USD,150.0,0.1,0.0,SRC-00043240
EXP-043241,EMP-0134,Procurement,2026-06-15,other,Courier Service,PRJ-0004,BankTransfer,True,True,2,13519,EUR,162.0,0.08,0.0,SRC-00043241
EXP-043242,EMP-0147,HR,2026-07-16,accommodation,Hotel Group C,PRJ-0007,EmployeeReimbursement,True,True,1,33442,JPY,1.0,0.1,0.0,SRC-00043242
EXP-043243,EMP-0160,IT,2026-08-17,meal,Business Dining,PRJ-0010,Cash,True,True,4,5769,USD,150.0,0.1,0.0,SRC-00043243
EXP-043244,EMP-0173,Engineering,2026-09-18,travel,JAL,PRJ-0013,CorporateCard,False,True,1,47428,EUR,162.0,0.1,0.0,SRC-00043244
EXP-043245,EMP-0186,Sales,2026-10-19,other,Office Supply Co,PRJ-0016,BankTransfer,True,True,1,13755,JPY,1.0,0.08,0.0,SRC-00043245
EXP-043246,EMP-0199,Legal,2026-11-20,accommodation,Hotel Group C,PRJ-0019,EmployeeReimbursement,True,True,2,33846,USD,150.0,0.1,0.05,SRC-00043246
EXP-043247,EMP-0212,Operations,2026-12-21,meal,Cafe Central,PRJ-0022,Cash,True,True,4,6101,EUR,162.0,0.1,0.0,SRC-00043247
EXP-043248,EMP-0225,Finance,2026-01-22,travel,JR East,PRJ-0025,CorporateCard,False,True,1,47976,JPY,1.0,0.1,0.0,SRC-00043248
EXP-043249,EMP-0238,Procurement,2026-02-23,other,Misc Services,PRJ-0028,BankTransfer,True,True,5,13991,USD,150.0,0.08,0.0,SRC-00043249
EXP-043250,EMP-0001,HR,2026-03-24,accommodation,Hotel Group C,PRJ-0031,EmployeeReimbursement,True,True,3,6250,EUR,162.0,0.1,0.0,SRC-00043250
EXP-043251,EMP-0014,IT,2026-04-25,meal,Restaurant B,PRJ-0034,Cash,True,True,4,6433,JPY,1.0,0.1,0.0,SRC-00043251
EXP-043252,EMP-0027,Engineering,2026-05-26,travel,Railway Services,PRJ-0037,CorporateCard,False,True,1,48524,USD,150.0,0.1,0.0,SRC-00043252
EXP-043253,EMP-0040,Sales,2026-06-27,other,Printing Co,PRJ-0040,BankTransfer,True,True,4,14227,EUR,162.0,0.08,0.05,SRC-00043253
EXP-043254,EMP-0053,Legal,2026-07-01,accommodation,Hotel Group C,PRJ-0043,EmployeeReimbursement,True,True,1,6654,JPY,1.0,0.1,0.0,SRC-00043254
EXP-043255,EMP-0066,Operations,2026-08-02,meal,Restaurant A,PRJ-0046,Cash,True,True,4,6765,USD,150.0,0.1,0.0,SRC-00043255
EXP-043256,EMP-0079,Finance,2026-09-03,travel,JAL,PRJ-0049,CorporateCard,False,True,1,49072,EUR,162.0,0.1,0.0,SRC-00043256
EXP-043257,EMP-0092,Procurement,2026-10-04,other,Software Store,PRJ-0052,BankTransfer,True,True,3,14463,JPY,1.0,0.08,0.0,SRC-00043257
EXP-043258,EMP-0105,HR,2026-11-05,accommodation,Hotel Group C,PRJ-0055,EmployeeReimbursement,True,True,2,7058,USD,150.0,0.1,0.0,SRC-00043258
EXP-043259,EMP-0118,IT,2026-12-06,meal,Catering Co,PRJ-0058,Cash,True,True,4,7097,EUR,162.0,0.1,0.0,SRC-00043259
EXP-043260,EMP-0131,Engineering,2026-01-07,travel,JR East,PRJ-0061,CorporateCard,False,True,1,49620,JPY,1.0,0.1,0.05,SRC-00043260
EXP-043261,EMP-0144,Sales,2026-02-08,other,Courier Service,PRJ-0064,BankTransfer,True,True,2,14699,USD,150.0,0.08,0.0,SRC-00043261
EXP-043262,EMP-0157,Legal,2026-03-09,accommodation,Hotel Group C,PRJ-0067,EmployeeReimbursement,True,True,3,7462,EUR,162.0,0.1,0.0,SRC-00043262
EXP-043263,EMP-0170,Operations,2026-04-10,meal,Business Dining,PRJ-0070,Cash,True,True,4,7429,JPY,1.0,0.1,0.0,SRC-00043263
EXP-043264,EMP-0183,Finance,2026-05-11,travel,Railway Services,PRJ-0073,CorporateCard,False,True,1,50168,USD,150.0,0.1,0.0,SRC-00043264
EXP-043265,EMP-0196,Procurement,2026-06-12,other,Office Supply Co,PRJ-0076,BankTransfer,True,True,1,14935,EUR,162.0,0.08,0.0,SRC-00043265
EXP-043266,EMP-0209,HR,2026-07-13,accommodation,Hotel Group C,PRJ-0079,EmployeeReimbursement,True,True,1,7866,JPY,1.0,0.1,0.0,SRC-00043266
EXP-043267,EMP-0222,IT,2026-08-14,meal,Cafe Central,PRJ-0082,Cash,True,True,4,7761,USD,150.0,0.1,0.05,SRC-00043267
EXP-043268,EMP-0235,Engineering,2026-09-15,travel,JAL,PRJ-0085,CorporateCard,False,True,1,50716,EUR,162.0,0.1,0.0,SRC-00043268
EXP-043269,EMP-0248,Sales,2026-10-16,other,Misc Services,PRJ-0088,BankTransfer,True,True,5,15171,JPY,1.0,0.08,0.0,SRC-00043269
EXP-043270,EMP-0011,Legal,2026-11-17,accommodation,Hotel Group C,PRJ-0091,EmployeeReimbursement,True,True,2,8270,USD,150.0,0.1,0.0,SRC-00043270
EXP-043271,EMP-0024,Operations,2026-12-18,meal,Restaurant B,PRJ-0094,Cash,True,True,4,8093,EUR,162.0,0.1,0.0,SRC-00043271
EXP-043272,EMP-0037,Finance,2026-01-19,travel,JR East,PRJ-0097,CorporateCard,False,True,1,51264,JPY,1.0,0.1,0.0,SRC-00043272
EXP-043273,EMP-0050,Procurement,2026-02-20,other,Printing Co,PRJ-0100,BankTransfer,True,True,4,15407,USD,150.0,0.08,0.0,SRC-00043273
EXP-043274,EMP-0063,HR,2026-03-21,accommodation,Hotel Group C,PRJ-0103,EmployeeReimbursement,True,True,3,8674,EUR,162.0,0.1,0.05,SRC-00043274
EXP-043275,EMP-0076,IT,2026-04-22,meal,Restaurant A,PRJ-0106,Cash,True,True,4,8425,JPY,1.0,0.1,0.0,SRC-00043275
EXP-043276,EMP-0089,Engineering,2026-05-23,travel,Railway Services,PRJ-0109,CorporateCard,False,True,1,51812,USD,150.0,0.1,0.0,SRC-00043276
EXP-043277,EMP-0102,Sales,2026-06-24,other,Software Store,PRJ-0112,BankTransfer,True,True,3,15643,EUR,162.0,0.08,0.0,SRC-00043277
EXP-043278,EMP-0115,Legal,2026-07-25,accommodation,Hotel Group C,PRJ-0115,EmployeeReimbursement,True,True,1,9078,JPY,1.0,0.1,0.0,SRC-00043278
EXP-043279,EMP-0128,Operations,2026-08-26,meal,Catering Co,PRJ-0118,Cash,True,True,4,8757,USD,150.0,0.1,0.0,SRC-00043279
EXP-043280,EMP-0141,Finance,2026-09-27,travel,JAL,PRJ-0001,CorporateCard,False,True,1,52360,EUR,162.0,0.1,0.0,SRC-00043280
EXP-043281,EMP-0154,Procurement,2026-10-01,other,Courier Service,PRJ-0004,BankTransfer,True,True,2,15879,JPY,1.0,0.08,0.05,SRC-00043281
EXP-043282,EMP-0167,HR,2026-11-02,accommodation,Hotel Group C,PRJ-0007,EmployeeReimbursement,True,True,2,9482,USD,150.0,0.1,0.0,SRC-00043282
EXP-043283,EMP-0180,IT,2026-12-03,meal,Business Dining,PRJ-0010,Cash,True,True,4,9089,EUR,162.0,0.1,0.0,SRC-00043283
EXP-043284,EMP-0193,Engineering,2026-01-04,travel,JR East,PRJ-0013,CorporateCard,False,True,1,52908,JPY,1.0,0.1,0.0,SRC-00043284
EXP-043285,EMP-0206,Sales,2026-02-05,other,Office Supply Co,PRJ-0016,BankTransfer,True,True,1,16115,USD,150.0,0.08,0.0,SRC-00043285
EXP-043286,EMP-0219,Legal,2026-03-06,accommodation,Hotel Group C,PRJ-0019,EmployeeReimbursement,True,True,3,9886,EUR,162.0,0.1,0.0,SRC-00043286
EXP-043287,EMP-0232,Operations,2026-04-07,meal,Cafe Central,PRJ-0022,Cash,True,True,4,9421,JPY,1.0,0.1,0.0,SRC-00043287
EXP-043288,EMP-0245,Finance,2026-05-08,travel,Railway Services,PRJ-0025,CorporateCard,False,True,1,53456,USD,150.0,0.1,0.05,SRC-00043288
EXP-043289,EMP-0008,Procurement,2026-06-09,other,Misc Services,PRJ-0028,BankTransfer,True,True,5,16351,EUR,162.0,0.08,0.0,SRC-00043289
EXP-043290,EMP-0021,HR,2026-07-10,accommodation,Hotel Group C,PRJ-0031,EmployeeReimbursement,True,True,1,10290,JPY,1.0,0.1,0.0,SRC-00043290
EXP-043291,EMP-0034,IT,2026-08-11,meal,Restaurant B,PRJ-0034,Cash,True,True,4,9753,USD,150.0,0.1,0.0,SRC-00043291
EXP-043292,EMP-0047,Engineering,2026-09-12,travel,JAL,PRJ-0037,CorporateCard,False,True,1,54004,EUR,162.0,0.1,0.0,SRC-00043292
EXP-043293,EMP-0060,Sales,2026-10-13,other,Printing Co,PRJ-0040,BankTransfer,True,True,4,16587,JPY,1.0,0.08,0.0,SRC-00043293
EXP-043294,EMP-0073,Legal,2026-11-14,accommodation,Hotel Group C,PRJ-0043,EmployeeReimbursement,True,True,2,10694,USD,150.0,0.1,0.0,SRC-00043294
EXP-043295,EMP-0086,Operations,2026-12-15,meal,Restaurant A,PRJ-0046,Cash,True,True,4,10085,EUR,162.0,0.1,0.05,SRC-00043295
EXP-043296,EMP-0099,Finance,2026-01-16,travel,JR East,PRJ-0049,CorporateCard,False,True,1,54552,JPY,1.0,0.1,0.0,SRC-00043296
EXP-043297,EMP-0112,Procurement,2026-02-17,other,Software Store,PRJ-0052,BankTransfer,True,True,3,16823,USD,150.0,0.08,0.0,SRC-00043297
EXP-043298,EMP-0125,HR,2026-03-18,accommodation,Hotel Group C,PRJ-0055,EmployeeReimbursement,True,True,3,11098,EUR,162.0,0.1,0.0,SRC-00043298
EXP-043299,EMP-0138,IT,2026-04-19,meal,Catering Co,PRJ-0058,Cash,True,True,4,10417,JPY,1.0,0.1,0.0,SRC-00043299
EXP-043300,EMP-0151,Engineering,2026-05-20,travel,Railway Services,PRJ-0061,CorporateCard,False,True,1,55100,USD,150.0,0.1,0.0,SRC-00043300
EXP-043301,EMP-0164,Sales,2026-06-21,other,Courier Service,PRJ-0064,BankTransfer,True,True,2,17059,EUR,162.0,0.08,0.0,SRC-00043301
EXP-043302,EMP-0177,Legal,2026-07-22,accommodation,Hotel Group C,PRJ-0067,EmployeeReimbursement,True,True,1,11502,JPY,1.0,0.1,0.05,SRC-00043302
EXP-043303,EMP-0190,Operations,2026-08-23,meal,Business Dining,PRJ-0070,Cash,True,True,4,10749,USD,150.0,0.1,0.0,SRC-00043303
EXP-043304,EMP-0203,Finance,2026-09-24,travel,JAL,PRJ-0073,CorporateCard,False,True,1,55648,EUR,162.0,0.1,0.0,SRC-00043304
EXP-043305,EMP-0216,Procurement,2026-10-25,other,Office Supply Co,PRJ-0076,BankTransfer,True,True,1,17295,JPY,1.0,0.08,0.0,SRC-00043305
EXP-043306,EMP-0229,HR,2026-11-26,accommodation,Hotel Group C,PRJ-0079,EmployeeReimbursement,True,True,2,11906,USD,150.0,0.1,0.0,SRC-00043306
EXP-043307,EMP-0242,IT,2026-12-27,meal,Cafe Central,PRJ-0082,Cash,True,True,4,11081,EUR,162.0,0.1,0.0,SRC-00043307
EXP-043308,EMP-0005,Engineering,2026-01-01,travel,JR East,PRJ-0085,CorporateCard,False,True,1,56196,JPY,1.0,0.1,0.0,SRC-00043308
EXP-043309,EMP-0018,Sales,2026-02-02,other,Misc Services,PRJ-0088,BankTransfer,True,True,5,17531,USD,150.0,0.08,0.05,SRC-00043309
EXP-043310,EMP-0031,Legal,2026-03-03,accommodation,Hotel Group C,PRJ-0091,EmployeeReimbursement,True,True,3,12310,EUR,162.0,0.1,0.0,SRC-00043310
EXP-043311,EMP-0044,Operations,2026-04-04,meal,Restaurant B,PRJ-0094,Cash,True,True,4,11413,JPY,1.0,0.1,0.0,SRC-00043311
EXP-043312,EMP-0057,Finance,2026-05-05,travel,Railway Services,PRJ-0097,CorporateCard,False,True,1,56744,USD,150.0,0.1,0.0,SRC-00043312
EXP-043313,EMP-0070,Procurement,2026-06-06,other,Printing Co,PRJ-0100,BankTransfer,True,True,4,17767,EUR,162.0,0.08,0.0,SRC-00043313
EXP-043314,EMP-0083,HR,2026-07-07,accommodation,Hotel Group C,PRJ-0103,EmployeeReimbursement,True,True,1,12714,JPY,1.0,0.1,0.0,SRC-00043314
EXP-043315,EMP-0096,IT,2026-08-08,meal,Restaurant A,PRJ-0106,Cash,True,True,4,11745,USD,150.0,0.1,0.0,SRC-00043315
EXP-043316,EMP-0109,Engineering,2026-09-09,travel,JAL,PRJ-0109,CorporateCard,False,True,1,57292,EUR,162.0,0.1,0.05,SRC-00043316
EXP-043317,EMP-0122,Sales,2026-10-10,other,Software Store,PRJ-0112,BankTransfer,True,True,3,18003,JPY,1.0,0.08,0.0,SRC-00043317
EXP-043318,EMP-0135,Legal,2026-11-11,accommodation,Hotel Group C,PRJ-0115,EmployeeReimbursement,True,True,2,13118,USD,150.0,0.1,0.0,SRC-00043318
EXP-043319,EMP-0148,Operations,2026-12-12,meal,Catering Co,PRJ-0118,Cash,True,True,4,12077,EUR,162.0,0.1,0.0,SRC-00043319
EXP-043320,EMP-0161,Finance,2026-01-13,travel,JR East,PRJ-0001,CorporateCard,False,True,1,57840,JPY,1.0,0.1,0.0,SRC-00043320
EXP-043321,EMP-0174,Procurement,2026-02-14,other,Courier Service,PRJ-0004,BankTransfer,True,True,2,18239,USD,150.0,0.08,0.0,SRC-00043321
EXP-043322,EMP-0187,HR,2026-03-15,accommodation,Hotel Group C,PRJ-0007,EmployeeReimbursement,True,True,3,13522,EUR,162.0,0.1,0.0,SRC-00043322
EXP-043323,EMP-0200,IT,2026-04-16,meal,Business Dining,PRJ-0010,Cash,True,True,4,12409,JPY,1.0,0.1,0.05,SRC-00043323
EXP-043324,EMP-0213,Engineering,2026-05-17,travel,Railway Services,PRJ-0013,CorporateCard,False,True,1,58388,USD,150.0,0.1,0.0,SRC-00043324
EXP-043325,EMP-0226,Sales,2026-06-18,other,Office Supply Co,PRJ-0016,BankTransfer,True,True,1,475,EUR,162.0,0.08,0.0,SRC-00043325
EXP-043326,EMP-0239,Legal,2026-07-19,accommodation,Hotel Group C,PRJ-0019,EmployeeReimbursement,True,True,1,13926,JPY,1.0,0.1,0.0,SRC-00043326
EXP-043327,EMP-0002,Operations,2026-08-20,meal,Cafe Central,PRJ-0022,Cash,True,True,4,12741,USD,150.0,0.1,0.0,SRC-00043327
EXP-043328,EMP-0015,Finance,2026-09-21,travel,JAL,PRJ-0025,CorporateCard,False,True,1,58936,EUR,162.0,0.1,0.0,SRC-00043328
EXP-043329,EMP-0028,Procurement,2026-10-22,other,Misc Services,PRJ-0028,BankTransfer,True,True,5,711,JPY,1.0,0.08,0.0,SRC-00043329
EXP-043330,EMP-0041,HR,2026-11-23,accommodation,Hotel Group C,PRJ-0031,EmployeeReimbursement,True,True,2,14330,USD,150.0,0.1,0.05,SRC-00043330
EXP-043331,EMP-0054,IT,2026-12-24,meal,Restaurant B,PRJ-0034,Cash,True,True,4,13073,EUR,162.0,0.1,0.0,SRC-00043331
EXP-043332,EMP-0067,Engineering,2026-01-25,travel,JR East,PRJ-0037,CorporateCard,False,True,1,59484,JPY,1.0,0.1,0.0,SRC-00043332
EXP-043333,EMP-0080,Sales,2026-02-26,other,Printing Co,PRJ-0040,BankTransfer,True,True,4,947,USD,150.0,0.08,0.0,SRC-00043333
EXP-043334,EMP-0093,Legal,2026-03-27,accommodation,Hotel Group C,PRJ-0043,EmployeeReimbursement,True,True,3,14734,EUR,162.0,0.1,0.0,SRC-00043334
EXP-043335,EMP-0106,Operations,2026-04-01,meal,Restaurant A,PRJ-0046,Cash,True,True,4,13405,JPY,1.0,0.1,0.0,SRC-00043335
EXP-043336,EMP-0119,Finance,2026-05-02,travel,Railway Services,PRJ-0049,CorporateCard,False,True,1,60032,USD,150.0,0.1,0.0,SRC-00043336
EXP-043337,EMP-0132,Procurement,2026-06-03,other,Software Store,PRJ-0052,BankTransfer,True,True,3,1183,EUR,162.0,0.08,0.05,SRC-00043337
EXP-043338,EMP-0145,HR,2026-07-04,accommodation,Hotel Group C,PRJ-0055,EmployeeReimbursement,True,True,1,15138,JPY,1.0,0.1,0.0,SRC-00043338
EXP-043339,EMP-0158,IT,2026-08-05,meal,Catering Co,PRJ-0058,Cash,True,True,4,13737,USD,150.0,0.1,0.0,SRC-00043339
EXP-043340,EMP-0171,Engineering,2026-09-06,travel,JAL,PRJ-0061,CorporateCard,False,True,1,60580,EUR,162.0,0.1,0.0,SRC-00043340
EXP-043341,EMP-0184,Sales,2026-10-07,other,Courier Service,PRJ-0064,BankTransfer,True,True,2,1419,JPY,1.0,0.08,0.0,SRC-00043341
EXP-043342,EMP-0197,Legal,2026-11-08,accommodation,Hotel Group C,PRJ-0067,EmployeeReimbursement,True,True,2,15542,USD,150.0,0.1,0.0,SRC-00043342
EXP-043343,EMP-0210,Operations,2026-12-09,meal,Business Dining,PRJ-0070,Cash,True,True,4,14069,EUR,162.0,0.1,0.0,SRC-00043343
EXP-043344,EMP-0223,Finance,2026-01-10,travel,JR East,PRJ-0073,CorporateCard,False,True,1,61128,JPY,1.0,0.1,0.05,SRC-00043344
EXP-043345,EMP-0236,Procurement,2026-02-11,other,Office Supply Co,PRJ-0076,BankTransfer,True,True,1,1655,USD,150.0,0.08,0.0,SRC-00043345
EXP-043346,EMP-0249,HR,2026-03-12,accommodation,Hotel Group C,PRJ-0079,EmployeeReimbursement,True,True,3,15946,EUR,162.0,0.1,0.0,SRC-00043346
EXP-043347,EMP-0012,IT,2026-04-13,meal,Cafe Central,PRJ-0082,Cash,True,True,4,14401,JPY,1.0,0.1,0.0,SRC-00043347
EXP-043348,EMP-0025,Engineering,2026-05-14,travel,Railway Services,PRJ-0085,CorporateCard,False,True,1,61676,USD,150.0,0.1,0.0,SRC-00043348
EXP-043349,EMP-0038,Sales,2026-06-15,other,Misc Services,PRJ-0088,BankTransfer,True,True,5,1891,EUR,162.0,0.08,0.0,SRC-00043349
EXP-043350,EMP-0051,Legal,2026-07-16,accommodation,Hotel Group C,PRJ-0091,EmployeeReimbursement,True,True,1,16350,JPY,1.0,0.1,0.0,SRC-00043350
EXP-043351,EMP-0064,Operations,2026-08-17,meal,Restaurant B,PRJ-0094,Cash,True,True,4,733,USD,150.0,0.1,0.05,SRC-00043351
EXP-043352,EMP-0077,Finance,2026-09-18,travel,JAL,PRJ-0097,CorporateCard,False,True,1,62224,EUR,162.0,0.1,0.0,SRC-00043352
EXP-043353,EMP-0090,Procurement,2026-10-19,other,Printing Co,PRJ-0100,BankTransfer,True,True,4,2127,JPY,1.0,0.08,0.0,SRC-00043353
EXP-043354,EMP-0103,HR,2026-11-20,accommodation,Hotel Group C,PRJ-0103,EmployeeReimbursement,True,True,2,16754,USD,150.0,0.1,0.0,SRC-00043354
EXP-043355,EMP-0116,IT,2026-12-21,meal,Restaurant A,PRJ-0106,Cash,True,True,4,1065,EUR,162.0,0.1,0.0,SRC-00043355
EXP-043356,EMP-0129,Engineering,2026-01-22,travel,JR East,PRJ-0109,CorporateCard,False,True,1,62772,JPY,1.0,0.1,0.0,SRC-00043356
EXP-043357,EMP-0142,Sales,2026-02-23,other,Software Store,PRJ-0112,BankTransfer,True,True,3,2363,USD,150.0,0.08,0.0,SRC-00043357
EXP-043358,EMP-0155,Legal,2026-03-24,accommodation,Hotel Group C,PRJ-0115,EmployeeReimbursement,True,True,3,17158,EUR,162.0,0.1,0.05,SRC-00043358
EXP-043359,EMP-0168,Operations,2026-04-25,meal,Catering Co,PRJ-0118,Cash,True,True,4,1397,JPY,1.0,0.1,0.0,SRC-00043359
EXP-043360,EMP-0181,Finance,2026-05-26,travel,Railway Services,PRJ-0001,CorporateCard,False,True,1,63320,USD,150.0,0.1,0.0,SRC-00043360
EXP-043361,EMP-0194,Procurement,2026-06-27,other,Courier Service,PRJ-0004,BankTransfer,True,True,2,2599,EUR,162.0,0.08,0.0,SRC-00043361
EXP-043362,EMP-0207,HR,2026-07-01,accommodation,Hotel Group C,PRJ-0007,EmployeeReimbursement,True,True,1,17562,JPY,1.0,0.1,0.0,SRC-00043362
EXP-043363,EMP-0220,IT,2026-08-02,meal,Business Dining,PRJ-0010,Cash,True,True,4,1729,USD,150.0,0.1,0.0,SRC-00043363
EXP-043364,EMP-0233,Engineering,2026-09-03,travel,JAL,PRJ-0013,CorporateCard,False,True,1,63868,EUR,162.0,0.1,0.0,SRC-00043364
EXP-043365,EMP-0246,Sales,2026-10-04,other,Office Supply Co,PRJ-0016,BankTransfer,True,True,1,2835,JPY,1.0,0.08,0.05,SRC-00043365
EXP-043366,EMP-0009,Legal,2026-11-05,accommodation,Hotel Group C,PRJ-0019,EmployeeReimbursement,True,True,2,17966,USD,150.0,0.1,0.0,SRC-00043366
EXP-043367,EMP-0022,Operations,2026-12-06,meal,Cafe Central,PRJ-0022,Cash,True,True,4,2061,EUR,162.0,0.1,0.0,SRC-00043367
EXP-043368,EMP-0035,Finance,2026-01-07,travel,JR East,PRJ-0025,CorporateCard,False,True,1,64416,JPY,1.0,0.1,0.0,SRC-00043368
EXP-043369,EMP-0048,Procurement,2026-02-08,other,Misc Services,PRJ-0028,BankTransfer,True,True,5,3071,USD,150.0,0.08,0.0,SRC-00043369
EXP-043370,EMP-0061,HR,2026-03-09,accommodation,Hotel Group C,PRJ-0031,EmployeeReimbursement,True,True,3,18370,EUR,162.0,0.1,0.0,SRC-00043370
EXP-043371,EMP-0074,IT,2026-04-10,meal,Restaurant B,PRJ-0034,Cash,True,True,4,2393,JPY,1.0,0.1,0.0,SRC-00043371
EXP-043372,EMP-0087,Engineering,2026-05-11,travel,Railway Services,PRJ-0037,CorporateCard,False,True,1,64964,USD,150.0,0.1,0.05,SRC-00043372
EXP-043373,EMP-0100,Sales,2026-06-12,other,Printing Co,PRJ-0040,BankTransfer,True,True,4,3307,EUR,162.0,0.08,0.0,SRC-00043373
EXP-043374,EMP-0113,Legal,2026-07-13,accommodation,Hotel Group C,PRJ-0043,EmployeeReimbursement,True,True,1,18774,JPY,1.0,0.1,0.0,SRC-00043374
EXP-043375,EMP-0126,Operations,2026-08-14,meal,Restaurant A,PRJ-0046,Cash,True,True,4,2725,USD,150.0,0.1,0.0,SRC-00043375
EXP-043376,EMP-0139,Finance,2026-09-15,travel,JAL,PRJ-0049,CorporateCard,False,True,1,65512,EUR,162.0,0.1,0.0,SRC-00043376
EXP-043377,EMP-0152,Procurement,2026-10-16,other,Software Store,PRJ-0052,BankTransfer,True,True,3,3543,JPY,1.0,0.08,0.0,SRC-00043377
EXP-043378,EMP-0165,HR,2026-11-17,accommodation,Hotel Group C,PRJ-0055,EmployeeReimbursement,True,True,2,19178,USD,150.0,0.1,0.0,SRC-00043378
EXP-043379,EMP-0178,IT,2026-12-18,meal,Catering Co,PRJ-0058,Cash,True,True,4,3057,EUR,162.0,0.1,0.05,SRC-00043379
EXP-043380,EMP-0191,Engineering,2026-01-19,travel,JR East,PRJ-0061,CorporateCard,False,True,1,66060,JPY,1.0,0.1,0.0,SRC-00043380
EXP-043381,EMP-0204,Sales,2026-02-20,other,Courier Service,PRJ-0064,BankTransfer,True,True,2,3779,USD,150.0,0.08,0.0,SRC-00043381
EXP-043382,EMP-0217,Legal,2026-03-21,accommodation,Hotel Group C,PRJ-0067,EmployeeReimbursement,True,True,3,19582,EUR,162.0,0.1,0.0,SRC-00043382
EXP-043383,EMP-0230,Operations,2026-04-22,meal,Business Dining,PRJ-0070,Cash,True,True,4,3389,JPY,1.0,0.1,0.0,SRC-00043383
EXP-043384,EMP-0243,Finance,2026-05-23,travel,Railway Services,PRJ-0073,CorporateCard,False,True,1,66608,USD,150.0,0.1,0.0,SRC-00043384
EXP-043385,EMP-0006,Procurement,2026-06-24,other,Office Supply Co,PRJ-0076,BankTransfer,True,True,1,4015,EUR,162.0,0.08,0.0,SRC-00043385
EXP-043386,EMP-0019,HR,2026-07-25,accommodation,Hotel Group C,PRJ-0079,EmployeeReimbursement,True,True,1,19986,JPY,1.0,0.1,0.05,SRC-00043386
EXP-043387,EMP-0032,IT,2026-08-26,meal,Cafe Central,PRJ-0082,Cash,True,True,4,3721,USD,150.0,0.1,0.0,SRC-00043387
EXP-043388,EMP-0045,Engineering,2026-09-27,travel,JAL,PRJ-0085,CorporateCard,False,True,1,67156,EUR,162.0,0.1,0.0,SRC-00043388
EXP-043389,EMP-0058,Sales,2026-10-01,other,Misc Services,PRJ-0088,BankTransfer,True,True,5,4251,JPY,1.0,0.08,0.0,SRC-00043389
EXP-043390,EMP-0071,Legal,2026-11-02,accommodation,Hotel Group C,PRJ-0091,EmployeeReimbursement,True,True,2,20390,USD,150.0,0.1,0.0,SRC-00043390
EXP-043391,EMP-0084,Operations,2026-12-03,meal,Restaurant B,PRJ-0094,Cash,True,True,4,4053,EUR,162.0,0.1,0.0,SRC-00043391
EXP-043392,EMP-0097,Finance,2026-01-04,travel,JR East,PRJ-0097,CorporateCard,False,True,1,67704,JPY,1.0,0.1,0.0,SRC-00043392
EXP-043393,EMP-0110,Procurement,2026-02-05,other,Printing Co,PRJ-0100,BankTransfer,True,True,4,4487,USD,150.0,0.08,0.05,SRC-00043393
EXP-043394,EMP-0123,HR,2026-03-06,accommodation,Hotel Group C,PRJ-0103,EmployeeReimbursement,True,True,3,20794,EUR,162.0,0.1,0.0,SRC-00043394
EXP-043395,EMP-0136,IT,2026-04-07,meal,Restaurant A,PRJ-0106,Cash,True,True,4,4385,JPY,1.0,0.1,0.0,SRC-00043395
EXP-043396,EMP-0149,Engineering,2026-05-08,travel,Railway Services,PRJ-0109,CorporateCard,False,True,1,68252,USD,150.0,0.1,0.0,SRC-00043396
EXP-043397,EMP-0162,Sales,2026-06-09,other,Software Store,PRJ-0112,BankTransfer,True,True,3,4723,EUR,162.0,0.08,0.0,SRC-00043397
EXP-043398,EMP-0175,Legal,2026-07-10,accommodation,Hotel Group C,PRJ-0115,EmployeeReimbursement,True,True,1,21198,JPY,1.0,0.1,0.0,SRC-00043398
EXP-043399,EMP-0188,Operations,2026-08-11,meal,Catering Co,PRJ-0118,Cash,True,True,4,4717,USD,150.0,0.1,0.0,SRC-00043399
EXP-043400,EMP-0201,Finance,2026-09-12,travel,JAL,PRJ-0001,CorporateCard,False,True,1,68800,EUR,162.0,0.1,0.05,SRC-00043400
EXP-043401,EMP-0214,Procurement,2026-10-13,other,Courier Service,PRJ-0004,BankTransfer,True,True,2,4959,JPY,1.0,0.08,0.0,SRC-00043401
EXP-043402,EMP-0227,HR,2026-11-14,accommodation,Hotel Group C,PRJ-0007,EmployeeReimbursement,True,True,2,21602,USD,150.0,0.1,0.0,SRC-00043402
EXP-043403,EMP-0240,IT,2026-12-15,meal,Business Dining,PRJ-0010,Cash,True,True,4,5049,EUR,162.0,0.1,0.0,SRC-00043403
EXP-043404,EMP-0003,Engineering,2026-01-16,travel,JR East,PRJ-0013,CorporateCard,False,True,1,69348,JPY,1.0,0.1,0.0,SRC-00043404
EXP-043405,EMP-0016,Sales,2026-02-17,other,Office Supply Co,PRJ-0016,BankTransfer,True,True,1,5195,USD,150.0,0.08,0.0,SRC-00043405
EXP-043406,EMP-0029,Legal,2026-03-18,accommodation,Hotel Group C,PRJ-0019,EmployeeReimbursement,True,True,3,22006,EUR,162.0,0.1,0.0,SRC-00043406
EXP-043407,EMP-0042,Operations,2026-04-19,meal,Cafe Central,PRJ-0022,Cash,True,True,4,5381,JPY,1.0,0.1,0.05,SRC-00043407
EXP-043408,EMP-0055,Finance,2026-05-20,travel,Railway Services,PRJ-0025,CorporateCard,False,True,1,69896,USD,150.0,0.1,0.0,SRC-00043408
EXP-043409,EMP-0068,Procurement,2026-06-21,other,Misc Services,PRJ-0028,BankTransfer,True,True,5,5431,EUR,162.0,0.08,0.0,SRC-00043409
EXP-043410,EMP-0081,HR,2026-07-22,accommodation,Hotel Group C,PRJ-0031,EmployeeReimbursement,True,True,1,22410,JPY,1.0,0.1,0.0,SRC-00043410
EXP-043411,EMP-0094,IT,2026-08-23,meal,Restaurant B,PRJ-0034,Cash,True,True,4,5713,USD,150.0,0.1,0.0,SRC-00043411
EXP-043412,EMP-0107,Engineering,2026-09-24,travel,JAL,PRJ-0037,CorporateCard,False,True,1,70444,EUR,162.0,0.1,0.0,SRC-00043412
EXP-043413,EMP-0120,Sales,2026-10-25,other,Printing Co,PRJ-0040,BankTransfer,True,True,4,5667,JPY,1.0,0.08,0.0,SRC-00043413
EXP-043414,EMP-0133,Legal,2026-11-26,accommodation,Hotel Group C,PRJ-0043,EmployeeReimbursement,True,True,2,22814,USD,150.0,0.1,0.05,SRC-00043414
EXP-043415,EMP-0146,Operations,2026-12-27,meal,Restaurant A,PRJ-0046,Cash,True,True,4,6045,EUR,162.0,0.1,0.0,SRC-00043415
EXP-043416,EMP-0159,Finance,2026-01-01,travel,JR East,PRJ-0049,CorporateCard,False,True,1,70992,JPY,1.0,0.1,0.0,SRC-00043416
EXP-043417,EMP-0172,Procurement,2026-02-02,other,Software Store,PRJ-0052,BankTransfer,True,True,3,5903,USD,150.0,0.08,0.0,SRC-00043417
EXP-043418,EMP-0185,HR,2026-03-03,accommodation,Hotel Group C,PRJ-0055,EmployeeReimbursement,True,True,3,23218,EUR,162.0,0.1,0.0,SRC-00043418
EXP-043419,EMP-0198,IT,2026-04-04,meal,Catering Co,PRJ-0058,Cash,True,True,4,6377,JPY,1.0,0.1,0.0,SRC-00043419
EXP-043420,EMP-0211,Engineering,2026-05-05,travel,Railway Services,PRJ-0061,CorporateCard,False,True,1,71540,USD,150.0,0.1,0.0,SRC-00043420
EXP-043421,EMP-0224,Sales,2026-06-06,other,Courier Service,PRJ-0064,BankTransfer,True,True,2,6139,EUR,162.0,0.08,0.05,SRC-00043421
EXP-043422,EMP-0237,Legal,2026-07-07,accommodation,Hotel Group C,PRJ-0067,EmployeeReimbursement,True,True,1,23622,JPY,1.0,0.1,0.0,SRC-00043422
EXP-043423,EMP-0250,Operations,2026-08-08,meal,Business Dining,PRJ-0070,Cash,True,True,4,6709,USD,150.0,0.1,0.0,SRC-00043423
EXP-043424,EMP-0013,Finance,2026-09-09,travel,JAL,PRJ-0073,CorporateCard,False,True,1,72088,EUR,162.0,0.1,0.0,SRC-00043424
EXP-043425,EMP-0026,Procurement,2026-10-10,other,Office Supply Co,PRJ-0076,BankTransfer,True,True,1,6375,JPY,1.0,0.08,0.0,SRC-00043425
EXP-043426,EMP-0039,HR,2026-11-11,accommodation,Hotel Group C,PRJ-0079,EmployeeReimbursement,True,True,2,24026,USD,150.0,0.1,0.0,SRC-00043426
EXP-043427,EMP-0052,IT,2026-12-12,meal,Cafe Central,PRJ-0082,Cash,True,True,4,7041,EUR,162.0,0.1,0.0,SRC-00043427
EXP-043428,EMP-0065,Engineering,2026-01-13,travel,JR East,PRJ-0085,CorporateCard,False,True,1,72636,JPY,1.0,0.1,0.05,SRC-00043428
EXP-043429,EMP-0078,Sales,2026-02-14,other,Misc Services,PRJ-0088,BankTransfer,True,True,5,6611,USD,150.0,0.08,0.0,SRC-00043429
EXP-043430,EMP-0091,Legal,2026-03-15,accommodation,Hotel Group C,PRJ-0091,EmployeeReimbursement,True,True,3,24430,EUR,162.0,0.1,0.0,SRC-00043430
EXP-043431,EMP-0104,Operations,2026-04-16,meal,Restaurant B,PRJ-0094,Cash,True,True,4,7373,JPY,1.0,0.1,0.0,SRC-00043431
EXP-043432,EMP-0117,Finance,2026-05-17,travel,Railway Services,PRJ-0097,CorporateCard,False,True,1,3184,USD,150.0,0.1,0.0,SRC-00043432
EXP-043433,EMP-0130,Procurement,2026-06-18,other,Printing Co,PRJ-0100,BankTransfer,True,True,4,6847,EUR,162.0,0.08,0.0,SRC-00043433
EXP-043434,EMP-0143,HR,2026-07-19,accommodation,Hotel Group C,PRJ-0103,EmployeeReimbursement,True,True,1,24834,JPY,1.0,0.1,0.0,SRC-00043434
EXP-043435,EMP-0156,IT,2026-08-20,meal,Restaurant A,PRJ-0106,Cash,True,True,4,7705,USD,150.0,0.1,0.05,SRC-00043435
EXP-043436,EMP-0169,Engineering,2026-09-21,travel,JAL,PRJ-0109,CorporateCard,False,True,1,3732,EUR,162.0,0.1,0.0,SRC-00043436
EXP-043437,EMP-0182,Sales,2026-10-22,other,Software Store,PRJ-0112,BankTransfer,True,True,3,7083,JPY,1.0,0.08,0.0,SRC-00043437
EXP-043438,EMP-0195,Legal,2026-11-23,accommodation,Hotel Group C,PRJ-0115,EmployeeReimbursement,True,True,2,25238,USD,150.0,0.1,0.0,SRC-00043438
EXP-043439,EMP-0208,Operations,2026-12-24,meal,Catering Co,PRJ-0118,Cash,True,True,4,8037,EUR,162.0,0.1,0.0,SRC-00043439
EXP-043440,EMP-0221,Finance,2026-01-25,travel,JR East,PRJ-0001,CorporateCard,False,True,1,4280,JPY,1.0,0.1,0.0,SRC-00043440
EXP-043441,EMP-0234,Procurement,2026-02-26,other,Courier Service,PRJ-0004,BankTransfer,True,True,2,7319,USD,150.0,0.08,0.0,SRC-00043441
EXP-043442,EMP-0247,HR,2026-03-27,accommodation,Hotel Group C,PRJ-0007,EmployeeReimbursement,True,True,3,25642,EUR,162.0,0.1,0.05,SRC-00043442
EXP-043443,EMP-0010,IT,2026-04-01,meal,Business Dining,PRJ-0010,Cash,True,True,4,8369,JPY,1.0,0.1,0.0,SRC-00043443
EXP-043444,EMP-0023,Engineering,2026-05-02,travel,Railway Services,PRJ-0013,CorporateCard,False,True,1,4828,USD,150.0,0.1,0.0,SRC-00043444
EXP-043445,EMP-0036,Sales,2026-06-03,other,Office Supply Co,PRJ-0016,BankTransfer,True,True,1,7555,EUR,162.0,0.08,0.0,SRC-00043445
EXP-043446,EMP-0049,Legal,2026-07-04,accommodation,Hotel Group C,PRJ-0019,EmployeeReimbursement,True,True,1,26046,JPY,1.0,0.1,0.0,SRC-00043446
EXP-043447,EMP-0062,Operations,2026-08-05,meal,Cafe Central,PRJ-0022,Cash,True,True,4,8701,USD,150.0,0.1,0.0,SRC-00043447
EXP-043448,EMP-0075,Finance,2026-09-06,travel,JAL,PRJ-0025,CorporateCard,False,True,1,5376,EUR,162.0,0.1,0.0,SRC-00043448
EXP-043449,EMP-0088,Procurement,2026-10-07,other,Misc Services,PRJ-0028,BankTransfer,True,True,5,7791,JPY,1.0,0.08,0.05,SRC-00043449
EXP-043450,EMP-0101,HR,2026-11-08,accommodation,Hotel Group C,PRJ-0031,EmployeeReimbursement,True,True,2,26450,USD,150.0,0.1,0.0,SRC-00043450
EXP-043451,EMP-0114,IT,2026-12-09,meal,Restaurant B,PRJ-0034,Cash,True,True,4,9033,EUR,162.0,0.1,0.0,SRC-00043451
EXP-043452,EMP-0127,Engineering,2026-01-10,travel,JR East,PRJ-0037,CorporateCard,False,True,1,5924,JPY,1.0,0.1,0.0,SRC-00043452
EXP-043453,EMP-0140,Sales,2026-02-11,other,Printing Co,PRJ-0040,BankTransfer,True,True,4,8027,USD,150.0,0.08,0.0,SRC-00043453
EXP-043454,EMP-0153,Legal,2026-03-12,accommodation,Hotel Group C,PRJ-0043,EmployeeReimbursement,True,True,3,26854,EUR,162.0,0.1,0.0,SRC-00043454
EXP-043455,EMP-0166,Operations,2026-04-13,meal,Restaurant A,PRJ-0046,Cash,True,True,4,9365,JPY,1.0,0.1,0.0,SRC-00043455
EXP-043456,EMP-0179,Finance,2026-05-14,travel,Railway Services,PRJ-0049,CorporateCard,False,True,1,6472,USD,150.0,0.1,0.05,SRC-00043456
EXP-043457,EMP-0192,Procurement,2026-06-15,other,Software Store,PRJ-0052,BankTransfer,True,True,3,8263,EUR,162.0,0.08,0.0,SRC-00043457
EXP-043458,EMP-0205,HR,2026-07-16,accommodation,Hotel Group C,PRJ-0055,EmployeeReimbursement,True,True,1,27258,JPY,1.0,0.1,0.0,SRC-00043458
EXP-043459,EMP-0218,IT,2026-08-17,meal,Catering Co,PRJ-0058,Cash,True,True,4,9697,USD,150.0,0.1,0.0,SRC-00043459
EXP-043460,EMP-0231,Engineering,2026-09-18,travel,JAL,PRJ-0061,CorporateCard,False,True,1,7020,EUR,162.0,0.1,0.0,SRC-00043460
EXP-043461,EMP-0244,Sales,2026-10-19,other,Courier Service,PRJ-0064,BankTransfer,True,True,2,8499,JPY,1.0,0.08,0.0,SRC-00043461
EXP-043462,EMP-0007,Legal,2026-11-20,accommodation,Hotel Group C,PRJ-0067,EmployeeReimbursement,True,True,2,27662,USD,150.0,0.1,0.0,SRC-00043462
EXP-043463,EMP-0020,Operations,2026-12-21,meal,Business Dining,PRJ-0070,Cash,True,True,4,10029,EUR,162.0,0.1,0.05,SRC-00043463
EXP-043464,EMP-0033,Finance,2026-01-22,travel,JR East,PRJ-0073,CorporateCard,False,True,1,7568,JPY,1.0,0.1,0.0,SRC-00043464
EXP-043465,EMP-0046,Procurement,2026-02-23,other,Office Supply Co,PRJ-0076,BankTransfer,True,True,1,8735,USD,150.0,0.08,0.0,SRC-00043465
EXP-043466,EMP-0059,HR,2026-03-24,accommodation,Hotel Group C,PRJ-0079,EmployeeReimbursement,True,True,3,28066,EUR,162.0,0.1,0.0,SRC-00043466
EXP-043467,EMP-0072,IT,2026-04-25,meal,Cafe Central,PRJ-0082,Cash,True,True,4,10361,JPY,1.0,0.1,0.0,SRC-00043467
EXP-043468,EMP-0085,Engineering,2026-05-26,travel,Railway Services,PRJ-0085,CorporateCard,False,True,1,8116,USD,150.0,0.1,0.0,SRC-00043468
EXP-043469,EMP-0098,Sales,2026-06-27,other,Misc Services,PRJ-0088,BankTransfer,True,True,5,8971,EUR,162.0,0.08,0.0,SRC-00043469
EXP-043470,EMP-0111,Legal,2026-07-01,accommodation,Hotel Group C,PRJ-0091,EmployeeReimbursement,True,True,1,28470,JPY,1.0,0.1,0.05,SRC-00043470
EXP-043471,EMP-0124,Operations,2026-08-02,meal,Restaurant B,PRJ-0094,Cash,True,True,4,10693,USD,150.0,0.1,0.0,SRC-00043471
EXP-043472,EMP-0137,Finance,2026-09-03,travel,JAL,PRJ-0097,CorporateCard,False,True,1,8664,EUR,162.0,0.1,0.0,SRC-00043472
EXP-043473,EMP-0150,Procurement,2026-10-04,other,Printing Co,PRJ-0100,BankTransfer,True,True,4,9207,JPY,1.0,0.08,0.0,SRC-00043473
EXP-043474,EMP-0163,HR,2026-11-05,accommodation,Hotel Group C,PRJ-0103,EmployeeReimbursement,True,True,2,28874,USD,150.0,0.1,0.0,SRC-00043474
EXP-043475,EMP-0176,IT,2026-12-06,meal,Restaurant A,PRJ-0106,Cash,True,True,4,11025,EUR,162.0,0.1,0.0,SRC-00043475
EXP-043476,EMP-0189,Engineering,2026-01-07,travel,JR East,PRJ-0109,CorporateCard,False,True,1,9212,JPY,1.0,0.1,0.0,SRC-00043476
EXP-043477,EMP-0202,Sales,2026-02-08,other,Software Store,PRJ-0112,BankTransfer,True,True,3,9443,USD,150.0,0.08,0.05,SRC-00043477
EXP-043478,EMP-0215,Legal,2026-03-09,accommodation,Hotel Group C,PRJ-0115,EmployeeReimbursement,True,True,3,29278,EUR,162.0,0.1,0.0,SRC-00043478
EXP-043479,EMP-0228,Operations,2026-04-10,meal,Catering Co,PRJ-0118,Cash,True,True,4,11357,JPY,1.0,0.1,0.0,SRC-00043479
EXP-043480,EMP-0241,Finance,2026-05-11,travel,Railway Services,PRJ-0001,CorporateCard,False,True,1,9760,USD,150.0,0.1,0.0,SRC-00043480
EXP-043481,EMP-0004,Procurement,2026-06-12,other,Courier Service,PRJ-0004,BankTransfer,True,True,2,9679,EUR,162.0,0.08,0.0,SRC-00043481
EXP-043482,EMP-0017,HR,2026-07-13,accommodation,Hotel Group C,PRJ-0007,EmployeeReimbursement,True,True,1,29682,JPY,1.0,0.1,0.0,SRC-00043482
EXP-043483,EMP-0030,IT,2026-08-14,meal,Business Dining,PRJ-0010,Cash,True,True,4,11689,USD,150.0,0.1,0.0,SRC-00043483
EXP-043484,EMP-0043,Engineering,2026-09-15,travel,JAL,PRJ-0013,CorporateCard,False,True,1,10308,EUR,162.0,0.1,0.05,SRC-00043484
EXP-043485,EMP-0056,Sales,2026-10-16,other,Office Supply Co,PRJ-0016,BankTransfer,True,True,1,9915,JPY,1.0,0.08,0.0,SRC-00043485
EXP-043486,EMP-0069,Legal,2026-11-17,accommodation,Hotel Group C,PRJ-0019,EmployeeReimbursement,True,True,2,30086,USD,150.0,0.1,0.0,SRC-00043486
EXP-043487,EMP-0082,Operations,2026-12-18,meal,Cafe Central,PRJ-0022,Cash,True,True,4,12021,EUR,162.0,0.1,0.0,SRC-00043487
EXP-043488,EMP-0095,Finance,2026-01-19,travel,JR East,PRJ-0025,CorporateCard,False,True,1,10856,JPY,1.0,0.1,0.0,SRC-00043488
EXP-043489,EMP-0108,Procurement,2026-02-20,other,Misc Services,PRJ-0028,BankTransfer,True,True,5,10151,USD,150.0,0.08,0.0,SRC-00043489
EXP-043490,EMP-0121,HR,2026-03-21,accommodation,Hotel Group C,PRJ-0031,EmployeeReimbursement,True,True,3,30490,EUR,162.0,0.1,0.0,SRC-00043490
EXP-043491,EMP-0134,IT,2026-04-22,meal,Restaurant B,PRJ-0034,Cash,True,True,4,12353,JPY,1.0,0.1,0.05,SRC-00043491
EXP-043492,EMP-0147,Engineering,2026-05-23,travel,Railway Services,PRJ-0037,CorporateCard,False,True,1,11404,USD,150.0,0.1,0.0,SRC-00043492
EXP-043493,EMP-0160,Sales,2026-06-24,other,Printing Co,PRJ-0040,BankTransfer,True,True,4,10387,EUR,162.0,0.08,0.0,SRC-00043493
EXP-043494,EMP-0173,Legal,2026-07-25,accommodation,Hotel Group C,PRJ-0043,EmployeeReimbursement,True,True,1,30894,JPY,1.0,0.1,0.0,SRC-00043494
EXP-043495,EMP-0186,Operations,2026-08-26,meal,Restaurant A,PRJ-0046,Cash,True,True,4,12685,USD,150.0,0.1,0.0,SRC-00043495
EXP-043496,EMP-0199,Finance,2026-09-27,travel,JAL,PRJ-0049,CorporateCard,False,True,1,11952,EUR,162.0,0.1,0.0,SRC-00043496
EXP-043497,EMP-0212,Procurement,2026-10-01,other,Software Store,PRJ-0052,BankTransfer,True,True,3,10623,JPY,1.0,0.08,0.0,SRC-00043497
EXP-043498,EMP-0225,HR,2026-11-02,accommodation,Hotel Group C,PRJ-0055,EmployeeReimbursement,True,True,2,31298,USD,150.0,0.1,0.05,SRC-00043498
EXP-043499,EMP-0238,IT,2026-12-03,meal,Catering Co,PRJ-0058,Cash,True,True,4,13017,EUR,162.0,0.1,0.0,SRC-00043499
EXP-043500,EMP-0001,Engineering,2026-01-04,travel,JR East,PRJ-0061,CorporateCard,False,True,1,12500,JPY,1.0,0.1,0.0,SRC-00043500
EXP-043501,EMP-0014,Sales,2026-02-05,other,Courier Service,PRJ-0064,BankTransfer,True,True,2,10859,USD,150.0,0.08,0.0,SRC-00043501
EXP-043502,EMP-0027,Legal,2026-03-06,accommodation,Hotel Group C,PRJ-0067,EmployeeReimbursement,True,True,3,31702,EUR,162.0,0.1,0.0,SRC-00043502
EXP-043503,EMP-0040,Operations,2026-04-07,meal,Business Dining,PRJ-0070,Cash,True,True,4,13349,JPY,1.0,0.1,0.0,SRC-00043503
EXP-043504,EMP-0053,Finance,2026-05-08,travel,Railway Services,PRJ-0073,CorporateCard,False,True,1,13048,USD,150.0,0.1,0.0,SRC-00043504
EXP-043505,EMP-0066,Procurement,2026-06-09,other,Office Supply Co,PRJ-0076,BankTransfer,True,True,1,11095,EUR,162.0,0.08,0.05,SRC-00043505
EXP-043506,EMP-0079,HR,2026-07-10,accommodation,Hotel Group C,PRJ-0079,EmployeeReimbursement,True,True,1,32106,JPY,1.0,0.1,0.0,SRC-00043506
EXP-043507,EMP-0092,IT,2026-08-11,meal,Cafe Central,PRJ-0082,Cash,True,True,4,13681,USD,150.0,0.1,0.0,SRC-00043507
EXP-043508,EMP-0105,Engineering,2026-09-12,travel,JAL,PRJ-0085,CorporateCard,False,True,1,13596,EUR,162.0,0.1,0.0,SRC-00043508
EXP-043509,EMP-0118,Sales,2026-10-13,other,Misc Services,PRJ-0088,BankTransfer,True,True,5,11331,JPY,1.0,0.08,0.0,SRC-00043509
EXP-043510,EMP-0131,Legal,2026-11-14,accommodation,Hotel Group C,PRJ-0091,EmployeeReimbursement,True,True,2,32510,USD,150.0,0.1,0.0,SRC-00043510
EXP-043511,EMP-0144,Operations,2026-12-15,meal,Restaurant B,PRJ-0094,Cash,True,True,4,14013,EUR,162.0,0.1,0.0,SRC-00043511
EXP-043512,EMP-0157,Finance,2026-01-16,travel,JR East,PRJ-0097,CorporateCard,False,True,1,14144,JPY,1.0,0.1,0.05,SRC-00043512
EXP-043513,EMP-0170,Procurement,2026-02-17,other,Printing Co,PRJ-0100,BankTransfer,True,True,4,11567,USD,150.0,0.08,0.0,SRC-00043513
EXP-043514,EMP-0183,HR,2026-03-18,accommodation,Hotel Group C,PRJ-0103,EmployeeReimbursement,True,True,3,32914,EUR,162.0,0.1,0.0,SRC-00043514
EXP-043515,EMP-0196,IT,2026-04-19,meal,Restaurant A,PRJ-0106,Cash,True,True,4,14345,JPY,1.0,0.1,0.0,SRC-00043515
EXP-043516,EMP-0209,Engineering,2026-05-20,travel,Railway Services,PRJ-0109,CorporateCard,False,True,1,14692,USD,150.0,0.1,0.0,SRC-00043516
EXP-043517,EMP-0222,Sales,2026-06-21,other,Software Store,PRJ-0112,BankTransfer,True,True,3,11803,EUR,162.0,0.08,0.0,SRC-00043517
EXP-043518,EMP-0235,Legal,2026-07-22,accommodation,Hotel Group C,PRJ-0115,EmployeeReimbursement,True,True,1,33318,JPY,1.0,0.1,0.0,SRC-00043518
EXP-043519,EMP-0248,Operations,2026-08-23,meal,Catering Co,PRJ-0118,Cash,True,True,4,677,USD,150.0,0.1,0.05,SRC-00043519
EXP-043520,EMP-0011,Finance,2026-09-24,travel,JAL,PRJ-0001,CorporateCard,False,True,1,15240,EUR,162.0,0.1,0.0,SRC-00043520
EXP-043521,EMP-0024,Procurement,2026-10-25,other,Courier Service,PRJ-0004,BankTransfer,True,True,2,12039,JPY,1.0,0.08,0.0,SRC-00043521
EXP-043522,EMP-0037,HR,2026-11-26,accommodation,Hotel Group C,PRJ-0007,EmployeeReimbursement,True,True,2,33722,USD,150.0,0.1,0.0,SRC-00043522
EXP-043523,EMP-0050,IT,2026-12-27,meal,Business Dining,PRJ-0010,Cash,True,True,4,1009,EUR,162.0,0.1,0.0,SRC-00043523
EXP-043524,EMP-0063,Engineering,2026-01-01,travel,JR East,PRJ-0013,CorporateCard,False,True,1,15788,JPY,1.0,0.1,0.0,SRC-00043524
EXP-043525,EMP-0076,Sales,2026-02-02,other,Office Supply Co,PRJ-0016,BankTransfer,True,True,1,12275,USD,150.0,0.08,0.0,SRC-00043525
EXP-043526,EMP-0089,Legal,2026-03-03,accommodation,Hotel Group C,PRJ-0019,EmployeeReimbursement,True,True,3,6126,EUR,162.0,0.1,0.05,SRC-00043526
EXP-043527,EMP-0102,Operations,2026-04-04,meal,Cafe Central,PRJ-0022,Cash,True,True,4,1341,JPY,1.0,0.1,0.0,SRC-00043527
EXP-043528,EMP-0115,Finance,2026-05-05,travel,Railway Services,PRJ-0025,CorporateCard,False,True,1,16336,USD,150.0,0.1,0.0,SRC-00043528
EXP-043529,EMP-0128,Procurement,2026-06-06,other,Misc Services,PRJ-0028,BankTransfer,True,True,5,12511,EUR,162.0,0.08,0.0,SRC-00043529
EXP-043530,EMP-0141,HR,2026-07-07,accommodation,Hotel Group C,PRJ-0031,EmployeeReimbursement,True,True,1,6530,JPY,1.0,0.1,0.0,SRC-00043530
EXP-043531,EMP-0154,IT,2026-08-08,meal,Restaurant B,PRJ-0034,Cash,True,True,4,1673,USD,150.0,0.1,0.0,SRC-00043531
EXP-043532,EMP-0167,Engineering,2026-09-09,travel,JAL,PRJ-0037,CorporateCard,False,True,1,16884,EUR,162.0,0.1,0.0,SRC-00043532
EXP-043533,EMP-0180,Sales,2026-10-10,other,Printing Co,PRJ-0040,BankTransfer,True,True,4,12747,JPY,1.0,0.08,0.05,SRC-00043533
EXP-043534,EMP-0193,Legal,2026-11-11,accommodation,Hotel Group C,PRJ-0043,EmployeeReimbursement,True,True,2,6934,USD,150.0,0.1,0.0,SRC-00043534
EXP-043535,EMP-0206,Operations,2026-12-12,meal,Restaurant A,PRJ-0046,Cash,True,True,4,2005,EUR,162.0,0.1,0.0,SRC-00043535
EXP-043536,EMP-0219,Finance,2026-01-13,travel,JR East,PRJ-0049,CorporateCard,False,True,1,17432,JPY,1.0,0.1,0.0,SRC-00043536
EXP-043537,EMP-0232,Procurement,2026-02-14,other,Software Store,PRJ-0052,BankTransfer,True,True,3,12983,USD,150.0,0.08,0.0,SRC-00043537
EXP-043538,EMP-0245,HR,2026-03-15,accommodation,Hotel Group C,PRJ-0055,EmployeeReimbursement,True,True,3,7338,EUR,162.0,0.1,0.0,SRC-00043538
EXP-043539,EMP-0008,IT,2026-04-16,meal,Catering Co,PRJ-0058,Cash,True,True,4,2337,JPY,1.0,0.1,0.0,SRC-00043539
EXP-043540,EMP-0021,Engineering,2026-05-17,travel,Railway Services,PRJ-0061,CorporateCard,False,True,1,17980,USD,150.0,0.1,0.05,SRC-00043540
EXP-043541,EMP-0034,Sales,2026-06-18,other,Courier Service,PRJ-0064,BankTransfer,True,True,2,13219,EUR,162.0,0.08,0.0,SRC-00043541
EXP-043542,EMP-0047,Legal,2026-07-19,accommodation,Hotel Group C,PRJ-0067,EmployeeReimbursement,True,True,1,7742,JPY,1.0,0.1,0.0,SRC-00043542
EXP-043543,EMP-0060,Operations,2026-08-20,meal,Business Dining,PRJ-0070,Cash,True,True,4,2669,USD,150.0,0.1,0.0,SRC-00043543
EXP-043544,EMP-0073,Finance,2026-09-21,travel,JAL,PRJ-0073,CorporateCard,False,True,1,18528,EUR,162.0,0.1,0.0,SRC-00043544
EXP-043545,EMP-0086,Procurement,2026-10-22,other,Office Supply Co,PRJ-0076,BankTransfer,True,True,1,13455,JPY,1.0,0.08,0.0,SRC-00043545
EXP-043546,EMP-0099,HR,2026-11-23,accommodation,Hotel Group C,PRJ-0079,EmployeeReimbursement,True,True,2,8146,USD,150.0,0.1,0.0,SRC-00043546
EXP-043547,EMP-0112,IT,2026-12-24,meal,Cafe Central,PRJ-0082,Cash,True,True,4,3001,EUR,162.0,0.1,0.05,SRC-00043547
EXP-043548,EMP-0125,Engineering,2026-01-25,travel,JR East,PRJ-0085,CorporateCard,False,True,1,19076,JPY,1.0,0.1,0.0,SRC-00043548
EXP-043549,EMP-0138,Sales,2026-02-26,other,Misc Services,PRJ-0088,BankTransfer,True,True,5,13691,USD,150.0,0.08,0.0,SRC-00043549
EXP-043550,EMP-0151,Legal,2026-03-27,accommodation,Hotel Group C,PRJ-0091,EmployeeReimbursement,True,True,3,8550,EUR,162.0,0.1,0.0,SRC-00043550
EXP-043551,EMP-0164,Operations,2026-04-01,meal,Restaurant B,PRJ-0094,Cash,True,True,4,3333,JPY,1.0,0.1,0.0,SRC-00043551
EXP-043552,EMP-0177,Finance,2026-05-02,travel,Railway Services,PRJ-0097,CorporateCard,False,True,1,19624,USD,150.0,0.1,0.0,SRC-00043552
EXP-043553,EMP-0190,Procurement,2026-06-03,other,Printing Co,PRJ-0100,BankTransfer,True,True,4,13927,EUR,162.0,0.08,0.0,SRC-00043553
EXP-043554,EMP-0203,HR,2026-07-04,accommodation,Hotel Group C,PRJ-0103,EmployeeReimbursement,True,True,1,8954,JPY,1.0,0.1,0.05,SRC-00043554
EXP-043555,EMP-0216,IT,2026-08-05,meal,Restaurant A,PRJ-0106,Cash,True,True,4,3665,USD,150.0,0.1,0.0,SRC-00043555
EXP-043556,EMP-0229,Engineering,2026-09-06,travel,JAL,PRJ-0109,CorporateCard,False,True,1,20172,EUR,162.0,0.1,0.0,SRC-00043556
EXP-043557,EMP-0242,Sales,2026-10-07,other,Software Store,PRJ-0112,BankTransfer,True,True,3,14163,JPY,1.0,0.08,0.0,SRC-00043557
EXP-043558,EMP-0005,Legal,2026-11-08,accommodation,Hotel Group C,PRJ-0115,EmployeeReimbursement,True,True,2,9358,USD,150.0,0.1,0.0,SRC-00043558
EXP-043559,EMP-0018,Operations,2026-12-09,meal,Catering Co,PRJ-0118,Cash,True,True,4,3997,EUR,162.0,0.1,0.0,SRC-00043559
EXP-043560,EMP-0031,Finance,2026-01-10,travel,JR East,PRJ-0001,CorporateCard,False,True,1,20720,JPY,1.0,0.1,0.0,SRC-00043560
EXP-043561,EMP-0044,Procurement,2026-02-11,other,Courier Service,PRJ-0004,BankTransfer,True,True,2,14399,USD,150.0,0.08,0.05,SRC-00043561
EXP-043562,EMP-0057,HR,2026-03-12,accommodation,Hotel Group C,PRJ-0007,EmployeeReimbursement,True,True,3,9762,EUR,162.0,0.1,0.0,SRC-00043562
EXP-043563,EMP-0070,IT,2026-04-13,meal,Business Dining,PRJ-0010,Cash,True,True,4,4329,JPY,1.0,0.1,0.0,SRC-00043563
EXP-043564,EMP-0083,Engineering,2026-05-14,travel,Railway Services,PRJ-0013,CorporateCard,False,True,1,21268,USD,150.0,0.1,0.0,SRC-00043564
EXP-043565,EMP-0096,Sales,2026-06-15,other,Office Supply Co,PRJ-0016,BankTransfer,True,True,1,14635,EUR,162.0,0.08,0.0,SRC-00043565
EXP-043566,EMP-0109,Legal,2026-07-16,accommodation,Hotel Group C,PRJ-0019,EmployeeReimbursement,True,True,1,10166,JPY,1.0,0.1,0.0,SRC-00043566
EXP-043567,EMP-0122,Operations,2026-08-17,meal,Cafe Central,PRJ-0022,Cash,True,True,4,4661,USD,150.0,0.1,0.0,SRC-00043567
EXP-043568,EMP-0135,Finance,2026-09-18,travel,JAL,PRJ-0025,CorporateCard,False,True,1,21816,EUR,162.0,0.1,0.05,SRC-00043568
EXP-043569,EMP-0148,Procurement,2026-10-19,other,Misc Services,PRJ-0028,BankTransfer,True,True,5,14871,JPY,1.0,0.08,0.0,SRC-00043569
EXP-043570,EMP-0161,HR,2026-11-20,accommodation,Hotel Group C,PRJ-0031,EmployeeReimbursement,True,True,2,10570,USD,150.0,0.1,0.0,SRC-00043570
EXP-043571,EMP-0174,IT,2026-12-21,meal,Restaurant B,PRJ-0034,Cash,True,True,4,4993,EUR,162.0,0.1,0.0,SRC-00043571
EXP-043572,EMP-0187,Engineering,2026-01-22,travel,JR East,PRJ-0037,CorporateCard,False,True,1,22364,JPY,1.0,0.1,0.0,SRC-00043572
EXP-043573,EMP-0200,Sales,2026-02-23,other,Printing Co,PRJ-0040,BankTransfer,True,True,4,15107,USD,150.0,0.08,0.0,SRC-00043573
EXP-043574,EMP-0213,Legal,2026-03-24,accommodation,Hotel Group C,PRJ-0043,EmployeeReimbursement,True,True,3,10974,EUR,162.0,0.1,0.0,SRC-00043574
EXP-043575,EMP-0226,Operations,2026-04-25,meal,Restaurant A,PRJ-0046,Cash,True,True,4,5325,JPY,1.0,0.1,0.05,SRC-00043575
EXP-043576,EMP-0239,Finance,2026-05-26,travel,Railway Services,PRJ-0049,CorporateCard,False,True,1,22912,USD,150.0,0.1,0.0,SRC-00043576
EXP-043577,EMP-0002,Procurement,2026-06-27,other,Software Store,PRJ-0052,BankTransfer,True,True,3,15343,EUR,162.0,0.08,0.0,SRC-00043577
EXP-043578,EMP-0015,HR,2026-07-01,accommodation,Hotel Group C,PRJ-0055,EmployeeReimbursement,True,True,1,11378,JPY,1.0,0.1,0.0,SRC-00043578
EXP-043579,EMP-0028,IT,2026-08-02,meal,Catering Co,PRJ-0058,Cash,True,True,4,5657,USD,150.0,0.1,0.0,SRC-00043579
EXP-043580,EMP-0041,Engineering,2026-09-03,travel,JAL,PRJ-0061,CorporateCard,False,True,1,23460,EUR,162.0,0.1,0.0,SRC-00043580
EXP-043581,EMP-0054,Sales,2026-10-04,other,Courier Service,PRJ-0064,BankTransfer,True,True,2,15579,JPY,1.0,0.08,0.0,SRC-00043581
EXP-043582,EMP-0067,Legal,2026-11-05,accommodation,Hotel Group C,PRJ-0067,EmployeeReimbursement,True,True,2,11782,USD,150.0,0.1,0.05,SRC-00043582
EXP-043583,EMP-0080,Operations,2026-12-06,meal,Business Dining,PRJ-0070,Cash,True,True,4,5989,EUR,162.0,0.1,0.0,SRC-00043583
EXP-043584,EMP-0093,Finance,2026-01-07,travel,JR East,PRJ-0073,CorporateCard,False,True,1,24008,JPY,1.0,0.1,0.0,SRC-00043584
EXP-043585,EMP-0106,Procurement,2026-02-08,other,Office Supply Co,PRJ-0076,BankTransfer,True,True,1,15815,USD,150.0,0.08,0.0,SRC-00043585
EXP-043586,EMP-0119,HR,2026-03-09,accommodation,Hotel Group C,PRJ-0079,EmployeeReimbursement,True,True,3,12186,EUR,162.0,0.1,0.0,SRC-00043586
EXP-043587,EMP-0132,IT,2026-04-10,meal,Cafe Central,PRJ-0082,Cash,True,True,4,6321,JPY,1.0,0.1,0.0,SRC-00043587
EXP-043588,EMP-0145,Engineering,2026-05-11,travel,Railway Services,PRJ-0085,CorporateCard,False,True,1,24556,USD,150.0,0.1,0.0,SRC-00043588
EXP-043589,EMP-0158,Sales,2026-06-12,other,Misc Services,PRJ-0088,BankTransfer,True,True,5,16051,EUR,162.0,0.08,0.05,SRC-00043589
EXP-043590,EMP-0171,Legal,2026-07-13,accommodation,Hotel Group C,PRJ-0091,EmployeeReimbursement,True,True,1,12590,JPY,1.0,0.1,0.0,SRC-00043590
EXP-043591,EMP-0184,Operations,2026-08-14,meal,Restaurant B,PRJ-0094,Cash,True,True,4,6653,USD,150.0,0.1,0.0,SRC-00043591
EXP-043592,EMP-0197,Finance,2026-09-15,travel,JAL,PRJ-0097,CorporateCard,False,True,1,25104,EUR,162.0,0.1,0.0,SRC-00043592
EXP-043593,EMP-0210,Procurement,2026-10-16,other,Printing Co,PRJ-0100,BankTransfer,True,True,4,16287,JPY,1.0,0.08,0.0,SRC-00043593
EXP-043594,EMP-0223,HR,2026-11-17,accommodation,Hotel Group C,PRJ-0103,EmployeeReimbursement,True,True,2,12994,USD,150.0,0.1,0.0,SRC-00043594
EXP-043595,EMP-0236,IT,2026-12-18,meal,Restaurant A,PRJ-0106,Cash,True,True,4,6985,EUR,162.0,0.1,0.0,SRC-00043595
EXP-043596,EMP-0249,Engineering,2026-01-19,travel,JR East,PRJ-0109,CorporateCard,False,True,1,25652,JPY,1.0,0.1,0.05,SRC-00043596
EXP-043597,EMP-0012,Sales,2026-02-20,other,Software Store,PRJ-0112,BankTransfer,True,True,3,16523,USD,150.0,0.08,0.0,SRC-00043597
EXP-043598,EMP-0025,Legal,2026-03-21,accommodation,Hotel Group C,PRJ-0115,EmployeeReimbursement,True,True,3,13398,EUR,162.0,0.1,0.0,SRC-00043598
EXP-043599,EMP-0038,Operations,2026-04-22,meal,Catering Co,PRJ-0118,Cash,True,True,4,7317,JPY,1.0,0.1,0.0,SRC-00043599
EXP-043600,EMP-0051,Finance,2026-05-23,travel,Railway Services,PRJ-0001,CorporateCard,False,True,1,26200,USD,150.0,0.1,0.0,SRC-00043600
EXP-043601,EMP-0064,Procurement,2026-06-24,other,Courier Service,PRJ-0004,BankTransfer,True,True,2,16759,EUR,162.0,0.08,0.0,SRC-00043601
EXP-043602,EMP-0077,HR,2026-07-25,accommodation,Hotel Group C,PRJ-0007,EmployeeReimbursement,True,True,1,13802,JPY,1.0,0.1,0.0,SRC-00043602
EXP-043603,EMP-0090,IT,2026-08-26,meal,Business Dining,PRJ-0010,Cash,True,True,4,7649,USD,150.0,0.1,0.05,SRC-00043603
EXP-043604,EMP-0103,Engineering,2026-09-27,travel,JAL,PRJ-0013,CorporateCard,False,True,1,26748,EUR,162.0,0.1,0.0,SRC-00043604
EXP-043605,EMP-0116,Sales,2026-10-01,other,Office Supply Co,PRJ-0016,BankTransfer,True,True,1,16995,JPY,1.0,0.08,0.0,SRC-00043605
EXP-043606,EMP-0129,Legal,2026-11-02,accommodation,Hotel Group C,PRJ-0019,EmployeeReimbursement,True,True,2,14206,USD,150.0,0.1,0.0,SRC-00043606
EXP-043607,EMP-0142,Operations,2026-12-03,meal,Cafe Central,PRJ-0022,Cash,True,True,4,7981,EUR,162.0,0.1,0.0,SRC-00043607
EXP-043608,EMP-0155,Finance,2026-01-04,travel,JR East,PRJ-0025,CorporateCard,False,True,1,27296,JPY,1.0,0.1,0.0,SRC-00043608
EXP-043609,EMP-0168,Procurement,2026-02-05,other,Misc Services,PRJ-0028,BankTransfer,True,True,5,17231,USD,150.0,0.08,0.0,SRC-00043609
EXP-043610,EMP-0181,HR,2026-03-06,accommodation,Hotel Group C,PRJ-0031,EmployeeReimbursement,True,True,3,14610,EUR,162.0,0.1,0.05,SRC-00043610
EXP-043611,EMP-0194,IT,2026-04-07,meal,Restaurant B,PRJ-0034,Cash,True,True,4,8313,JPY,1.0,0.1,0.0,SRC-00043611
EXP-043612,EMP-0207,Engineering,2026-05-08,travel,Railway Services,PRJ-0037,CorporateCard,False,True,1,27844,USD,150.0,0.1,0.0,SRC-00043612
EXP-043613,EMP-0220,Sales,2026-06-09,other,Printing Co,PRJ-0040,BankTransfer,True,True,4,17467,EUR,162.0,0.08,0.0,SRC-00043613
EXP-043614,EMP-0233,Legal,2026-07-10,accommodation,Hotel Group C,PRJ-0043,EmployeeReimbursement,True,True,1,15014,JPY,1.0,0.1,0.0,SRC-00043614
EXP-043615,EMP-0246,Operations,2026-08-11,meal,Restaurant A,PRJ-0046,Cash,True,True,4,8645,USD,150.0,0.1,0.0,SRC-00043615
EXP-043616,EMP-0009,Finance,2026-09-12,travel,JAL,PRJ-0049,CorporateCard,False,True,1,28392,EUR,162.0,0.1,0.0,SRC-00043616
EXP-043617,EMP-0022,Procurement,2026-10-13,other,Software Store,PRJ-0052,BankTransfer,True,True,3,17703,JPY,1.0,0.08,0.05,SRC-00043617
EXP-043618,EMP-0035,HR,2026-11-14,accommodation,Hotel Group C,PRJ-0055,EmployeeReimbursement,True,True,2,15418,USD,150.0,0.1,0.0,SRC-00043618
EXP-043619,EMP-0048,IT,2026-12-15,meal,Catering Co,PRJ-0058,Cash,True,True,4,8977,EUR,162.0,0.1,0.0,SRC-00043619
EXP-043620,EMP-0061,Engineering,2026-01-16,travel,JR East,PRJ-0061,CorporateCard,False,True,1,28940,JPY,1.0,0.1,0.0,SRC-00043620
EXP-043621,EMP-0074,Sales,2026-02-17,other,Courier Service,PRJ-0064,BankTransfer,True,True,2,17939,USD,150.0,0.08,0.0,SRC-00043621
EXP-043622,EMP-0087,Legal,2026-03-18,accommodation,Hotel Group C,PRJ-0067,EmployeeReimbursement,True,True,3,15822,EUR,162.0,0.1,0.0,SRC-00043622
EXP-043623,EMP-0100,Operations,2026-04-19,meal,Business Dining,PRJ-0070,Cash,True,True,4,9309,JPY,1.0,0.1,0.0,SRC-00043623
EXP-043624,EMP-0113,Finance,2026-05-20,travel,Railway Services,PRJ-0073,CorporateCard,False,True,1,29488,USD,150.0,0.1,0.05,SRC-00043624
EXP-043625,EMP-0126,Procurement,2026-06-21,other,Office Supply Co,PRJ-0076,BankTransfer,True,True,1,18175,EUR,162.0,0.08,0.0,SRC-00043625
EXP-043626,EMP-0139,HR,2026-07-22,accommodation,Hotel Group C,PRJ-0079,EmployeeReimbursement,True,True,1,16226,JPY,1.0,0.1,0.0,SRC-00043626
EXP-043627,EMP-0152,IT,2026-08-23,meal,Cafe Central,PRJ-0082,Cash,True,True,4,9641,USD,150.0,0.1,0.0,SRC-00043627
EXP-043628,EMP-0165,Engineering,2026-09-24,travel,JAL,PRJ-0085,CorporateCard,False,True,1,30036,EUR,162.0,0.1,0.0,SRC-00043628
EXP-043629,EMP-0178,Sales,2026-10-25,other,Misc Services,PRJ-0088,BankTransfer,True,True,5,411,JPY,1.0,0.08,0.0,SRC-00043629
EXP-043630,EMP-0191,Legal,2026-11-26,accommodation,Hotel Group C,PRJ-0091,EmployeeReimbursement,True,True,2,16630,USD,150.0,0.1,0.0,SRC-00043630
EXP-043631,EMP-0204,Operations,2026-12-27,meal,Restaurant B,PRJ-0094,Cash,True,True,4,9973,EUR,162.0,0.1,0.05,SRC-00043631
EXP-043632,EMP-0217,Finance,2026-01-01,travel,JR East,PRJ-0097,CorporateCard,False,True,1,30584,JPY,1.0,0.1,0.0,SRC-00043632
EXP-043633,EMP-0230,Procurement,2026-02-02,other,Printing Co,PRJ-0100,BankTransfer,True,True,4,647,USD,150.0,0.08,0.0,SRC-00043633
EXP-043634,EMP-0243,HR,2026-03-03,accommodation,Hotel Group C,PRJ-0103,EmployeeReimbursement,True,True,3,17034,EUR,162.0,0.1,0.0,SRC-00043634
EXP-043635,EMP-0006,IT,2026-04-04,meal,Restaurant A,PRJ-0106,Cash,True,True,4,10305,JPY,1.0,0.1,0.0,SRC-00043635
EXP-043636,EMP-0019,Engineering,2026-05-05,travel,Railway Services,PRJ-0109,CorporateCard,False,True,1,31132,USD,150.0,0.1,0.0,SRC-00043636
EXP-043637,EMP-0032,Sales,2026-06-06,other,Software Store,PRJ-0112,BankTransfer,True,True,3,883,EUR,162.0,0.08,0.0,SRC-00043637
EXP-043638,EMP-0045,Legal,2026-07-07,accommodation,Hotel Group C,PRJ-0115,EmployeeReimbursement,True,True,1,17438,JPY,1.0,0.1,0.05,SRC-00043638
EXP-043639,EMP-0058,Operations,2026-08-08,meal,Catering Co,PRJ-0118,Cash,True,True,4,10637,USD,150.0,0.1,0.0,SRC-00043639
EXP-043640,EMP-0071,Finance,2026-09-09,travel,JAL,PRJ-0001,CorporateCard,False,True,1,31680,EUR,162.0,0.1,0.0,SRC-00043640
EXP-043641,EMP-0084,Procurement,2026-10-10,other,Courier Service,PRJ-0004,BankTransfer,True,True,2,1119,JPY,1.0,0.08,0.0,SRC-00043641
EXP-043642,EMP-0097,HR,2026-11-11,accommodation,Hotel Group C,PRJ-0007,EmployeeReimbursement,True,True,2,17842,USD,150.0,0.1,0.0,SRC-00043642
EXP-043643,EMP-0110,IT,2026-12-12,meal,Business Dining,PRJ-0010,Cash,True,True,4,10969,EUR,162.0,0.1,0.0,SRC-00043643
EXP-043644,EMP-0123,Engineering,2026-01-13,travel,JR East,PRJ-0013,CorporateCard,False,True,1,32228,JPY,1.0,0.1,0.0,SRC-00043644
EXP-043645,EMP-0136,Sales,2026-02-14,other,Office Supply Co,PRJ-0016,BankTransfer,True,True,1,1355,USD,150.0,0.08,0.05,SRC-00043645
EXP-043646,EMP-0149,Legal,2026-03-15,accommodation,Hotel Group C,PRJ-0019,EmployeeReimbursement,True,True,3,18246,EUR,162.0,0.1,0.0,SRC-00043646
EXP-043647,EMP-0162,Operations,2026-04-16,meal,Cafe Central,PRJ-0022,Cash,True,True,4,11301,JPY,1.0,0.1,0.0,SRC-00043647
EXP-043648,EMP-0175,Finance,2026-05-17,travel,Railway Services,PRJ-0025,CorporateCard,False,True,1,32776,USD,150.0,0.1,0.0,SRC-00043648
EXP-043649,EMP-0188,Procurement,2026-06-18,other,Misc Services,PRJ-0028,BankTransfer,True,True,5,1591,EUR,162.0,0.08,0.0,SRC-00043649
EXP-043650,EMP-0201,HR,2026-07-19,accommodation,Hotel Group C,PRJ-0031,EmployeeReimbursement,True,True,1,18650,JPY,1.0,0.1,0.0,SRC-00043650
EXP-043651,EMP-0214,IT,2026-08-20,meal,Restaurant B,PRJ-0034,Cash,True,True,4,11633,USD,150.0,0.1,0.0,SRC-00043651
EXP-043652,EMP-0227,Engineering,2026-09-21,travel,JAL,PRJ-0037,CorporateCard,False,True,1,33324,EUR,162.0,0.1,0.05,SRC-00043652
EXP-043653,EMP-0240,Sales,2026-10-22,other,Printing Co,PRJ-0040,BankTransfer,True,True,4,1827,JPY,1.0,0.08,0.0,SRC-00043653
EXP-043654,EMP-0003,Legal,2026-11-23,accommodation,Hotel Group C,PRJ-0043,EmployeeReimbursement,True,True,2,19054,USD,150.0,0.1,0.0,SRC-00043654
EXP-043655,EMP-0016,Operations,2026-12-24,meal,Restaurant A,PRJ-0046,Cash,True,True,4,11965,EUR,162.0,0.1,0.0,SRC-00043655
EXP-043656,EMP-0029,Finance,2026-01-25,travel,JR East,PRJ-0049,CorporateCard,False,True,1,33872,JPY,1.0,0.1,0.0,SRC-00043656
EXP-043657,EMP-0042,Procurement,2026-02-26,other,Software Store,PRJ-0052,BankTransfer,True,True,3,2063,USD,150.0,0.08,0.0,SRC-00043657
EXP-043658,EMP-0055,HR,2026-03-27,accommodation,Hotel Group C,PRJ-0055,EmployeeReimbursement,True,True,3,19458,EUR,162.0,0.1,0.0,SRC-00043658
EXP-043659,EMP-0068,IT,2026-04-01,meal,Catering Co,PRJ-0058,Cash,True,True,4,12297,JPY,1.0,0.1,0.05,SRC-00043659
EXP-043660,EMP-0081,Engineering,2026-05-02,travel,Railway Services,PRJ-0061,CorporateCard,False,True,1,34420,USD,150.0,0.1,0.0,SRC-00043660
EXP-043661,EMP-0094,Sales,2026-06-03,other,Courier Service,PRJ-0064,BankTransfer,True,True,2,2299,EUR,162.0,0.08,0.0,SRC-00043661
EXP-043662,EMP-0107,Legal,2026-07-04,accommodation,Hotel Group C,PRJ-0067,EmployeeReimbursement,True,True,1,19862,JPY,1.0,0.1,0.0,SRC-00043662
EXP-043663,EMP-0120,Operations,2026-08-05,meal,Business Dining,PRJ-0070,Cash,True,True,4,12629,USD,150.0,0.1,0.0,SRC-00043663
EXP-043664,EMP-0133,Finance,2026-09-06,travel,JAL,PRJ-0073,CorporateCard,False,True,1,34968,EUR,162.0,0.1,0.0,SRC-00043664
EXP-043665,EMP-0146,Procurement,2026-10-07,other,Office Supply Co,PRJ-0076,BankTransfer,True,True,1,2535,JPY,1.0,0.08,0.0,SRC-00043665
EXP-043666,EMP-0159,HR,2026-11-08,accommodation,Hotel Group C,PRJ-0079,EmployeeReimbursement,True,True,2,20266,USD,150.0,0.1,0.05,SRC-00043666
EXP-043667,EMP-0172,IT,2026-12-09,meal,Cafe Central,PRJ-0082,Cash,True,True,4,12961,EUR,162.0,0.1,0.0,SRC-00043667
EXP-043668,EMP-0185,Engineering,2026-01-10,travel,JR East,PRJ-0085,CorporateCard,False,True,1,35516,JPY,1.0,0.1,0.0,SRC-00043668
EXP-043669,EMP-0198,Sales,2026-02-11,other,Misc Services,PRJ-0088,BankTransfer,True,True,5,2771,USD,150.0,0.08,0.0,SRC-00043669
EXP-043670,EMP-0211,Legal,2026-03-12,accommodation,Hotel Group C,PRJ-0091,EmployeeReimbursement,True,True,3,20670,EUR,162.0,0.1,0.0,SRC-00043670
EXP-043671,EMP-0224,Operations,2026-04-13,meal,Restaurant B,PRJ-0094,Cash,True,True,4,13293,JPY,1.0,0.1,0.0,SRC-00043671
EXP-043672,EMP-0237,Finance,2026-05-14,travel,Railway Services,PRJ-0097,CorporateCard,False,True,1,36064,USD,150.0,0.1,0.0,SRC-00043672
EXP-043673,EMP-0250,Procurement,2026-06-15,other,Printing Co,PRJ-0100,BankTransfer,True,True,4,3007,EUR,162.0,0.08,0.05,SRC-00043673
EXP-043674,EMP-0013,HR,2026-07-16,accommodation,Hotel Group C,PRJ-0103,EmployeeReimbursement,True,True,1,21074,JPY,1.0,0.1,0.0,SRC-00043674
EXP-043675,EMP-0026,IT,2026-08-17,meal,Restaurant A,PRJ-0106,Cash,True,True,4,13625,USD,150.0,0.1,0.0,SRC-00043675
EXP-043676,EMP-0039,Engineering,2026-09-18,travel,JAL,PRJ-0109,CorporateCard,False,True,1,36612,EUR,162.0,0.1,0.0,SRC-00043676
EXP-043677,EMP-0052,Sales,2026-10-19,other,Software Store,PRJ-0112,BankTransfer,True,True,3,3243,JPY,1.0,0.08,0.0,SRC-00043677
EXP-043678,EMP-0065,Legal,2026-11-20,accommodation,Hotel Group C,PRJ-0115,EmployeeReimbursement,True,True,2,21478,USD,150.0,0.1,0.0,SRC-00043678
EXP-043679,EMP-0078,Operations,2026-12-21,meal,Catering Co,PRJ-0118,Cash,True,True,4,13957,EUR,162.0,0.1,0.0,SRC-00043679
EXP-043680,EMP-0091,Finance,2026-01-22,travel,JR East,PRJ-0001,CorporateCard,False,True,1,37160,JPY,1.0,0.1,0.05,SRC-00043680
EXP-043681,EMP-0104,Procurement,2026-02-23,other,Courier Service,PRJ-0004,BankTransfer,True,True,2,3479,USD,150.0,0.08,0.0,SRC-00043681
EXP-043682,EMP-0117,HR,2026-03-24,accommodation,Hotel Group C,PRJ-0007,EmployeeReimbursement,True,True,3,21882,EUR,162.0,0.1,0.0,SRC-00043682
EXP-043683,EMP-0130,IT,2026-04-25,meal,Business Dining,PRJ-0010,Cash,True,True,4,14289,JPY,1.0,0.1,0.0,SRC-00043683
EXP-043684,EMP-0143,Engineering,2026-05-26,travel,Railway Services,PRJ-0013,CorporateCard,False,True,1,37708,USD,150.0,0.1,0.0,SRC-00043684
EXP-043685,EMP-0156,Sales,2026-06-27,other,Office Supply Co,PRJ-0016,BankTransfer,True,True,1,3715,EUR,162.0,0.08,0.0,SRC-00043685
EXP-043686,EMP-0169,Legal,2026-07-01,accommodation,Hotel Group C,PRJ-0019,EmployeeReimbursement,True,True,1,22286,JPY,1.0,0.1,0.0,SRC-00043686
EXP-043687,EMP-0182,Operations,2026-08-02,meal,Cafe Central,PRJ-0022,Cash,True,True,4,621,USD,150.0,0.1,0.05,SRC-00043687
EXP-043688,EMP-0195,Finance,2026-09-03,travel,JAL,PRJ-0025,CorporateCard,False,True,1,38256,EUR,162.0,0.1,0.0,SRC-00043688
EXP-043689,EMP-0208,Procurement,2026-10-04,other,Misc Services,PRJ-0028,BankTransfer,True,True,5,3951,JPY,1.0,0.08,0.0,SRC-00043689
EXP-043690,EMP-0221,HR,2026-11-05,accommodation,Hotel Group C,PRJ-0031,EmployeeReimbursement,True,True,2,22690,USD,150.0,0.1,0.0,SRC-00043690
EXP-043691,EMP-0234,IT,2026-12-06,meal,Restaurant B,PRJ-0034,Cash,True,True,4,953,EUR,162.0,0.1,0.0,SRC-00043691
EXP-043692,EMP-0247,Engineering,2026-01-07,travel,JR East,PRJ-0037,CorporateCard,False,True,1,38804,JPY,1.0,0.1,0.0,SRC-00043692
EXP-043693,EMP-0010,Sales,2026-02-08,other,Printing Co,PRJ-0040,BankTransfer,True,True,4,4187,USD,150.0,0.08,0.0,SRC-00043693
EXP-043694,EMP-0023,Legal,2026-03-09,accommodation,Hotel Group C,PRJ-0043,EmployeeReimbursement,True,True,3,23094,EUR,162.0,0.1,0.05,SRC-00043694
EXP-043695,EMP-0036,Operations,2026-04-10,meal,Restaurant A,PRJ-0046,Cash,True,True,4,1285,JPY,1.0,0.1,0.0,SRC-00043695
EXP-043696,EMP-0049,Finance,2026-05-11,travel,Railway Services,PRJ-0049,CorporateCard,False,True,1,39352,USD,150.0,0.1,0.0,SRC-00043696
EXP-043697,EMP-0062,Procurement,2026-06-12,other,Software Store,PRJ-0052,BankTransfer,True,True,3,4423,EUR,162.0,0.08,0.0,SRC-00043697
EXP-043698,EMP-0075,HR,2026-07-13,accommodation,Hotel Group C,PRJ-0055,EmployeeReimbursement,True,True,1,23498,JPY,1.0,0.1,0.0,SRC-00043698
EXP-043699,EMP-0088,IT,2026-08-14,meal,Catering Co,PRJ-0058,Cash,True,True,4,1617,USD,150.0,0.1,0.0,SRC-00043699
EXP-043700,EMP-0101,Engineering,2026-09-15,travel,JAL,PRJ-0061,CorporateCard,False,True,1,39900,EUR,162.0,0.1,0.0,SRC-00043700
EXP-043701,EMP-0114,Sales,2026-10-16,other,Courier Service,PRJ-0064,BankTransfer,True,True,2,4659,JPY,1.0,0.08,0.05,SRC-00043701
EXP-043702,EMP-0127,Legal,2026-11-17,accommodation,Hotel Group C,PRJ-0067,EmployeeReimbursement,True,True,2,23902,USD,150.0,0.1,0.0,SRC-00043702
EXP-043703,EMP-0140,Operations,2026-12-18,meal,Business Dining,PRJ-0070,Cash,True,True,4,1949,EUR,162.0,0.1,0.0,SRC-00043703
EXP-043704,EMP-0153,Finance,2026-01-19,travel,JR East,PRJ-0073,CorporateCard,False,True,1,40448,JPY,1.0,0.1,0.0,SRC-00043704
EXP-043705,EMP-0166,Procurement,2026-02-20,other,Office Supply Co,PRJ-0076,BankTransfer,True,True,1,4895,USD,150.0,0.08,0.0,SRC-00043705
EXP-043706,EMP-0179,HR,2026-03-21,accommodation,Hotel Group C,PRJ-0079,EmployeeReimbursement,True,True,3,24306,EUR,162.0,0.1,0.0,SRC-00043706
EXP-043707,EMP-0192,IT,2026-04-22,meal,Cafe Central,PRJ-0082,Cash,True,True,4,2281,JPY,1.0,0.1,0.0,SRC-00043707
EXP-043708,EMP-0205,Engineering,2026-05-23,travel,Railway Services,PRJ-0085,CorporateCard,False,True,1,40996,USD,150.0,0.1,0.05,SRC-00043708
EXP-043709,EMP-0218,Sales,2026-06-24,other,Misc Services,PRJ-0088,BankTransfer,True,True,5,5131,EUR,162.0,0.08,0.0,SRC-00043709
EXP-043710,EMP-0231,Legal,2026-07-25,accommodation,Hotel Group C,PRJ-0091,EmployeeReimbursement,True,True,1,24710,JPY,1.0,0.1,0.0,SRC-00043710
EXP-043711,EMP-0244,Operations,2026-08-26,meal,Restaurant B,PRJ-0094,Cash,True,True,4,2613,USD,150.0,0.1,0.0,SRC-00043711
EXP-043712,EMP-0007,Finance,2026-09-27,travel,JAL,PRJ-0097,CorporateCard,False,True,1,41544,EUR,162.0,0.1,0.0,SRC-00043712
EXP-043713,EMP-0020,Procurement,2026-10-01,other,Printing Co,PRJ-0100,BankTransfer,True,True,4,5367,JPY,1.0,0.08,0.0,SRC-00043713
EXP-043714,EMP-0033,HR,2026-11-02,accommodation,Hotel Group C,PRJ-0103,EmployeeReimbursement,True,True,2,25114,USD,150.0,0.1,0.0,SRC-00043714
EXP-043715,EMP-0046,IT,2026-12-03,meal,Restaurant A,PRJ-0106,Cash,True,True,4,2945,EUR,162.0,0.1,0.05,SRC-00043715
EXP-043716,EMP-0059,Engineering,2026-01-04,travel,JR East,PRJ-0109,CorporateCard,False,True,1,42092,JPY,1.0,0.1,0.0,SRC-00043716
EXP-043717,EMP-0072,Sales,2026-02-05,other,Software Store,PRJ-0112,BankTransfer,True,True,3,5603,USD,150.0,0.08,0.0,SRC-00043717
EXP-043718,EMP-0085,Legal,2026-03-06,accommodation,Hotel Group C,PRJ-0115,EmployeeReimbursement,True,True,3,25518,EUR,162.0,0.1,0.0,SRC-00043718
EXP-043719,EMP-0098,Operations,2026-04-07,meal,Catering Co,PRJ-0118,Cash,True,True,4,3277,JPY,1.0,0.1,0.0,SRC-00043719
EXP-043720,EMP-0111,Finance,2026-05-08,travel,Railway Services,PRJ-0001,CorporateCard,False,True,1,42640,USD,150.0,0.1,0.0,SRC-00043720
EXP-043721,EMP-0124,Procurement,2026-06-09,other,Courier Service,PRJ-0004,BankTransfer,True,True,2,5839,EUR,162.0,0.08,0.0,SRC-00043721
EXP-043722,EMP-0137,HR,2026-07-10,accommodation,Hotel Group C,PRJ-0007,EmployeeReimbursement,True,True,1,25922,JPY,1.0,0.1,0.05,SRC-00043722
EXP-043723,EMP-0150,IT,2026-08-11,meal,Business Dining,PRJ-0010,Cash,True,True,4,3609,USD,150.0,0.1,0.0,SRC-00043723
EXP-043724,EMP-0163,Engineering,2026-09-12,travel,JAL,PRJ-0013,CorporateCard,False,True,1,43188,EUR,162.0,0.1,0.0,SRC-00043724
EXP-043725,EMP-0176,Sales,2026-10-13,other,Office Supply Co,PRJ-0016,BankTransfer,True,True,1,6075,JPY,1.0,0.08,0.0,SRC-00043725
EXP-043726,EMP-0189,Legal,2026-11-14,accommodation,Hotel Group C,PRJ-0019,EmployeeReimbursement,True,True,2,26326,USD,150.0,0.1,0.0,SRC-00043726
EXP-043727,EMP-0202,Operations,2026-12-15,meal,Cafe Central,PRJ-0022,Cash,True,True,4,3941,EUR,162.0,0.1,0.0,SRC-00043727
EXP-043728,EMP-0215,Finance,2026-01-16,travel,JR East,PRJ-0025,CorporateCard,False,True,1,43736,JPY,1.0,0.1,0.0,SRC-00043728
EXP-043729,EMP-0228,Procurement,2026-02-17,other,Misc Services,PRJ-0028,BankTransfer,True,True,5,6311,USD,150.0,0.08,0.05,SRC-00043729
EXP-043730,EMP-0241,HR,2026-03-18,accommodation,Hotel Group C,PRJ-0031,EmployeeReimbursement,True,True,3,26730,EUR,162.0,0.1,0.0,SRC-00043730
EXP-043731,EMP-0004,IT,2026-04-19,meal,Restaurant B,PRJ-0034,Cash,True,True,4,4273,JPY,1.0,0.1,0.0,SRC-00043731
EXP-043732,EMP-0017,Engineering,2026-05-20,travel,Railway Services,PRJ-0037,CorporateCard,False,True,1,44284,USD,150.0,0.1,0.0,SRC-00043732
EXP-043733,EMP-0030,Sales,2026-06-21,other,Printing Co,PRJ-0040,BankTransfer,True,True,4,6547,EUR,162.0,0.08,0.0,SRC-00043733
EXP-043734,EMP-0043,Legal,2026-07-22,accommodation,Hotel Group C,PRJ-0043,EmployeeReimbursement,True,True,1,27134,JPY,1.0,0.1,0.0,SRC-00043734
EXP-043735,EMP-0056,Operations,2026-08-23,meal,Restaurant A,PRJ-0046,Cash,True,True,4,4605,USD,150.0,0.1,0.0,SRC-00043735
EXP-043736,EMP-0069,Finance,2026-09-24,travel,JAL,PRJ-0049,CorporateCard,False,True,1,44832,EUR,162.0,0.1,0.05,SRC-00043736
EXP-043737,EMP-0082,Procurement,2026-10-25,other,Software Store,PRJ-0052,BankTransfer,True,True,3,6783,JPY,1.0,0.08,0.0,SRC-00043737
EXP-043738,EMP-0095,HR,2026-11-26,accommodation,Hotel Group C,PRJ-0055,EmployeeReimbursement,True,True,2,27538,USD,150.0,0.1,0.0,SRC-00043738
EXP-043739,EMP-0108,IT,2026-12-27,meal,Catering Co,PRJ-0058,Cash,True,True,4,4937,EUR,162.0,0.1,0.0,SRC-00043739
EXP-043740,EMP-0121,Engineering,2026-01-01,travel,JR East,PRJ-0061,CorporateCard,False,True,1,45380,JPY,1.0,0.1,0.0,SRC-00043740
EXP-043741,EMP-0134,Sales,2026-02-02,other,Courier Service,PRJ-0064,BankTransfer,True,True,2,7019,USD,150.0,0.08,0.0,SRC-00043741
EXP-043742,EMP-0147,Legal,2026-03-03,accommodation,Hotel Group C,PRJ-0067,EmployeeReimbursement,True,True,3,27942,EUR,162.0,0.1,0.0,SRC-00043742
EXP-043743,EMP-0160,Operations,2026-04-04,meal,Business Dining,PRJ-0070,Cash,True,True,4,5269,JPY,1.0,0.1,0.05,SRC-00043743
EXP-043744,EMP-0173,Finance,2026-05-05,travel,Railway Services,PRJ-0073,CorporateCard,False,True,1,45928,USD,150.0,0.1,0.0,SRC-00043744
EXP-043745,EMP-0186,Procurement,2026-06-06,other,Office Supply Co,PRJ-0076,BankTransfer,True,True,1,7255,EUR,162.0,0.08,0.0,SRC-00043745
EXP-043746,EMP-0199,HR,2026-07-07,accommodation,Hotel Group C,PRJ-0079,EmployeeReimbursement,True,True,1,28346,JPY,1.0,0.1,0.0,SRC-00043746
EXP-043747,EMP-0212,IT,2026-08-08,meal,Cafe Central,PRJ-0082,Cash,True,True,4,5601,USD,150.0,0.1,0.0,SRC-00043747
EXP-043748,EMP-0225,Engineering,2026-09-09,travel,JAL,PRJ-0085,CorporateCard,False,True,1,46476,EUR,162.0,0.1,0.0,SRC-00043748
EXP-043749,EMP-0238,Sales,2026-10-10,other,Misc Services,PRJ-0088,BankTransfer,True,True,5,7491,JPY,1.0,0.08,0.0,SRC-00043749
EXP-043750,EMP-0001,Legal,2026-11-11,accommodation,Hotel Group C,PRJ-0091,EmployeeReimbursement,True,True,2,28750,USD,150.0,0.1,0.05,SRC-00043750
EXP-043751,EMP-0014,Operations,2026-12-12,meal,Restaurant B,PRJ-0094,Cash,True,True,4,5933,EUR,162.0,0.1,0.0,SRC-00043751
EXP-043752,EMP-0027,Finance,2026-01-13,travel,JR East,PRJ-0097,CorporateCard,False,True,1,47024,JPY,1.0,0.1,0.0,SRC-00043752
EXP-043753,EMP-0040,Procurement,2026-02-14,other,Printing Co,PRJ-0100,BankTransfer,True,True,4,7727,USD,150.0,0.08,0.0,SRC-00043753
EXP-043754,EMP-0053,HR,2026-03-15,accommodation,Hotel Group C,PRJ-0103,EmployeeReimbursement,True,True,3,29154,EUR,162.0,0.1,0.0,SRC-00043754
EXP-043755,EMP-0066,IT,2026-04-16,meal,Restaurant A,PRJ-0106,Cash,True,True,4,6265,JPY,1.0,0.1,0.0,SRC-00043755
EXP-043756,EMP-0079,Engineering,2026-05-17,travel,Railway Services,PRJ-0109,CorporateCard,False,True,1,47572,USD,150.0,0.1,0.0,SRC-00043756
EXP-043757,EMP-0092,Sales,2026-06-18,other,Software Store,PRJ-0112,BankTransfer,True,True,3,7963,EUR,162.0,0.08,0.05,SRC-00043757
EXP-043758,EMP-0105,Legal,2026-07-19,accommodation,Hotel Group C,PRJ-0115,EmployeeReimbursement,True,True,1,29558,JPY,1.0,0.1,0.0,SRC-00043758
EXP-043759,EMP-0118,Operations,2026-08-20,meal,Catering Co,PRJ-0118,Cash,True,True,4,6597,USD,150.0,0.1,0.0,SRC-00043759
EXP-043760,EMP-0131,Finance,2026-09-21,travel,JAL,PRJ-0001,CorporateCard,False,True,1,48120,EUR,162.0,0.1,0.0,SRC-00043760
EXP-043761,EMP-0144,Procurement,2026-10-22,other,Courier Service,PRJ-0004,BankTransfer,True,True,2,8199,JPY,1.0,0.08,0.0,SRC-00043761
EXP-043762,EMP-0157,HR,2026-11-23,accommodation,Hotel Group C,PRJ-0007,EmployeeReimbursement,True,True,2,29962,USD,150.0,0.1,0.0,SRC-00043762
EXP-043763,EMP-0170,IT,2026-12-24,meal,Business Dining,PRJ-0010,Cash,True,True,4,6929,EUR,162.0,0.1,0.0,SRC-00043763
EXP-043764,EMP-0183,Engineering,2026-01-25,travel,JR East,PRJ-0013,CorporateCard,False,True,1,48668,JPY,1.0,0.1,0.05,SRC-00043764
EXP-043765,EMP-0196,Sales,2026-02-26,other,Office Supply Co,PRJ-0016,BankTransfer,True,True,1,8435,USD,150.0,0.08,0.0,SRC-00043765
EXP-043766,EMP-0209,Legal,2026-03-27,accommodation,Hotel Group C,PRJ-0019,EmployeeReimbursement,True,True,3,30366,EUR,162.0,0.1,0.0,SRC-00043766
EXP-043767,EMP-0222,Operations,2026-04-01,meal,Cafe Central,PRJ-0022,Cash,True,True,4,7261,JPY,1.0,0.1,0.0,SRC-00043767
EXP-043768,EMP-0235,Finance,2026-05-02,travel,Railway Services,PRJ-0025,CorporateCard,False,True,1,49216,USD,150.0,0.1,0.0,SRC-00043768
EXP-043769,EMP-0248,Procurement,2026-06-03,other,Misc Services,PRJ-0028,BankTransfer,True,True,5,8671,EUR,162.0,0.08,0.0,SRC-00043769
EXP-043770,EMP-0011,HR,2026-07-04,accommodation,Hotel Group C,PRJ-0031,EmployeeReimbursement,True,True,1,30770,JPY,1.0,0.1,0.0,SRC-00043770
EXP-043771,EMP-0024,IT,2026-08-05,meal,Restaurant B,PRJ-0034,Cash,True,True,4,7593,USD,150.0,0.1,0.05,SRC-00043771
EXP-043772,EMP-0037,Engineering,2026-09-06,travel,JAL,PRJ-0037,CorporateCard,False,True,1,49764,EUR,162.0,0.1,0.0,SRC-00043772
EXP-043773,EMP-0050,Sales,2026-10-07,other,Printing Co,PRJ-0040,BankTransfer,True,True,4,8907,JPY,1.0,0.08,0.0,SRC-00043773
EXP-043774,EMP-0063,Legal,2026-11-08,accommodation,Hotel Group C,PRJ-0043,EmployeeReimbursement,True,True,2,31174,USD,150.0,0.1,0.0,SRC-00043774
EXP-043775,EMP-0076,Operations,2026-12-09,meal,Restaurant A,PRJ-0046,Cash,True,True,4,7925,EUR,162.0,0.1,0.0,SRC-00043775
EXP-043776,EMP-0089,Finance,2026-01-10,travel,JR East,PRJ-0049,CorporateCard,False,True,1,50312,JPY,1.0,0.1,0.0,SRC-00043776
EXP-043777,EMP-0102,Procurement,2026-02-11,other,Software Store,PRJ-0052,BankTransfer,True,True,3,9143,USD,150.0,0.08,0.0,SRC-00043777
EXP-043778,EMP-0115,HR,2026-03-12,accommodation,Hotel Group C,PRJ-0055,EmployeeReimbursement,True,True,3,31578,EUR,162.0,0.1,0.05,SRC-00043778
EXP-043779,EMP-0128,IT,2026-04-13,meal,Catering Co,PRJ-0058,Cash,True,True,4,8257,JPY,1.0,0.1,0.0,SRC-00043779
EXP-043780,EMP-0141,Engineering,2026-05-14,travel,Railway Services,PRJ-0061,CorporateCard,False,True,1,50860,USD,150.0,0.1,0.0,SRC-00043780
EXP-043781,EMP-0154,Sales,2026-06-15,other,Courier Service,PRJ-0064,BankTransfer,True,True,2,9379,EUR,162.0,0.08,0.0,SRC-00043781
EXP-043782,EMP-0167,Legal,2026-07-16,accommodation,Hotel Group C,PRJ-0067,EmployeeReimbursement,True,True,1,31982,JPY,1.0,0.1,0.0,SRC-00043782
EXP-043783,EMP-0180,Operations,2026-08-17,meal,Business Dining,PRJ-0070,Cash,True,True,4,8589,USD,150.0,0.1,0.0,SRC-00043783
EXP-043784,EMP-0193,Finance,2026-09-18,travel,JAL,PRJ-0073,CorporateCard,False,True,1,51408,EUR,162.0,0.1,0.0,SRC-00043784
EXP-043785,EMP-0206,Procurement,2026-10-19,other,Office Supply Co,PRJ-0076,BankTransfer,True,True,1,9615,JPY,1.0,0.08,0.05,SRC-00043785
EXP-043786,EMP-0219,HR,2026-11-20,accommodation,Hotel Group C,PRJ-0079,EmployeeReimbursement,True,True,2,32386,USD,150.0,0.1,0.0,SRC-00043786
EXP-043787,EMP-0232,IT,2026-12-21,meal,Cafe Central,PRJ-0082,Cash,True,True,4,8921,EUR,162.0,0.1,0.0,SRC-00043787
EXP-043788,EMP-0245,Engineering,2026-01-22,travel,JR East,PRJ-0085,CorporateCard,False,True,1,51956,JPY,1.0,0.1,0.0,SRC-00043788
EXP-043789,EMP-0008,Sales,2026-02-23,other,Misc Services,PRJ-0088,BankTransfer,True,True,5,9851,USD,150.0,0.08,0.0,SRC-00043789
EXP-043790,EMP-0021,Legal,2026-03-24,accommodation,Hotel Group C,PRJ-0091,EmployeeReimbursement,True,True,3,32790,EUR,162.0,0.1,0.0,SRC-00043790
EXP-043791,EMP-0034,Operations,2026-04-25,meal,Restaurant B,PRJ-0094,Cash,True,True,4,9253,JPY,1.0,0.1,0.0,SRC-00043791
EXP-043792,EMP-0047,Finance,2026-05-26,travel,Railway Services,PRJ-0097,CorporateCard,False,True,1,52504,USD,150.0,0.1,0.05,SRC-00043792
EXP-043793,EMP-0060,Procurement,2026-06-27,other,Printing Co,PRJ-0100,BankTransfer,True,True,4,10087,EUR,162.0,0.08,0.0,SRC-00043793
EXP-043794,EMP-0073,HR,2026-07-01,accommodation,Hotel Group C,PRJ-0103,EmployeeReimbursement,True,True,1,33194,JPY,1.0,0.1,0.0,SRC-00043794
EXP-043795,EMP-0086,IT,2026-08-02,meal,Restaurant A,PRJ-0106,Cash,True,True,4,9585,USD,150.0,0.1,0.0,SRC-00043795
EXP-043796,EMP-0099,Engineering,2026-09-03,travel,JAL,PRJ-0109,CorporateCard,False,True,1,53052,EUR,162.0,0.1,0.0,SRC-00043796
EXP-043797,EMP-0112,Sales,2026-10-04,other,Software Store,PRJ-0112,BankTransfer,True,True,3,10323,JPY,1.0,0.08,0.0,SRC-00043797
EXP-043798,EMP-0125,Legal,2026-11-05,accommodation,Hotel Group C,PRJ-0115,EmployeeReimbursement,True,True,2,33598,USD,150.0,0.1,0.0,SRC-00043798
EXP-043799,EMP-0138,Operations,2026-12-06,meal,Catering Co,PRJ-0118,Cash,True,True,4,9917,EUR,162.0,0.1,0.05,SRC-00043799
EXP-043800,EMP-0151,Finance,2026-01-07,travel,JR East,PRJ-0001,CorporateCard,False,True,1,53600,JPY,1.0,0.1,0.0,SRC-00043800
EXP-043801,EMP-0164,Procurement,2026-02-08,other,Courier Service,PRJ-0004,BankTransfer,True,True,2,10559,USD,150.0,0.08,0.0,SRC-00043801
EXP-043802,EMP-0177,HR,2026-03-09,accommodation,Hotel Group C,PRJ-0007,EmployeeReimbursement,True,True,3,6002,EUR,162.0,0.1,0.0,SRC-00043802
EXP-043803,EMP-0190,IT,2026-04-10,meal,Business Dining,PRJ-0010,Cash,True,True,4,10249,JPY,1.0,0.1,0.0,SRC-00043803
EXP-043804,EMP-0203,Engineering,2026-05-11,travel,Railway Services,PRJ-0013,CorporateCard,False,True,1,54148,USD,150.0,0.1,0.0,SRC-00043804
EXP-043805,EMP-0216,Sales,2026-06-12,other,Office Supply Co,PRJ-0016,BankTransfer,True,True,1,10795,EUR,162.0,0.08,0.0,SRC-00043805
EXP-043806,EMP-0229,Legal,2026-07-13,accommodation,Hotel Group C,PRJ-0019,EmployeeReimbursement,True,True,1,6406,JPY,1.0,0.1,0.05,SRC-00043806
EXP-043807,EMP-0242,Operations,2026-08-14,meal,Cafe Central,PRJ-0022,Cash,True,True,4,10581,USD,150.0,0.1,0.0,SRC-00043807
EXP-043808,EMP-0005,Finance,2026-09-15,travel,JAL,PRJ-0025,CorporateCard,False,True,1,54696,EUR,162.0,0.1,0.0,SRC-00043808
EXP-043809,EMP-0018,Procurement,2026-10-16,other,Misc Services,PRJ-0028,BankTransfer,True,True,5,11031,JPY,1.0,0.08,0.0,SRC-00043809
EXP-043810,EMP-0031,HR,2026-11-17,accommodation,Hotel Group C,PRJ-0031,EmployeeReimbursement,True,True,2,6810,USD,150.0,0.1,0.0,SRC-00043810
EXP-043811,EMP-0044,IT,2026-12-18,meal,Restaurant B,PRJ-0034,Cash,True,True,4,10913,EUR,162.0,0.1,0.0,SRC-00043811
EXP-043812,EMP-0057,Engineering,2026-01-19,travel,JR East,PRJ-0037,CorporateCard,False,True,1,55244,JPY,1.0,0.1,0.0,SRC-00043812
EXP-043813,EMP-0070,Sales,2026-02-20,other,Printing Co,PRJ-0040,BankTransfer,True,True,4,11267,USD,150.0,0.08,0.05,SRC-00043813
EXP-043814,EMP-0083,Legal,2026-03-21,accommodation,Hotel Group C,PRJ-0043,EmployeeReimbursement,True,True,3,7214,EUR,162.0,0.1,0.0,SRC-00043814
EXP-043815,EMP-0096,Operations,2026-04-22,meal,Restaurant A,PRJ-0046,Cash,True,True,4,11245,JPY,1.0,0.1,0.0,SRC-00043815
EXP-043816,EMP-0109,Finance,2026-05-23,travel,Railway Services,PRJ-0049,CorporateCard,False,True,1,55792,USD,150.0,0.1,0.0,SRC-00043816
EXP-043817,EMP-0122,Procurement,2026-06-24,other,Software Store,PRJ-0052,BankTransfer,True,True,3,11503,EUR,162.0,0.08,0.0,SRC-00043817
EXP-043818,EMP-0135,HR,2026-07-25,accommodation,Hotel Group C,PRJ-0055,EmployeeReimbursement,True,True,1,7618,JPY,1.0,0.1,0.0,SRC-00043818
EXP-043819,EMP-0148,IT,2026-08-26,meal,Catering Co,PRJ-0058,Cash,True,True,4,11577,USD,150.0,0.1,0.0,SRC-00043819
EXP-043820,EMP-0161,Engineering,2026-09-27,travel,JAL,PRJ-0061,CorporateCard,False,True,1,56340,EUR,162.0,0.1,0.05,SRC-00043820
EXP-043821,EMP-0174,Sales,2026-10-01,other,Courier Service,PRJ-0064,BankTransfer,True,True,2,11739,JPY,1.0,0.08,0.0,SRC-00043821
EXP-043822,EMP-0187,Legal,2026-11-02,accommodation,Hotel Group C,PRJ-0067,EmployeeReimbursement,True,True,2,8022,USD,150.0,0.1,0.0,SRC-00043822
EXP-043823,EMP-0200,Operations,2026-12-03,meal,Business Dining,PRJ-0070,Cash,True,True,4,11909,EUR,162.0,0.1,0.0,SRC-00043823
EXP-043824,EMP-0213,Finance,2026-01-04,travel,JR East,PRJ-0073,CorporateCard,False,True,1,56888,JPY,1.0,0.1,0.0,SRC-00043824
EXP-043825,EMP-0226,Procurement,2026-02-05,other,Office Supply Co,PRJ-0076,BankTransfer,True,True,1,11975,USD,150.0,0.08,0.0,SRC-00043825
EXP-043826,EMP-0239,HR,2026-03-06,accommodation,Hotel Group C,PRJ-0079,EmployeeReimbursement,True,True,3,8426,EUR,162.0,0.1,0.0,SRC-00043826
EXP-043827,EMP-0002,IT,2026-04-07,meal,Cafe Central,PRJ-0082,Cash,True,True,4,12241,JPY,1.0,0.1,0.05,SRC-00043827
EXP-043828,EMP-0015,Engineering,2026-05-08,travel,Railway Services,PRJ-0085,CorporateCard,False,True,1,57436,USD,150.0,0.1,0.0,SRC-00043828
EXP-043829,EMP-0028,Sales,2026-06-09,other,Misc Services,PRJ-0088,BankTransfer,True,True,5,12211,EUR,162.0,0.08,0.0,SRC-00043829
EXP-043830,EMP-0041,Legal,2026-07-10,accommodation,Hotel Group C,PRJ-0091,EmployeeReimbursement,True,True,1,8830,JPY,1.0,0.1,0.0,SRC-00043830
EXP-043831,EMP-0054,Operations,2026-08-11,meal,Restaurant B,PRJ-0094,Cash,True,True,4,12573,USD,150.0,0.1,0.0,SRC-00043831
EXP-043832,EMP-0067,Finance,2026-09-12,travel,JAL,PRJ-0097,CorporateCard,False,True,1,57984,EUR,162.0,0.1,0.0,SRC-00043832
EXP-043833,EMP-0080,Procurement,2026-10-13,other,Printing Co,PRJ-0100,BankTransfer,True,True,4,12447,JPY,1.0,0.08,0.0,SRC-00043833
EXP-043834,EMP-0093,HR,2026-11-14,accommodation,Hotel Group C,PRJ-0103,EmployeeReimbursement,True,True,2,9234,USD,150.0,0.1,0.05,SRC-00043834
EXP-043835,EMP-0106,IT,2026-12-15,meal,Restaurant A,PRJ-0106,Cash,True,True,4,12905,EUR,162.0,0.1,0.0,SRC-00043835
EXP-043836,EMP-0119,Engineering,2026-01-16,travel,JR East,PRJ-0109,CorporateCard,False,True,1,58532,JPY,1.0,0.1,0.0,SRC-00043836
EXP-043837,EMP-0132,Sales,2026-02-17,other,Software Store,PRJ-0112,BankTransfer,True,True,3,12683,USD,150.0,0.08,0.0,SRC-00043837
EXP-043838,EMP-0145,Legal,2026-03-18,accommodation,Hotel Group C,PRJ-0115,EmployeeReimbursement,True,True,3,9638,EUR,162.0,0.1,0.0,SRC-00043838
EXP-043839,EMP-0158,Operations,2026-04-19,meal,Catering Co,PRJ-0118,Cash,True,True,4,13237,JPY,1.0,0.1,0.0,SRC-00043839
EXP-043840,EMP-0171,Finance,2026-05-20,travel,Railway Services,PRJ-0001,CorporateCard,False,True,1,59080,USD,150.0,0.1,0.0,SRC-00043840
EXP-043841,EMP-0184,Procurement,2026-06-21,other,Courier Service,PRJ-0004,BankTransfer,True,True,2,12919,EUR,162.0,0.08,0.05,SRC-00043841
EXP-043842,EMP-0197,HR,2026-07-22,accommodation,Hotel Group C,PRJ-0007,EmployeeReimbursement,True,True,1,10042,JPY,1.0,0.1,0.0,SRC-00043842
EXP-043843,EMP-0210,IT,2026-08-23,meal,Business Dining,PRJ-0010,Cash,True,True,4,13569,USD,150.0,0.1,0.0,SRC-00043843
EXP-043844,EMP-0223,Engineering,2026-09-24,travel,JAL,PRJ-0013,CorporateCard,False,True,1,59628,EUR,162.0,0.1,0.0,SRC-00043844
EXP-043845,EMP-0236,Sales,2026-10-25,other,Office Supply Co,PRJ-0016,BankTransfer,True,True,1,13155,JPY,1.0,0.08,0.0,SRC-00043845
EXP-043846,EMP-0249,Legal,2026-11-26,accommodation,Hotel Group C,PRJ-0019,EmployeeReimbursement,True,True,2,10446,USD,150.0,0.1,0.0,SRC-00043846
EXP-043847,EMP-0012,Operations,2026-12-27,meal,Cafe Central,PRJ-0022,Cash,True,True,4,13901,EUR,162.0,0.1,0.0,SRC-00043847
EXP-043848,EMP-0025,Finance,2026-01-01,travel,JR East,PRJ-0025,CorporateCard,False,True,1,60176,JPY,1.0,0.1,0.05,SRC-00043848
EXP-043849,EMP-0038,Procurement,2026-02-02,other,Misc Services,PRJ-0028,BankTransfer,True,True,5,13391,USD,150.0,0.08,0.0,SRC-00043849
EXP-043850,EMP-0051,HR,2026-03-03,accommodation,Hotel Group C,PRJ-0031,EmployeeReimbursement,True,True,3,10850,EUR,162.0,0.1,0.0,SRC-00043850
EXP-043851,EMP-0064,IT,2026-04-04,meal,Restaurant B,PRJ-0034,Cash,True,True,4,14233,JPY,1.0,0.1,0.0,SRC-00043851
EXP-043852,EMP-0077,Engineering,2026-05-05,travel,Railway Services,PRJ-0037,CorporateCard,False,True,1,60724,USD,150.0,0.1,0.0,SRC-00043852
EXP-043853,EMP-0090,Sales,2026-06-06,other,Printing Co,PRJ-0040,BankTransfer,True,True,4,13627,EUR,162.0,0.08,0.0,SRC-00043853
EXP-043854,EMP-0103,Legal,2026-07-07,accommodation,Hotel Group C,PRJ-0043,EmployeeReimbursement,True,True,1,11254,JPY,1.0,0.1,0.0,SRC-00043854
EXP-043855,EMP-0116,Operations,2026-08-08,meal,Restaurant A,PRJ-0046,Cash,True,True,4,14565,USD,150.0,0.1,0.05,SRC-00043855
EXP-043856,EMP-0129,Finance,2026-09-09,travel,JAL,PRJ-0049,CorporateCard,False,True,1,61272,EUR,162.0,0.1,0.0,SRC-00043856
EXP-043857,EMP-0142,Procurement,2026-10-10,other,Software Store,PRJ-0052,BankTransfer,True,True,3,13863,JPY,1.0,0.08,0.0,SRC-00043857
EXP-043858,EMP-0155,HR,2026-11-11,accommodation,Hotel Group C,PRJ-0055,EmployeeReimbursement,True,True,2,11658,USD,150.0,0.1,0.0,SRC-00043858
EXP-043859,EMP-0168,IT,2026-12-12,meal,Catering Co,PRJ-0058,Cash,True,True,4,897,EUR,162.0,0.1,0.0,SRC-00043859
EXP-043860,EMP-0181,Engineering,2026-01-13,travel,JR East,PRJ-0061,CorporateCard,False,True,1,61820,JPY,1.0,0.1,0.0,SRC-00043860
EXP-043861,EMP-0194,Sales,2026-02-14,other,Courier Service,PRJ-0064,BankTransfer,True,True,2,14099,USD,150.0,0.08,0.0,SRC-00043861
EXP-043862,EMP-0207,Legal,2026-03-15,accommodation,Hotel Group C,PRJ-0067,EmployeeReimbursement,True,True,3,12062,EUR,162.0,0.1,0.05,SRC-00043862
EXP-043863,EMP-0220,Operations,2026-04-16,meal,Business Dining,PRJ-0070,Cash,True,True,4,1229,JPY,1.0,0.1,0.0,SRC-00043863
EXP-043864,EMP-0233,Finance,2026-05-17,travel,Railway Services,PRJ-0073,CorporateCard,False,True,1,62368,USD,150.0,0.1,0.0,SRC-00043864
EXP-043865,EMP-0246,Procurement,2026-06-18,other,Office Supply Co,PRJ-0076,BankTransfer,True,True,1,14335,EUR,162.0,0.08,0.0,SRC-00043865
EXP-043866,EMP-0009,HR,2026-07-19,accommodation,Hotel Group C,PRJ-0079,EmployeeReimbursement,True,True,1,12466,JPY,1.0,0.1,0.0,SRC-00043866
EXP-043867,EMP-0022,IT,2026-08-20,meal,Cafe Central,PRJ-0082,Cash,True,True,4,1561,USD,150.0,0.1,0.0,SRC-00043867
EXP-043868,EMP-0035,Engineering,2026-09-21,travel,JAL,PRJ-0085,CorporateCard,False,True,1,62916,EUR,162.0,0.1,0.0,SRC-00043868
EXP-043869,EMP-0048,Sales,2026-10-22,other,Misc Services,PRJ-0088,BankTransfer,True,True,5,14571,JPY,1.0,0.08,0.05,SRC-00043869
EXP-043870,EMP-0061,Legal,2026-11-23,accommodation,Hotel Group C,PRJ-0091,EmployeeReimbursement,True,True,2,12870,USD,150.0,0.1,0.0,SRC-00043870
EXP-043871,EMP-0074,Operations,2026-12-24,meal,Restaurant B,PRJ-0094,Cash,True,True,4,1893,EUR,162.0,0.1,0.0,SRC-00043871
EXP-043872,EMP-0087,Finance,2026-01-25,travel,JR East,PRJ-0097,CorporateCard,False,True,1,63464,JPY,1.0,0.1,0.0,SRC-00043872
EXP-043873,EMP-0100,Procurement,2026-02-26,other,Printing Co,PRJ-0100,BankTransfer,True,True,4,14807,USD,150.0,0.08,0.0,SRC-00043873
EXP-043874,EMP-0113,HR,2026-03-27,accommodation,Hotel Group C,PRJ-0103,EmployeeReimbursement,True,True,3,13274,EUR,162.0,0.1,0.0,SRC-00043874
EXP-043875,EMP-0126,IT,2026-04-01,meal,Restaurant A,PRJ-0106,Cash,True,True,4,2225,JPY,1.0,0.1,0.0,SRC-00043875
EXP-043876,EMP-0139,Engineering,2026-05-02,travel,Railway Services,PRJ-0109,CorporateCard,False,True,1,64012,USD,150.0,0.1,0.05,SRC-00043876
EXP-043877,EMP-0152,Sales,2026-06-03,other,Software Store,PRJ-0112,BankTransfer,True,True,3,15043,EUR,162.0,0.08,0.0,SRC-00043877
EXP-043878,EMP-0165,Legal,2026-07-04,accommodation,Hotel Group C,PRJ-0115,EmployeeReimbursement,True,True,1,13678,JPY,1.0,0.1,0.0,SRC-00043878
EXP-043879,EMP-0178,Operations,2026-08-05,meal,Catering Co,PRJ-0118,Cash,True,True,4,2557,USD,150.0,0.1,0.0,SRC-00043879
EXP-043880,EMP-0191,Finance,2026-09-06,travel,JAL,PRJ-0001,CorporateCard,False,True,1,64560,EUR,162.0,0.1,0.0,SRC-00043880
EXP-043881,EMP-0204,Procurement,2026-10-07,other,Courier Service,PRJ-0004,BankTransfer,True,True,2,15279,JPY,1.0,0.08,0.0,SRC-00043881
EXP-043882,EMP-0217,HR,2026-11-08,accommodation,Hotel Group C,PRJ-0007,EmployeeReimbursement,True,True,2,14082,USD,150.0,0.1,0.0,SRC-00043882
EXP-043883,EMP-0230,IT,2026-12-09,meal,Business Dining,PRJ-0010,Cash,True,True,4,2889,EUR,162.0,0.1,0.05,SRC-00043883
EXP-043884,EMP-0243,Engineering,2026-01-10,travel,JR East,PRJ-0013,CorporateCard,False,True,1,65108,JPY,1.0,0.1,0.0,SRC-00043884
EXP-043885,EMP-0006,Sales,2026-02-11,other,Office Supply Co,PRJ-0016,BankTransfer,True,True,1,15515,USD,150.0,0.08,0.0,SRC-00043885
EXP-043886,EMP-0019,Legal,2026-03-12,accommodation,Hotel Group C,PRJ-0019,EmployeeReimbursement,True,True,3,14486,EUR,162.0,0.1,0.0,SRC-00043886
EXP-043887,EMP-0032,Operations,2026-04-13,meal,Cafe Central,PRJ-0022,Cash,True,True,4,3221,JPY,1.0,0.1,0.0,SRC-00043887
EXP-043888,EMP-0045,Finance,2026-05-14,travel,Railway Services,PRJ-0025,CorporateCard,False,True,1,65656,USD,150.0,0.1,0.0,SRC-00043888
EXP-043889,EMP-0058,Procurement,2026-06-15,other,Misc Services,PRJ-0028,BankTransfer,True,True,5,15751,EUR,162.0,0.08,0.0,SRC-00043889
EXP-043890,EMP-0071,HR,2026-07-16,accommodation,Hotel Group C,PRJ-0031,EmployeeReimbursement,True,True,1,14890,JPY,1.0,0.1,0.05,SRC-00043890
EXP-043891,EMP-0084,IT,2026-08-17,meal,Restaurant B,PRJ-0034,Cash,True,True,4,3553,USD,150.0,0.1,0.0,SRC-00043891
EXP-043892,EMP-0097,Engineering,2026-09-18,travel,JAL,PRJ-0037,CorporateCard,False,True,1,66204,EUR,162.0,0.1,0.0,SRC-00043892
EXP-043893,EMP-0110,Sales,2026-10-19,other,Printing Co,PRJ-0040,BankTransfer,True,True,4,15987,JPY,1.0,0.08,0.0,SRC-00043893
EXP-043894,EMP-0123,Legal,2026-11-20,accommodation,Hotel Group C,PRJ-0043,EmployeeReimbursement,True,True,2,15294,USD,150.0,0.1,0.0,SRC-00043894
EXP-043895,EMP-0136,Operations,2026-12-21,meal,Restaurant A,PRJ-0046,Cash,True,True,4,3885,EUR,162.0,0.1,0.0,SRC-00043895
EXP-043896,EMP-0149,Finance,2026-01-22,travel,JR East,PRJ-0049,CorporateCard,False,True,1,66752,JPY,1.0,0.1,0.0,SRC-00043896
EXP-043897,EMP-0162,Procurement,2026-02-23,other,Software Store,PRJ-0052,BankTransfer,True,True,3,16223,USD,150.0,0.08,0.05,SRC-00043897
EXP-043898,EMP-0175,HR,2026-03-24,accommodation,Hotel Group C,PRJ-0055,EmployeeReimbursement,True,True,3,15698,EUR,162.0,0.1,0.0,SRC-00043898
EXP-043899,EMP-0188,IT,2026-04-25,meal,Catering Co,PRJ-0058,Cash,True,True,4,4217,JPY,1.0,0.1,0.0,SRC-00043899
EXP-043900,EMP-0201,Engineering,2026-05-26,travel,Railway Services,PRJ-0061,CorporateCard,False,True,1,67300,USD,150.0,0.1,0.0,SRC-00043900
EXP-043901,EMP-0214,Sales,2026-06-27,other,Courier Service,PRJ-0064,BankTransfer,True,True,2,16459,EUR,162.0,0.08,0.0,SRC-00043901
EXP-043902,EMP-0227,Legal,2026-07-01,accommodation,Hotel Group C,PRJ-0067,EmployeeReimbursement,True,True,1,16102,JPY,1.0,0.1,0.0,SRC-00043902
EXP-043903,EMP-0240,Operations,2026-08-02,meal,Business Dining,PRJ-0070,Cash,True,True,4,4549,USD,150.0,0.1,0.0,SRC-00043903
EXP-043904,EMP-0003,Finance,2026-09-03,travel,JAL,PRJ-0073,CorporateCard,False,True,1,67848,EUR,162.0,0.1,0.05,SRC-00043904
EXP-043905,EMP-0016,Procurement,2026-10-04,other,Office Supply Co,PRJ-0076,BankTransfer,True,True,1,16695,JPY,1.0,0.08,0.0,SRC-00043905
EXP-043906,EMP-0029,HR,2026-11-05,accommodation,Hotel Group C,PRJ-0079,EmployeeReimbursement,True,True,2,16506,USD,150.0,0.1,0.0,SRC-00043906
EXP-043907,EMP-0042,IT,2026-12-06,meal,Cafe Central,PRJ-0082,Cash,True,True,4,4881,EUR,162.0,0.1,0.0,SRC-00043907
EXP-043908,EMP-0055,Engineering,2026-01-07,travel,JR East,PRJ-0085,CorporateCard,False,True,1,68396,JPY,1.0,0.1,0.0,SRC-00043908
EXP-043909,EMP-0068,Sales,2026-02-08,other,Misc Services,PRJ-0088,BankTransfer,True,True,5,16931,USD,150.0,0.08,0.0,SRC-00043909
EXP-043910,EMP-0081,Legal,2026-03-09,accommodation,Hotel Group C,PRJ-0091,EmployeeReimbursement,True,True,3,16910,EUR,162.0,0.1,0.0,SRC-00043910
EXP-043911,EMP-0094,Operations,2026-04-10,meal,Restaurant B,PRJ-0094,Cash,True,True,4,5213,JPY,1.0,0.1,0.05,SRC-00043911
EXP-043912,EMP-0107,Finance,2026-05-11,travel,Railway Services,PRJ-0097,CorporateCard,False,True,1,68944,USD,150.0,0.1,0.0,SRC-00043912
EXP-043913,EMP-0120,Procurement,2026-06-12,other,Printing Co,PRJ-0100,BankTransfer,True,True,4,17167,EUR,162.0,0.08,0.0,SRC-00043913
EXP-043914,EMP-0133,HR,2026-07-13,accommodation,Hotel Group C,PRJ-0103,EmployeeReimbursement,True,True,1,17314,JPY,1.0,0.1,0.0,SRC-00043914
EXP-043915,EMP-0146,IT,2026-08-14,meal,Restaurant A,PRJ-0106,Cash,True,True,4,5545,USD,150.0,0.1,0.0,SRC-00043915
EXP-043916,EMP-0159,Engineering,2026-09-15,travel,JAL,PRJ-0109,CorporateCard,False,True,1,69492,EUR,162.0,0.1,0.0,SRC-00043916
EXP-043917,EMP-0172,Sales,2026-10-16,other,Software Store,PRJ-0112,BankTransfer,True,True,3,17403,JPY,1.0,0.08,0.0,SRC-00043917
EXP-043918,EMP-0185,Legal,2026-11-17,accommodation,Hotel Group C,PRJ-0115,EmployeeReimbursement,True,True,2,17718,USD,150.0,0.1,0.05,SRC-00043918
EXP-043919,EMP-0198,Operations,2026-12-18,meal,Catering Co,PRJ-0118,Cash,True,True,4,5877,EUR,162.0,0.1,0.0,SRC-00043919
EXP-043920,EMP-0211,Finance,2026-01-19,travel,JR East,PRJ-0001,CorporateCard,False,True,1,70040,JPY,1.0,0.1,0.0,SRC-00043920
EXP-043921,EMP-0224,Procurement,2026-02-20,other,Courier Service,PRJ-0004,BankTransfer,True,True,2,17639,USD,150.0,0.08,0.0,SRC-00043921
EXP-043922,EMP-0237,HR,2026-03-21,accommodation,Hotel Group C,PRJ-0007,EmployeeReimbursement,True,True,3,18122,EUR,162.0,0.1,0.0,SRC-00043922
EXP-043923,EMP-0250,IT,2026-04-22,meal,Business Dining,PRJ-0010,Cash,True,True,4,6209,JPY,1.0,0.1,0.0,SRC-00043923
EXP-043924,EMP-0013,Engineering,2026-05-23,travel,Railway Services,PRJ-0013,CorporateCard,False,True,1,70588,USD,150.0,0.1,0.0,SRC-00043924
EXP-043925,EMP-0026,Sales,2026-06-24,other,Office Supply Co,PRJ-0016,BankTransfer,True,True,1,17875,EUR,162.0,0.08,0.05,SRC-00043925
EXP-043926,EMP-0039,Legal,2026-07-25,accommodation,Hotel Group C,PRJ-0019,EmployeeReimbursement,True,True,1,18526,JPY,1.0,0.1,0.0,SRC-00043926
EXP-043927,EMP-0052,Operations,2026-08-26,meal,Cafe Central,PRJ-0022,Cash,True,True,4,6541,USD,150.0,0.1,0.0,SRC-00043927
EXP-043928,EMP-0065,Finance,2026-09-27,travel,JAL,PRJ-0025,CorporateCard,False,True,1,71136,EUR,162.0,0.1,0.0,SRC-00043928
EXP-043929,EMP-0078,Procurement,2026-10-01,other,Misc Services,PRJ-0028,BankTransfer,True,True,5,18111,JPY,1.0,0.08,0.0,SRC-00043929
EXP-043930,EMP-0091,HR,2026-11-02,accommodation,Hotel Group C,PRJ-0031,EmployeeReimbursement,True,True,2,18930,USD,150.0,0.1,0.0,SRC-00043930
EXP-043931,EMP-0104,IT,2026-12-03,meal,Restaurant B,PRJ-0034,Cash,True,True,4,6873,EUR,162.0,0.1,0.0,SRC-00043931
EXP-043932,EMP-0117,Engineering,2026-01-04,travel,JR East,PRJ-0037,CorporateCard,False,True,1,71684,JPY,1.0,0.1,0.05,SRC-00043932
EXP-043933,EMP-0130,Sales,2026-02-05,other,Printing Co,PRJ-0040,BankTransfer,True,True,4,347,USD,150.0,0.08,0.0,SRC-00043933
EXP-043934,EMP-0143,Legal,2026-03-06,accommodation,Hotel Group C,PRJ-0043,EmployeeReimbursement,True,True,3,19334,EUR,162.0,0.1,0.0,SRC-00043934
EXP-043935,EMP-0156,Operations,2026-04-07,meal,Restaurant A,PRJ-0046,Cash,True,True,4,7205,JPY,1.0,0.1,0.0,SRC-00043935
EXP-043936,EMP-0169,Finance,2026-05-08,travel,Railway Services,PRJ-0049,CorporateCard,False,True,1,72232,USD,150.0,0.1,0.0,SRC-00043936
EXP-043937,EMP-0182,Procurement,2026-06-09,other,Software Store,PRJ-0052,BankTransfer,True,True,3,583,EUR,162.0,0.08,0.0,SRC-00043937
EXP-043938,EMP-0195,HR,2026-07-10,accommodation,Hotel Group C,PRJ-0055,EmployeeReimbursement,True,True,1,19738,JPY,1.0,0.1,0.0,SRC-00043938
EXP-043939,EMP-0208,IT,2026-08-11,meal,Catering Co,PRJ-0058,Cash,True,True,4,7537,USD,150.0,0.1,0.05,SRC-00043939
EXP-043940,EMP-0221,Engineering,2026-09-12,travel,JAL,PRJ-0061,CorporateCard,False,True,1,72780,EUR,162.0,0.1,0.0,SRC-00043940
EXP-043941,EMP-0234,Sales,2026-10-13,other,Courier Service,PRJ-0064,BankTransfer,True,True,2,819,JPY,1.0,0.08,0.0,SRC-00043941
EXP-043942,EMP-0247,Legal,2026-11-14,accommodation,Hotel Group C,PRJ-0067,EmployeeReimbursement,True,True,2,20142,USD,150.0,0.1,0.0,SRC-00043942
EXP-043943,EMP-0010,Operations,2026-12-15,meal,Business Dining,PRJ-0070,Cash,True,True,4,7869,EUR,162.0,0.1,0.0,SRC-00043943
EXP-043944,EMP-0023,Finance,2026-01-16,travel,JR East,PRJ-0073,CorporateCard,False,True,1,3328,JPY,1.0,0.1,0.0,SRC-00043944
EXP-043945,EMP-0036,Procurement,2026-02-17,other,Office Supply Co,PRJ-0076,BankTransfer,True,True,1,1055,USD,150.0,0.08,0.0,SRC-00043945
EXP-043946,EMP-0049,HR,2026-03-18,accommodation,Hotel Group C,PRJ-0079,EmployeeReimbursement,True,True,3,20546,EUR,162.0,0.1,0.05,SRC-00043946
EXP-043947,EMP-0062,IT,2026-04-19,meal,Cafe Central,PRJ-0082,Cash,True,True,4,8201,JPY,1.0,0.1,0.0,SRC-00043947
EXP-043948,EMP-0075,Engineering,2026-05-20,travel,Railway Services,PRJ-0085,CorporateCard,False,True,1,3876,USD,150.0,0.1,0.0,SRC-00043948
EXP-043949,EMP-0088,Sales,2026-06-21,other,Misc Services,PRJ-0088,BankTransfer,True,True,5,1291,EUR,162.0,0.08,0.0,SRC-00043949
EXP-043950,EMP-0101,Legal,2026-07-22,accommodation,Hotel Group C,PRJ-0091,EmployeeReimbursement,True,True,1,20950,JPY,1.0,0.1,0.0,SRC-00043950
EXP-043951,EMP-0114,Operations,2026-08-23,meal,Restaurant B,PRJ-0094,Cash,True,True,4,8533,USD,150.0,0.1,0.0,SRC-00043951
EXP-043952,EMP-0127,Finance,2026-09-24,travel,JAL,PRJ-0097,CorporateCard,False,True,1,4424,EUR,162.0,0.1,0.0,SRC-00043952
EXP-043953,EMP-0140,Procurement,2026-10-25,other,Printing Co,PRJ-0100,BankTransfer,True,True,4,1527,JPY,1.0,0.08,0.05,SRC-00043953
EXP-043954,EMP-0153,HR,2026-11-26,accommodation,Hotel Group C,PRJ-0103,EmployeeReimbursement,True,True,2,21354,USD,150.0,0.1,0.0,SRC-00043954
EXP-043955,EMP-0166,IT,2026-12-27,meal,Restaurant A,PRJ-0106,Cash,True,True,4,8865,EUR,162.0,0.1,0.0,SRC-00043955
EXP-043956,EMP-0179,Engineering,2026-01-01,travel,JR East,PRJ-0109,CorporateCard,False,True,1,4972,JPY,1.0,0.1,0.0,SRC-00043956
EXP-043957,EMP-0192,Sales,2026-02-02,other,Software Store,PRJ-0112,BankTransfer,True,True,3,1763,USD,150.0,0.08,0.0,SRC-00043957
EXP-043958,EMP-0205,Legal,2026-03-03,accommodation,Hotel Group C,PRJ-0115,EmployeeReimbursement,True,True,3,21758,EUR,162.0,0.1,0.0,SRC-00043958
EXP-043959,EMP-0218,Operations,2026-04-04,meal,Catering Co,PRJ-0118,Cash,True,True,4,9197,JPY,1.0,0.1,0.0,SRC-00043959
EXP-043960,EMP-0231,Finance,2026-05-05,travel,Railway Services,PRJ-0001,CorporateCard,False,True,1,5520,USD,150.0,0.1,0.05,SRC-00043960
EXP-043961,EMP-0244,Procurement,2026-06-06,other,Courier Service,PRJ-0004,BankTransfer,True,True,2,1999,EUR,162.0,0.08,0.0,SRC-00043961
EXP-043962,EMP-0007,HR,2026-07-07,accommodation,Hotel Group C,PRJ-0007,EmployeeReimbursement,True,True,1,22162,JPY,1.0,0.1,0.0,SRC-00043962
EXP-043963,EMP-0020,IT,2026-08-08,meal,Business Dining,PRJ-0010,Cash,True,True,4,9529,USD,150.0,0.1,0.0,SRC-00043963
EXP-043964,EMP-0033,Engineering,2026-09-09,travel,JAL,PRJ-0013,CorporateCard,False,True,1,6068,EUR,162.0,0.1,0.0,SRC-00043964
EXP-043965,EMP-0046,Sales,2026-10-10,other,Office Supply Co,PRJ-0016,BankTransfer,True,True,1,2235,JPY,1.0,0.08,0.0,SRC-00043965
EXP-043966,EMP-0059,Legal,2026-11-11,accommodation,Hotel Group C,PRJ-0019,EmployeeReimbursement,True,True,2,22566,USD,150.0,0.1,0.0,SRC-00043966
EXP-043967,EMP-0072,Operations,2026-12-12,meal,Cafe Central,PRJ-0022,Cash,True,True,4,9861,EUR,162.0,0.1,0.05,SRC-00043967
EXP-043968,EMP-0085,Finance,2026-01-13,travel,JR East,PRJ-0025,CorporateCard,False,True,1,6616,JPY,1.0,0.1,0.0,SRC-00043968
EXP-043969,EMP-0098,Procurement,2026-02-14,other,Misc Services,PRJ-0028,BankTransfer,True,True,5,2471,USD,150.0,0.08,0.0,SRC-00043969
EXP-043970,EMP-0111,HR,2026-03-15,accommodation,Hotel Group C,PRJ-0031,EmployeeReimbursement,True,True,3,22970,EUR,162.0,0.1,0.0,SRC-00043970
EXP-043971,EMP-0124,IT,2026-04-16,meal,Restaurant B,PRJ-0034,Cash,True,True,4,10193,JPY,1.0,0.1,0.0,SRC-00043971
EXP-043972,EMP-0137,Engineering,2026-05-17,travel,Railway Services,PRJ-0037,CorporateCard,False,True,1,7164,USD,150.0,0.1,0.0,SRC-00043972
EXP-043973,EMP-0150,Sales,2026-06-18,other,Printing Co,PRJ-0040,BankTransfer,True,True,4,2707,EUR,162.0,0.08,0.0,SRC-00043973
EXP-043974,EMP-0163,Legal,2026-07-19,accommodation,Hotel Group C,PRJ-0043,EmployeeReimbursement,True,True,1,23374,JPY,1.0,0.1,0.05,SRC-00043974
EXP-043975,EMP-0176,Operations,2026-08-20,meal,Restaurant A,PRJ-0046,Cash,True,True,4,10525,USD,150.0,0.1,0.0,SRC-00043975
EXP-043976,EMP-0189,Finance,2026-09-21,travel,JAL,PRJ-0049,CorporateCard,False,True,1,7712,EUR,162.0,0.1,0.0,SRC-00043976
EXP-043977,EMP-0202,Procurement,2026-10-22,other,Software Store,PRJ-0052,BankTransfer,True,True,3,2943,JPY,1.0,0.08,0.0,SRC-00043977
EXP-043978,EMP-0215,HR,2026-11-23,accommodation,Hotel Group C,PRJ-0055,EmployeeReimbursement,True,True,2,23778,USD,150.0,0.1,0.0,SRC-00043978
EXP-043979,EMP-0228,IT,2026-12-24,meal,Catering Co,PRJ-0058,Cash,True,True,4,10857,EUR,162.0,0.1,0.0,SRC-00043979
EXP-043980,EMP-0241,Engineering,2026-01-25,travel,JR East,PRJ-0061,CorporateCard,False,True,1,8260,JPY,1.0,0.1,0.0,SRC-00043980
EXP-043981,EMP-0004,Sales,2026-02-26,other,Courier Service,PRJ-0064,BankTransfer,True,True,2,3179,USD,150.0,0.08,0.05,SRC-00043981
EXP-043982,EMP-0017,Legal,2026-03-27,accommodation,Hotel Group C,PRJ-0067,EmployeeReimbursement,True,True,3,24182,EUR,162.0,0.1,0.0,SRC-00043982
EXP-043983,EMP-0030,Operations,2026-04-01,meal,Business Dining,PRJ-0070,Cash,True,True,4,11189,JPY,1.0,0.1,0.0,SRC-00043983
EXP-043984,EMP-0043,Finance,2026-05-02,travel,Railway Services,PRJ-0073,CorporateCard,False,True,1,8808,USD,150.0,0.1,0.0,SRC-00043984
EXP-043985,EMP-0056,Procurement,2026-06-03,other,Office Supply Co,PRJ-0076,BankTransfer,True,True,1,3415,EUR,162.0,0.08,0.0,SRC-00043985
EXP-043986,EMP-0069,HR,2026-07-04,accommodation,Hotel Group C,PRJ-0079,EmployeeReimbursement,True,True,1,24586,JPY,1.0,0.1,0.0,SRC-00043986
EXP-043987,EMP-0082,IT,2026-08-05,meal,Cafe Central,PRJ-0082,Cash,True,True,4,11521,USD,150.0,0.1,0.0,SRC-00043987
EXP-043988,EMP-0095,Engineering,2026-09-06,travel,JAL,PRJ-0085,CorporateCard,False,True,1,9356,EUR,162.0,0.1,0.05,SRC-00043988
EXP-043989,EMP-0108,Sales,2026-10-07,other,Misc Services,PRJ-0088,BankTransfer,True,True,5,3651,JPY,1.0,0.08,0.0,SRC-00043989
EXP-043990,EMP-0121,Legal,2026-11-08,accommodation,Hotel Group C,PRJ-0091,EmployeeReimbursement,True,True,2,24990,USD,150.0,0.1,0.0,SRC-00043990
EXP-043991,EMP-0134,Operations,2026-12-09,meal,Restaurant B,PRJ-0094,Cash,True,True,4,11853,EUR,162.0,0.1,0.0,SRC-00043991
EXP-043992,EMP-0147,Finance,2026-01-10,travel,JR East,PRJ-0097,CorporateCard,False,True,1,9904,JPY,1.0,0.1,0.0,SRC-00043992
EXP-043993,EMP-0160,Procurement,2026-02-11,other,Printing Co,PRJ-0100,BankTransfer,True,True,4,3887,USD,150.0,0.08,0.0,SRC-00043993
EXP-043994,EMP-0173,HR,2026-03-12,accommodation,Hotel Group C,PRJ-0103,EmployeeReimbursement,True,True,3,25394,EUR,162.0,0.1,0.0,SRC-00043994
EXP-043995,EMP-0186,IT,2026-04-13,meal,Restaurant A,PRJ-0106,Cash,True,True,4,12185,JPY,1.0,0.1,0.05,SRC-00043995
EXP-043996,EMP-0199,Engineering,2026-05-14,travel,Railway Services,PRJ-0109,CorporateCard,False,True,1,10452,USD,150.0,0.1,0.0,SRC-00043996
EXP-043997,EMP-0212,Sales,2026-06-15,other,Software Store,PRJ-0112,BankTransfer,True,True,3,4123,EUR,162.0,0.08,0.0,SRC-00043997
EXP-043998,EMP-0225,Legal,2026-07-16,accommodation,Hotel Group C,PRJ-0115,EmployeeReimbursement,True,True,1,25798,JPY,1.0,0.1,0.0,SRC-00043998
EXP-043999,EMP-0238,Operations,2026-08-17,meal,Catering Co,PRJ-0118,Cash,True,True,4,12517,USD,150.0,0.1,0.0,SRC-00043999
EXP-044000,EMP-0001,Finance,2026-09-18,travel,JAL,PRJ-0001,CorporateCard,False,True,1,11000,EUR,162.0,0.1,0.0,SRC-00044000
EXP-044001,EMP-0014,Procurement,2026-10-19,other,Courier Service,PRJ-0004,BankTransfer,True,True,2,4359,JPY,1.0,0.08,0.0,SRC-00044001
EXP-044002,EMP-0027,HR,2026-11-20,accommodation,Hotel Group C,PRJ-0007,EmployeeReimbursement,True,True,2,26202,USD,150.0,0.1,0.05,SRC-00044002
EXP-044003,EMP-0040,IT,2026-12-21,meal,Business Dining,PRJ-0010,Cash,True,True,4,12849,EUR,162.0,0.1,0.0,SRC-00044003
EXP-044004,EMP-0053,Engineering,2026-01-22,travel,JR East,PRJ-0013,CorporateCard,False,True,1,11548,JPY,1.0,0.1,0.0,SRC-00044004
EXP-044005,EMP-0066,Sales,2026-02-23,other,Office Supply Co,PRJ-0016,BankTransfer,True,True,1,4595,USD,150.0,0.08,0.0,SRC-00044005
EXP-044006,EMP-0079,Legal,2026-03-24,accommodation,Hotel Group C,PRJ-0019,EmployeeReimbursement,True,True,3,26606,EUR,162.0,0.1,0.0,SRC-00044006
EXP-044007,EMP-0092,Operations,2026-04-25,meal,Cafe Central,PRJ-0022,Cash,True,True,4,13181,JPY,1.0,0.1,0.0,SRC-00044007
EXP-044008,EMP-0105,Finance,2026-05-26,travel,Railway Services,PRJ-0025,CorporateCard,False,True,1,12096,USD,150.0,0.1,0.0,SRC-00044008
EXP-044009,EMP-0118,Procurement,2026-06-27,other,Misc Services,PRJ-0028,BankTransfer,True,True,5,4831,EUR,162.0,0.08,0.05,SRC-00044009
EXP-044010,EMP-0131,HR,2026-07-01,accommodation,Hotel Group C,PRJ-0031,EmployeeReimbursement,True,True,1,27010,JPY,1.0,0.1,0.0,SRC-00044010
EXP-044011,EMP-0144,IT,2026-08-02,meal,Restaurant B,PRJ-0034,Cash,True,True,4,13513,USD,150.0,0.1,0.0,SRC-00044011
EXP-044012,EMP-0157,Engineering,2026-09-03,travel,JAL,PRJ-0037,CorporateCard,False,True,1,12644,EUR,162.0,0.1,0.0,SRC-00044012
EXP-044013,EMP-0170,Sales,2026-10-04,other,Printing Co,PRJ-0040,BankTransfer,True,True,4,5067,JPY,1.0,0.08,0.0,SRC-00044013
EXP-044014,EMP-0183,Legal,2026-11-05,accommodation,Hotel Group C,PRJ-0043,EmployeeReimbursement,True,True,2,27414,USD,150.0,0.1,0.0,SRC-00044014
EXP-044015,EMP-0196,Operations,2026-12-06,meal,Restaurant A,PRJ-0046,Cash,True,True,4,13845,EUR,162.0,0.1,0.0,SRC-00044015
EXP-044016,EMP-0209,Finance,2026-01-07,travel,JR East,PRJ-0049,CorporateCard,False,True,1,13192,JPY,1.0,0.1,0.05,SRC-00044016
EXP-044017,EMP-0222,Procurement,2026-02-08,other,Software Store,PRJ-0052,BankTransfer,True,True,3,5303,USD,150.0,0.08,0.0,SRC-00044017
EXP-044018,EMP-0235,HR,2026-03-09,accommodation,Hotel Group C,PRJ-0055,EmployeeReimbursement,True,True,3,27818,EUR,162.0,0.1,0.0,SRC-00044018
EXP-044019,EMP-0248,IT,2026-04-10,meal,Catering Co,PRJ-0058,Cash,True,True,4,14177,JPY,1.0,0.1,0.0,SRC-00044019
EXP-044020,EMP-0011,Engineering,2026-05-11,travel,Railway Services,PRJ-0061,CorporateCard,False,True,1,13740,USD,150.0,0.1,0.0,SRC-00044020
EXP-044021,EMP-0024,Sales,2026-06-12,other,Courier Service,PRJ-0064,BankTransfer,True,True,2,5539,EUR,162.0,0.08,0.0,SRC-00044021
EXP-044022,EMP-0037,Legal,2026-07-13,accommodation,Hotel Group C,PRJ-0067,EmployeeReimbursement,True,True,1,28222,JPY,1.0,0.1,0.0,SRC-00044022
EXP-044023,EMP-0050,Operations,2026-08-14,meal,Business Dining,PRJ-0070,Cash,True,True,4,14509,USD,150.0,0.1,0.05,SRC-00044023
EXP-044024,EMP-0063,Finance,2026-09-15,travel,JAL,PRJ-0073,CorporateCard,False,True,1,14288,EUR,162.0,0.1,0.0,SRC-00044024
EXP-044025,EMP-0076,Procurement,2026-10-16,other,Office Supply Co,PRJ-0076,BankTransfer,True,True,1,5775,JPY,1.0,0.08,0.0,SRC-00044025
EXP-044026,EMP-0089,HR,2026-11-17,accommodation,Hotel Group C,PRJ-0079,EmployeeReimbursement,True,True,2,28626,USD,150.0,0.1,0.0,SRC-00044026
EXP-044027,EMP-0102,IT,2026-12-18,meal,Cafe Central,PRJ-0082,Cash,True,True,4,841,EUR,162.0,0.1,0.0,SRC-00044027
EXP-044028,EMP-0115,Engineering,2026-01-19,travel,JR East,PRJ-0085,CorporateCard,False,True,1,14836,JPY,1.0,0.1,0.0,SRC-00044028
EXP-044029,EMP-0128,Sales,2026-02-20,other,Misc Services,PRJ-0088,BankTransfer,True,True,5,6011,USD,150.0,0.08,0.0,SRC-00044029
EXP-044030,EMP-0141,Legal,2026-03-21,accommodation,Hotel Group C,PRJ-0091,EmployeeReimbursement,True,True,3,29030,EUR,162.0,0.1,0.05,SRC-00044030
EXP-044031,EMP-0154,Operations,2026-04-22,meal,Restaurant B,PRJ-0094,Cash,True,True,4,1173,JPY,1.0,0.1,0.0,SRC-00044031
EXP-044032,EMP-0167,Finance,2026-05-23,travel,Railway Services,PRJ-0097,CorporateCard,False,True,1,15384,USD,150.0,0.1,0.0,SRC-00044032
EXP-044033,EMP-0180,Procurement,2026-06-24,other,Printing Co,PRJ-0100,BankTransfer,True,True,4,6247,EUR,162.0,0.08,0.0,SRC-00044033
EXP-044034,EMP-0193,HR,2026-07-25,accommodation,Hotel Group C,PRJ-0103,EmployeeReimbursement,True,True,1,29434,JPY,1.0,0.1,0.0,SRC-00044034
EXP-044035,EMP-0206,IT,2026-08-26,meal,Restaurant A,PRJ-0106,Cash,True,True,4,1505,USD,150.0,0.1,0.0,SRC-00044035
EXP-044036,EMP-0219,Engineering,2026-09-27,travel,JAL,PRJ-0109,CorporateCard,False,True,1,15932,EUR,162.0,0.1,0.0,SRC-00044036
EXP-044037,EMP-0232,Sales,2026-10-01,other,Software Store,PRJ-0112,BankTransfer,True,True,3,6483,JPY,1.0,0.08,0.05,SRC-00044037
EXP-044038,EMP-0245,Legal,2026-11-02,accommodation,Hotel Group C,PRJ-0115,EmployeeReimbursement,True,True,2,29838,USD,150.0,0.1,0.0,SRC-00044038
EXP-044039,EMP-0008,Operations,2026-12-03,meal,Catering Co,PRJ-0118,Cash,True,True,4,1837,EUR,162.0,0.1,0.0,SRC-00044039
EXP-044040,EMP-0021,Finance,2026-01-04,travel,JR East,PRJ-0001,CorporateCard,False,True,1,16480,JPY,1.0,0.1,0.0,SRC-00044040
EXP-044041,EMP-0034,Procurement,2026-02-05,other,Courier Service,PRJ-0004,BankTransfer,True,True,2,6719,USD,150.0,0.08,0.0,SRC-00044041
EXP-044042,EMP-0047,HR,2026-03-06,accommodation,Hotel Group C,PRJ-0007,EmployeeReimbursement,True,True,3,30242,EUR,162.0,0.1,0.0,SRC-00044042
EXP-044043,EMP-0060,IT,2026-04-07,meal,Business Dining,PRJ-0010,Cash,True,True,4,2169,JPY,1.0,0.1,0.0,SRC-00044043
EXP-044044,EMP-0073,Engineering,2026-05-08,travel,Railway Services,PRJ-0013,CorporateCard,False,True,1,17028,USD,150.0,0.1,0.05,SRC-00044044
EXP-044045,EMP-0086,Sales,2026-06-09,other,Office Supply Co,PRJ-0016,BankTransfer,True,True,1,6955,EUR,162.0,0.08,0.0,SRC-00044045
EXP-044046,EMP-0099,Legal,2026-07-10,accommodation,Hotel Group C,PRJ-0019,EmployeeReimbursement,True,True,1,30646,JPY,1.0,0.1,0.0,SRC-00044046
EXP-044047,EMP-0112,Operations,2026-08-11,meal,Cafe Central,PRJ-0022,Cash,True,True,4,2501,USD,150.0,0.1,0.0,SRC-00044047
EXP-044048,EMP-0125,Finance,2026-09-12,travel,JAL,PRJ-0025,CorporateCard,False,True,1,17576,EUR,162.0,0.1,0.0,SRC-00044048
EXP-044049,EMP-0138,Procurement,2026-10-13,other,Misc Services,PRJ-0028,BankTransfer,True,True,5,7191,JPY,1.0,0.08,0.0,SRC-00044049
EXP-044050,EMP-0151,HR,2026-11-14,accommodation,Hotel Group C,PRJ-0031,EmployeeReimbursement,True,True,2,31050,USD,150.0,0.1,0.0,SRC-00044050
EXP-044051,EMP-0164,IT,2026-12-15,meal,Restaurant B,PRJ-0034,Cash,True,True,4,2833,EUR,162.0,0.1,0.05,SRC-00044051
EXP-044052,EMP-0177,Engineering,2026-01-16,travel,JR East,PRJ-0037,CorporateCard,False,True,1,18124,JPY,1.0,0.1,0.0,SRC-00044052
EXP-044053,EMP-0190,Sales,2026-02-17,other,Printing Co,PRJ-0040,BankTransfer,True,True,4,7427,USD,150.0,0.08,0.0,SRC-00044053
EXP-044054,EMP-0203,Legal,2026-03-18,accommodation,Hotel Group C,PRJ-0043,EmployeeReimbursement,True,True,3,31454,EUR,162.0,0.1,0.0,SRC-00044054
EXP-044055,EMP-0216,Operations,2026-04-19,meal,Restaurant A,PRJ-0046,Cash,True,True,4,3165,JPY,1.0,0.1,0.0,SRC-00044055
EXP-044056,EMP-0229,Finance,2026-05-20,travel,Railway Services,PRJ-0049,CorporateCard,False,True,1,18672,USD,150.0,0.1,0.0,SRC-00044056
EXP-044057,EMP-0242,Procurement,2026-06-21,other,Software Store,PRJ-0052,BankTransfer,True,True,3,7663,EUR,162.0,0.08,0.0,SRC-00044057
EXP-044058,EMP-0005,HR,2026-07-22,accommodation,Hotel Group C,PRJ-0055,EmployeeReimbursement,True,True,1,31858,JPY,1.0,0.1,0.05,SRC-00044058
EXP-044059,EMP-0018,IT,2026-08-23,meal,Catering Co,PRJ-0058,Cash,True,True,4,3497,USD,150.0,0.1,0.0,SRC-00044059
EXP-044060,EMP-0031,Engineering,2026-09-24,travel,JAL,PRJ-0061,CorporateCard,False,True,1,19220,EUR,162.0,0.1,0.0,SRC-00044060
EXP-044061,EMP-0044,Sales,2026-10-25,other,Courier Service,PRJ-0064,BankTransfer,True,True,2,7899,JPY,1.0,0.08,0.0,SRC-00044061
EXP-044062,EMP-0057,Legal,2026-11-26,accommodation,Hotel Group C,PRJ-0067,EmployeeReimbursement,True,True,2,32262,USD,150.0,0.1,0.0,SRC-00044062
EXP-044063,EMP-0070,Operations,2026-12-27,meal,Business Dining,PRJ-0070,Cash,True,True,4,3829,EUR,162.0,0.1,0.0,SRC-00044063
EXP-044064,EMP-0083,Finance,2026-01-01,travel,JR East,PRJ-0073,CorporateCard,False,True,1,19768,JPY,1.0,0.1,0.0,SRC-00044064
EXP-044065,EMP-0096,Procurement,2026-02-02,other,Office Supply Co,PRJ-0076,BankTransfer,True,True,1,8135,USD,150.0,0.08,0.05,SRC-00044065
EXP-044066,EMP-0109,HR,2026-03-03,accommodation,Hotel Group C,PRJ-0079,EmployeeReimbursement,True,True,3,32666,EUR,162.0,0.1,0.0,SRC-00044066
EXP-044067,EMP-0122,IT,2026-04-04,meal,Cafe Central,PRJ-0082,Cash,True,True,4,4161,JPY,1.0,0.1,0.0,SRC-00044067
EXP-044068,EMP-0135,Engineering,2026-05-05,travel,Railway Services,PRJ-0085,CorporateCard,False,True,1,20316,USD,150.0,0.1,0.0,SRC-00044068
EXP-044069,EMP-0148,Sales,2026-06-06,other,Misc Services,PRJ-0088,BankTransfer,True,True,5,8371,EUR,162.0,0.08,0.0,SRC-00044069
EXP-044070,EMP-0161,Legal,2026-07-07,accommodation,Hotel Group C,PRJ-0091,EmployeeReimbursement,True,True,1,33070,JPY,1.0,0.1,0.0,SRC-00044070
EXP-044071,EMP-0174,Operations,2026-08-08,meal,Restaurant B,PRJ-0094,Cash,True,True,4,4493,USD,150.0,0.1,0.0,SRC-00044071
EXP-044072,EMP-0187,Finance,2026-09-09,travel,JAL,PRJ-0097,CorporateCard,False,True,1,20864,EUR,162.0,0.1,0.05,SRC-00044072
EXP-044073,EMP-0200,Procurement,2026-10-10,other,Printing Co,PRJ-0100,BankTransfer,True,True,4,8607,JPY,1.0,0.08,0.0,SRC-00044073
EXP-044074,EMP-0213,HR,2026-11-11,accommodation,Hotel Group C,PRJ-0103,EmployeeReimbursement,True,True,2,33474,USD,150.0,0.1,0.0,SRC-00044074
EXP-044075,EMP-0226,IT,2026-12-12,meal,Restaurant A,PRJ-0106,Cash,True,True,4,4825,EUR,162.0,0.1,0.0,SRC-00044075
EXP-044076,EMP-0239,Engineering,2026-01-13,travel,JR East,PRJ-0109,CorporateCard,False,True,1,21412,JPY,1.0,0.1,0.0,SRC-00044076
EXP-044077,EMP-0002,Sales,2026-02-14,other,Software Store,PRJ-0112,BankTransfer,True,True,3,8843,USD,150.0,0.08,0.0,SRC-00044077
EXP-044078,EMP-0015,Legal,2026-03-15,accommodation,Hotel Group C,PRJ-0115,EmployeeReimbursement,True,True,3,33878,EUR,162.0,0.1,0.0,SRC-00044078
EXP-044079,EMP-0028,Operations,2026-04-16,meal,Catering Co,PRJ-0118,Cash,True,True,4,5157,JPY,1.0,0.1,0.05,SRC-00044079
EXP-044080,EMP-0041,Finance,2026-05-17,travel,Railway Services,PRJ-0001,CorporateCard,False,True,1,21960,USD,150.0,0.1,0.0,SRC-00044080
EXP-044081,EMP-0054,Procurement,2026-06-18,other,Courier Service,PRJ-0004,BankTransfer,True,True,2,9079,EUR,162.0,0.08,0.0,SRC-00044081
EXP-044082,EMP-0067,HR,2026-07-19,accommodation,Hotel Group C,PRJ-0007,EmployeeReimbursement,True,True,1,6282,JPY,1.0,0.1,0.0,SRC-00044082
EXP-044083,EMP-0080,IT,2026-08-20,meal,Business Dining,PRJ-0010,Cash,True,True,4,5489,USD,150.0,0.1,0.0,SRC-00044083
EXP-044084,EMP-0093,Engineering,2026-09-21,travel,JAL,PRJ-0013,CorporateCard,False,True,1,22508,EUR,162.0,0.1,0.0,SRC-00044084
EXP-044085,EMP-0106,Sales,2026-10-22,other,Office Supply Co,PRJ-0016,BankTransfer,True,True,1,9315,JPY,1.0,0.08,0.0,SRC-00044085
EXP-044086,EMP-0119,Legal,2026-11-23,accommodation,Hotel Group C,PRJ-0019,EmployeeReimbursement,True,True,2,6686,USD,150.0,0.1,0.05,SRC-00044086
EXP-044087,EMP-0132,Operations,2026-12-24,meal,Cafe Central,PRJ-0022,Cash,True,True,4,5821,EUR,162.0,0.1,0.0,SRC-00044087
EXP-044088,EMP-0145,Finance,2026-01-25,travel,JR East,PRJ-0025,CorporateCard,False,True,1,23056,JPY,1.0,0.1,0.0,SRC-00044088
EXP-044089,EMP-0158,Procurement,2026-02-26,other,Misc Services,PRJ-0028,BankTransfer,True,True,5,9551,USD,150.0,0.08,0.0,SRC-00044089
EXP-044090,EMP-0171,HR,2026-03-27,accommodation,Hotel Group C,PRJ-0031,EmployeeReimbursement,True,True,3,7090,EUR,162.0,0.1,0.0,SRC-00044090
EXP-044091,EMP-0184,IT,2026-04-01,meal,Restaurant B,PRJ-0034,Cash,True,True,4,6153,JPY,1.0,0.1,0.0,SRC-00044091
EXP-044092,EMP-0197,Engineering,2026-05-02,travel,Railway Services,PRJ-0037,CorporateCard,False,True,1,23604,USD,150.0,0.1,0.0,SRC-00044092
EXP-044093,EMP-0210,Sales,2026-06-03,other,Printing Co,PRJ-0040,BankTransfer,True,True,4,9787,EUR,162.0,0.08,0.05,SRC-00044093
EXP-044094,EMP-0223,Legal,2026-07-04,accommodation,Hotel Group C,PRJ-0043,EmployeeReimbursement,True,True,1,7494,JPY,1.0,0.1,0.0,SRC-00044094
EXP-044095,EMP-0236,Operations,2026-08-05,meal,Restaurant A,PRJ-0046,Cash,True,True,4,6485,USD,150.0,0.1,0.0,SRC-00044095
EXP-044096,EMP-0249,Finance,2026-09-06,travel,JAL,PRJ-0049,CorporateCard,False,True,1,24152,EUR,162.0,0.1,0.0,SRC-00044096
EXP-044097,EMP-0012,Procurement,2026-10-07,other,Software Store,PRJ-0052,BankTransfer,True,True,3,10023,JPY,1.0,0.08,0.0,SRC-00044097
EXP-044098,EMP-0025,HR,2026-11-08,accommodation,Hotel Group C,PRJ-0055,EmployeeReimbursement,True,True,2,7898,USD,150.0,0.1,0.0,SRC-00044098
EXP-044099,EMP-0038,IT,2026-12-09,meal,Catering Co,PRJ-0058,Cash,True,True,4,6817,EUR,162.0,0.1,0.0,SRC-00044099
EXP-044100,EMP-0051,Engineering,2026-01-10,travel,JR East,PRJ-0061,CorporateCard,False,True,1,24700,JPY,1.0,0.1,0.05,SRC-00044100
EXP-044101,EMP-0064,Sales,2026-02-11,other,Courier Service,PRJ-0064,BankTransfer,True,True,2,10259,USD,150.0,0.08,0.0,SRC-00044101
EXP-044102,EMP-0077,Legal,2026-03-12,accommodation,Hotel Group C,PRJ-0067,EmployeeReimbursement,True,True,3,8302,EUR,162.0,0.1,0.0,SRC-00044102
EXP-044103,EMP-0090,Operations,2026-04-13,meal,Business Dining,PRJ-0070,Cash,True,True,4,7149,JPY,1.0,0.1,0.0,SRC-00044103
EXP-044104,EMP-0103,Finance,2026-05-14,travel,Railway Services,PRJ-0073,CorporateCard,False,True,1,25248,USD,150.0,0.1,0.0,SRC-00044104
EXP-044105,EMP-0116,Procurement,2026-06-15,other,Office Supply Co,PRJ-0076,BankTransfer,True,True,1,10495,EUR,162.0,0.08,0.0,SRC-00044105
EXP-044106,EMP-0129,HR,2026-07-16,accommodation,Hotel Group C,PRJ-0079,EmployeeReimbursement,True,True,1,8706,JPY,1.0,0.1,0.0,SRC-00044106
EXP-044107,EMP-0142,IT,2026-08-17,meal,Cafe Central,PRJ-0082,Cash,True,True,4,7481,USD,150.0,0.1,0.05,SRC-00044107
EXP-044108,EMP-0155,Engineering,2026-09-18,travel,JAL,PRJ-0085,CorporateCard,False,True,1,25796,EUR,162.0,0.1,0.0,SRC-00044108
EXP-044109,EMP-0168,Sales,2026-10-19,other,Misc Services,PRJ-0088,BankTransfer,True,True,5,10731,JPY,1.0,0.08,0.0,SRC-00044109
EXP-044110,EMP-0181,Legal,2026-11-20,accommodation,Hotel Group C,PRJ-0091,EmployeeReimbursement,True,True,2,9110,USD,150.0,0.1,0.0,SRC-00044110
EXP-044111,EMP-0194,Operations,2026-12-21,meal,Restaurant B,PRJ-0094,Cash,True,True,4,7813,EUR,162.0,0.1,0.0,SRC-00044111
EXP-044112,EMP-0207,Finance,2026-01-22,travel,JR East,PRJ-0097,CorporateCard,False,True,1,26344,JPY,1.0,0.1,0.0,SRC-00044112
EXP-044113,EMP-0220,Procurement,2026-02-23,other,Printing Co,PRJ-0100,BankTransfer,True,True,4,10967,USD,150.0,0.08,0.0,SRC-00044113
EXP-044114,EMP-0233,HR,2026-03-24,accommodation,Hotel Group C,PRJ-0103,EmployeeReimbursement,True,True,3,9514,EUR,162.0,0.1,0.05,SRC-00044114
EXP-044115,EMP-0246,IT,2026-04-25,meal,Restaurant A,PRJ-0106,Cash,True,True,4,8145,JPY,1.0,0.1,0.0,SRC-00044115
EXP-044116,EMP-0009,Engineering,2026-05-26,travel,Railway Services,PRJ-0109,CorporateCard,False,True,1,26892,USD,150.0,0.1,0.0,SRC-00044116
EXP-044117,EMP-0022,Sales,2026-06-27,other,Software Store,PRJ-0112,BankTransfer,True,True,3,11203,EUR,162.0,0.08,0.0,SRC-00044117
EXP-044118,EMP-0035,Legal,2026-07-01,accommodation,Hotel Group C,PRJ-0115,EmployeeReimbursement,True,True,1,9918,JPY,1.0,0.1,0.0,SRC-00044118
EXP-044119,EMP-0048,Operations,2026-08-02,meal,Catering Co,PRJ-0118,Cash,True,True,4,8477,USD,150.0,0.1,0.0,SRC-00044119
EXP-044120,EMP-0061,Finance,2026-09-03,travel,JAL,PRJ-0001,CorporateCard,False,True,1,27440,EUR,162.0,0.1,0.0,SRC-00044120
EXP-044121,EMP-0074,Procurement,2026-10-04,other,Courier Service,PRJ-0004,BankTransfer,True,True,2,11439,JPY,1.0,0.08,0.05,SRC-00044121
EXP-044122,EMP-0087,HR,2026-11-05,accommodation,Hotel Group C,PRJ-0007,EmployeeReimbursement,True,True,2,10322,USD,150.0,0.1,0.0,SRC-00044122
EXP-044123,EMP-0100,IT,2026-12-06,meal,Business Dining,PRJ-0010,Cash,True,True,4,8809,EUR,162.0,0.1,0.0,SRC-00044123
EXP-044124,EMP-0113,Engineering,2026-01-07,travel,JR East,PRJ-0013,CorporateCard,False,True,1,27988,JPY,1.0,0.1,0.0,SRC-00044124
EXP-044125,EMP-0126,Sales,2026-02-08,other,Office Supply Co,PRJ-0016,BankTransfer,True,True,1,11675,USD,150.0,0.08,0.0,SRC-00044125
EXP-044126,EMP-0139,Legal,2026-03-09,accommodation,Hotel Group C,PRJ-0019,EmployeeReimbursement,True,True,3,10726,EUR,162.0,0.1,0.0,SRC-00044126
EXP-044127,EMP-0152,Operations,2026-04-10,meal,Cafe Central,PRJ-0022,Cash,True,True,4,9141,JPY,1.0,0.1,0.0,SRC-00044127
EXP-044128,EMP-0165,Finance,2026-05-11,travel,Railway Services,PRJ-0025,CorporateCard,False,True,1,28536,USD,150.0,0.1,0.05,SRC-00044128
EXP-044129,EMP-0178,Procurement,2026-06-12,other,Misc Services,PRJ-0028,BankTransfer,True,True,5,11911,EUR,162.0,0.08,0.0,SRC-00044129
EXP-044130,EMP-0191,HR,2026-07-13,accommodation,Hotel Group C,PRJ-0031,EmployeeReimbursement,True,True,1,11130,JPY,1.0,0.1,0.0,SRC-00044130
EXP-044131,EMP-0204,IT,2026-08-14,meal,Restaurant B,PRJ-0034,Cash,True,True,4,9473,USD,150.0,0.1,0.0,SRC-00044131
EXP-044132,EMP-0217,Engineering,2026-09-15,travel,JAL,PRJ-0037,CorporateCard,False,True,1,29084,EUR,162.0,0.1,0.0,SRC-00044132
EXP-044133,EMP-0230,Sales,2026-10-16,other,Printing Co,PRJ-0040,BankTransfer,True,True,4,12147,JPY,1.0,0.08,0.0,SRC-00044133
EXP-044134,EMP-0243,Legal,2026-11-17,accommodation,Hotel Group C,PRJ-0043,EmployeeReimbursement,True,True,2,11534,USD,150.0,0.1,0.0,SRC-00044134
EXP-044135,EMP-0006,Operations,2026-12-18,meal,Restaurant A,PRJ-0046,Cash,True,True,4,9805,EUR,162.0,0.1,0.05,SRC-00044135
EXP-044136,EMP-0019,Finance,2026-01-19,travel,JR East,PRJ-0049,CorporateCard,False,True,1,29632,JPY,1.0,0.1,0.0,SRC-00044136
EXP-044137,EMP-0032,Procurement,2026-02-20,other,Software Store,PRJ-0052,BankTransfer,True,True,3,12383,USD,150.0,0.08,0.0,SRC-00044137
EXP-044138,EMP-0045,HR,2026-03-21,accommodation,Hotel Group C,PRJ-0055,EmployeeReimbursement,True,True,3,11938,EUR,162.0,0.1,0.0,SRC-00044138
EXP-044139,EMP-0058,IT,2026-04-22,meal,Catering Co,PRJ-0058,Cash,True,True,4,10137,JPY,1.0,0.1,0.0,SRC-00044139
EXP-044140,EMP-0071,Engineering,2026-05-23,travel,Railway Services,PRJ-0061,CorporateCard,False,True,1,30180,USD,150.0,0.1,0.0,SRC-00044140
EXP-044141,EMP-0084,Sales,2026-06-24,other,Courier Service,PRJ-0064,BankTransfer,True,True,2,12619,EUR,162.0,0.08,0.0,SRC-00044141
EXP-044142,EMP-0097,Legal,2026-07-25,accommodation,Hotel Group C,PRJ-0067,EmployeeReimbursement,True,True,1,12342,JPY,1.0,0.1,0.05,SRC-00044142
EXP-044143,EMP-0110,Operations,2026-08-26,meal,Business Dining,PRJ-0070,Cash,True,True,4,10469,USD,150.0,0.1,0.0,SRC-00044143
EXP-044144,EMP-0123,Finance,2026-09-27,travel,JAL,PRJ-0073,CorporateCard,False,True,1,30728,EUR,162.0,0.1,0.0,SRC-00044144
EXP-044145,EMP-0136,Procurement,2026-10-01,other,Office Supply Co,PRJ-0076,BankTransfer,True,True,1,12855,JPY,1.0,0.08,0.0,SRC-00044145
EXP-044146,EMP-0149,HR,2026-11-02,accommodation,Hotel Group C,PRJ-0079,EmployeeReimbursement,True,True,2,12746,USD,150.0,0.1,0.0,SRC-00044146
EXP-044147,EMP-0162,IT,2026-12-03,meal,Cafe Central,PRJ-0082,Cash,True,True,4,10801,EUR,162.0,0.1,0.0,SRC-00044147
EXP-044148,EMP-0175,Engineering,2026-01-04,travel,JR East,PRJ-0085,CorporateCard,False,True,1,31276,JPY,1.0,0.1,0.0,SRC-00044148
EXP-044149,EMP-0188,Sales,2026-02-05,other,Misc Services,PRJ-0088,BankTransfer,True,True,5,13091,USD,150.0,0.08,0.05,SRC-00044149
EXP-044150,EMP-0201,Legal,2026-03-06,accommodation,Hotel Group C,PRJ-0091,EmployeeReimbursement,True,True,3,13150,EUR,162.0,0.1,0.0,SRC-00044150
EXP-044151,EMP-0214,Operations,2026-04-07,meal,Restaurant B,PRJ-0094,Cash,True,True,4,11133,JPY,1.0,0.1,0.0,SRC-00044151
EXP-044152,EMP-0227,Finance,2026-05-08,travel,Railway Services,PRJ-0097,CorporateCard,False,True,1,31824,USD,150.0,0.1,0.0,SRC-00044152
EXP-044153,EMP-0240,Procurement,2026-06-09,other,Printing Co,PRJ-0100,BankTransfer,True,True,4,13327,EUR,162.0,0.08,0.0,SRC-00044153
EXP-044154,EMP-0003,HR,2026-07-10,accommodation,Hotel Group C,PRJ-0103,EmployeeReimbursement,True,True,1,13554,JPY,1.0,0.1,0.0,SRC-00044154
EXP-044155,EMP-0016,IT,2026-08-11,meal,Restaurant A,PRJ-0106,Cash,True,True,4,11465,USD,150.0,0.1,0.0,SRC-00044155
EXP-044156,EMP-0029,Engineering,2026-09-12,travel,JAL,PRJ-0109,CorporateCard,False,True,1,32372,EUR,162.0,0.1,0.05,SRC-00044156
EXP-044157,EMP-0042,Sales,2026-10-13,other,Software Store,PRJ-0112,BankTransfer,True,True,3,13563,JPY,1.0,0.08,0.0,SRC-00044157
EXP-044158,EMP-0055,Legal,2026-11-14,accommodation,Hotel Group C,PRJ-0115,EmployeeReimbursement,True,True,2,13958,USD,150.0,0.1,0.0,SRC-00044158
EXP-044159,EMP-0068,Operations,2026-12-15,meal,Catering Co,PRJ-0118,Cash,True,True,4,11797,EUR,162.0,0.1,0.0,SRC-00044159
EXP-044160,EMP-0081,Finance,2026-01-16,travel,JR East,PRJ-0001,CorporateCard,False,True,1,32920,JPY,1.0,0.1,0.0,SRC-00044160
EXP-044161,EMP-0094,Procurement,2026-02-17,other,Courier Service,PRJ-0004,BankTransfer,True,True,2,13799,USD,150.0,0.08,0.0,SRC-00044161
EXP-044162,EMP-0107,HR,2026-03-18,accommodation,Hotel Group C,PRJ-0007,EmployeeReimbursement,True,True,3,14362,EUR,162.0,0.1,0.0,SRC-00044162
EXP-044163,EMP-0120,IT,2026-04-19,meal,Business Dining,PRJ-0010,Cash,True,True,4,12129,JPY,1.0,0.1,0.05,SRC-00044163
EXP-044164,EMP-0133,Engineering,2026-05-20,travel,Railway Services,PRJ-0013,CorporateCard,False,True,1,33468,USD,150.0,0.1,0.0,SRC-00044164
EXP-044165,EMP-0146,Sales,2026-06-21,other,Office Supply Co,PRJ-0016,BankTransfer,True,True,1,14035,EUR,162.0,0.08,0.0,SRC-00044165
EXP-044166,EMP-0159,Legal,2026-07-22,accommodation,Hotel Group C,PRJ-0019,EmployeeReimbursement,True,True,1,14766,JPY,1.0,0.1,0.0,SRC-00044166
EXP-044167,EMP-0172,Operations,2026-08-23,meal,Cafe Central,PRJ-0022,Cash,True,True,4,12461,USD,150.0,0.1,0.0,SRC-00044167
EXP-044168,EMP-0185,Finance,2026-09-24,travel,JAL,PRJ-0025,CorporateCard,False,True,1,34016,EUR,162.0,0.1,0.0,SRC-00044168
EXP-044169,EMP-0198,Procurement,2026-10-25,other,Misc Services,PRJ-0028,BankTransfer,True,True,5,14271,JPY,1.0,0.08,0.0,SRC-00044169
EXP-044170,EMP-0211,HR,2026-11-26,accommodation,Hotel Group C,PRJ-0031,EmployeeReimbursement,True,True,2,15170,USD,150.0,0.1,0.05,SRC-00044170
EXP-044171,EMP-0224,IT,2026-12-27,meal,Restaurant B,PRJ-0034,Cash,True,True,4,12793,EUR,162.0,0.1,0.0,SRC-00044171
EXP-044172,EMP-0237,Engineering,2026-01-01,travel,JR East,PRJ-0037,CorporateCard,False,True,1,34564,JPY,1.0,0.1,0.0,SRC-00044172
EXP-044173,EMP-0250,Sales,2026-02-02,other,Printing Co,PRJ-0040,BankTransfer,True,True,4,14507,USD,150.0,0.08,0.0,SRC-00044173
EXP-044174,EMP-0013,Legal,2026-03-03,accommodation,Hotel Group C,PRJ-0043,EmployeeReimbursement,True,True,3,15574,EUR,162.0,0.1,0.0,SRC-00044174
EXP-044175,EMP-0026,Operations,2026-04-04,meal,Restaurant A,PRJ-0046,Cash,True,True,4,13125,JPY,1.0,0.1,0.0,SRC-00044175
EXP-044176,EMP-0039,Finance,2026-05-05,travel,Railway Services,PRJ-0049,CorporateCard,False,True,1,35112,USD,150.0,0.1,0.0,SRC-00044176
EXP-044177,EMP-0052,Procurement,2026-06-06,other,Software Store,PRJ-0052,BankTransfer,True,True,3,14743,EUR,162.0,0.08,0.05,SRC-00044177
EXP-044178,EMP-0065,HR,2026-07-07,accommodation,Hotel Group C,PRJ-0055,EmployeeReimbursement,True,True,1,15978,JPY,1.0,0.1,0.0,SRC-00044178
EXP-044179,EMP-0078,IT,2026-08-08,meal,Catering Co,PRJ-0058,Cash,True,True,4,13457,USD,150.0,0.1,0.0,SRC-00044179
EXP-044180,EMP-0091,Engineering,2026-09-09,travel,JAL,PRJ-0061,CorporateCard,False,True,1,35660,EUR,162.0,0.1,0.0,SRC-00044180
EXP-044181,EMP-0104,Sales,2026-10-10,other,Courier Service,PRJ-0064,BankTransfer,True,True,2,14979,JPY,1.0,0.08,0.0,SRC-00044181
EXP-044182,EMP-0117,Legal,2026-11-11,accommodation,Hotel Group C,PRJ-0067,EmployeeReimbursement,True,True,2,16382,USD,150.0,0.1,0.0,SRC-00044182
EXP-044183,EMP-0130,Operations,2026-12-12,meal,Business Dining,PRJ-0070,Cash,True,True,4,13789,EUR,162.0,0.1,0.0,SRC-00044183
EXP-044184,EMP-0143,Finance,2026-01-13,travel,JR East,PRJ-0073,CorporateCard,False,True,1,36208,JPY,1.0,0.1,0.05,SRC-00044184
EXP-044185,EMP-0156,Procurement,2026-02-14,other,Office Supply Co,PRJ-0076,BankTransfer,True,True,1,15215,USD,150.0,0.08,0.0,SRC-00044185
EXP-044186,EMP-0169,HR,2026-03-15,accommodation,Hotel Group C,PRJ-0079,EmployeeReimbursement,True,True,3,16786,EUR,162.0,0.1,0.0,SRC-00044186
EXP-044187,EMP-0182,IT,2026-04-16,meal,Cafe Central,PRJ-0082,Cash,True,True,4,14121,JPY,1.0,0.1,0.0,SRC-00044187
EXP-044188,EMP-0195,Engineering,2026-05-17,travel,Railway Services,PRJ-0085,CorporateCard,False,True,1,36756,USD,150.0,0.1,0.0,SRC-00044188
EXP-044189,EMP-0208,Sales,2026-06-18,other,Misc Services,PRJ-0088,BankTransfer,True,True,5,15451,EUR,162.0,0.08,0.0,SRC-00044189
EXP-044190,EMP-0221,Legal,2026-07-19,accommodation,Hotel Group C,PRJ-0091,EmployeeReimbursement,True,True,1,17190,JPY,1.0,0.1,0.0,SRC-00044190
EXP-044191,EMP-0234,Operations,2026-08-20,meal,Restaurant B,PRJ-0094,Cash,True,True,4,14453,USD,150.0,0.1,0.05,SRC-00044191
EXP-044192,EMP-0247,Finance,2026-09-21,travel,JAL,PRJ-0097,CorporateCard,False,True,1,37304,EUR,162.0,0.1,0.0,SRC-00044192
EXP-044193,EMP-0010,Procurement,2026-10-22,other,Printing Co,PRJ-0100,BankTransfer,True,True,4,15687,JPY,1.0,0.08,0.0,SRC-00044193
EXP-044194,EMP-0023,HR,2026-11-23,accommodation,Hotel Group C,PRJ-0103,EmployeeReimbursement,True,True,2,17594,USD,150.0,0.1,0.0,SRC-00044194
EXP-044195,EMP-0036,IT,2026-12-24,meal,Restaurant A,PRJ-0106,Cash,True,True,4,785,EUR,162.0,0.1,0.0,SRC-00044195
EXP-044196,EMP-0049,Engineering,2026-01-25,travel,JR East,PRJ-0109,CorporateCard,False,True,1,37852,JPY,1.0,0.1,0.0,SRC-00044196
EXP-044197,EMP-0062,Sales,2026-02-26,other,Software Store,PRJ-0112,BankTransfer,True,True,3,15923,USD,150.0,0.08,0.0,SRC-00044197
EXP-044198,EMP-0075,Legal,2026-03-27,accommodation,Hotel Group C,PRJ-0115,EmployeeReimbursement,True,True,3,17998,EUR,162.0,0.1,0.05,SRC-00044198
EXP-044199,EMP-0088,Operations,2026-04-01,meal,Catering Co,PRJ-0118,Cash,True,True,4,1117,JPY,1.0,0.1,0.0,SRC-00044199
EXP-044200,EMP-0101,Finance,2026-05-02,travel,Railway Services,PRJ-0001,CorporateCard,False,True,1,38400,USD,150.0,0.1,0.0,SRC-00044200
EXP-044201,EMP-0114,Procurement,2026-06-03,other,Courier Service,PRJ-0004,BankTransfer,True,True,2,16159,EUR,162.0,0.08,0.0,SRC-00044201
EXP-044202,EMP-0127,HR,2026-07-04,accommodation,Hotel Group C,PRJ-0007,EmployeeReimbursement,True,True,1,18402,JPY,1.0,0.1,0.0,SRC-00044202
EXP-044203,EMP-0140,IT,2026-08-05,meal,Business Dining,PRJ-0010,Cash,True,True,4,1449,USD,150.0,0.1,0.0,SRC-00044203
EXP-044204,EMP-0153,Engineering,2026-09-06,travel,JAL,PRJ-0013,CorporateCard,False,True,1,38948,EUR,162.0,0.1,0.0,SRC-00044204
EXP-044205,EMP-0166,Sales,2026-10-07,other,Office Supply Co,PRJ-0016,BankTransfer,True,True,1,16395,JPY,1.0,0.08,0.05,SRC-00044205
EXP-044206,EMP-0179,Legal,2026-11-08,accommodation,Hotel Group C,PRJ-0019,EmployeeReimbursement,True,True,2,18806,USD,150.0,0.1,0.0,SRC-00044206
EXP-044207,EMP-0192,Operations,2026-12-09,meal,Cafe Central,PRJ-0022,Cash,True,True,4,1781,EUR,162.0,0.1,0.0,SRC-00044207
EXP-044208,EMP-0205,Finance,2026-01-10,travel,JR East,PRJ-0025,CorporateCard,False,True,1,39496,JPY,1.0,0.1,0.0,SRC-00044208
EXP-044209,EMP-0218,Procurement,2026-02-11,other,Misc Services,PRJ-0028,BankTransfer,True,True,5,16631,USD,150.0,0.08,0.0,SRC-00044209
EXP-044210,EMP-0231,HR,2026-03-12,accommodation,Hotel Group C,PRJ-0031,EmployeeReimbursement,True,True,3,19210,EUR,162.0,0.1,0.0,SRC-00044210
EXP-044211,EMP-0244,IT,2026-04-13,meal,Restaurant B,PRJ-0034,Cash,True,True,4,2113,JPY,1.0,0.1,0.0,SRC-00044211
EXP-044212,EMP-0007,Engineering,2026-05-14,travel,Railway Services,PRJ-0037,CorporateCard,False,True,1,40044,USD,150.0,0.1,0.05,SRC-00044212
EXP-044213,EMP-0020,Sales,2026-06-15,other,Printing Co,PRJ-0040,BankTransfer,True,True,4,16867,EUR,162.0,0.08,0.0,SRC-00044213
EXP-044214,EMP-0033,Legal,2026-07-16,accommodation,Hotel Group C,PRJ-0043,EmployeeReimbursement,True,True,1,19614,JPY,1.0,0.1,0.0,SRC-00044214
EXP-044215,EMP-0046,Operations,2026-08-17,meal,Restaurant A,PRJ-0046,Cash,True,True,4,2445,USD,150.0,0.1,0.0,SRC-00044215
EXP-044216,EMP-0059,Finance,2026-09-18,travel,JAL,PRJ-0049,CorporateCard,False,True,1,40592,EUR,162.0,0.1,0.0,SRC-00044216
EXP-044217,EMP-0072,Procurement,2026-10-19,other,Software Store,PRJ-0052,BankTransfer,True,True,3,17103,JPY,1.0,0.08,0.0,SRC-00044217
EXP-044218,EMP-0085,HR,2026-11-20,accommodation,Hotel Group C,PRJ-0055,EmployeeReimbursement,True,True,2,20018,USD,150.0,0.1,0.0,SRC-00044218
EXP-044219,EMP-0098,IT,2026-12-21,meal,Catering Co,PRJ-0058,Cash,True,True,4,2777,EUR,162.0,0.1,0.05,SRC-00044219
EXP-044220,EMP-0111,Engineering,2026-01-22,travel,JR East,PRJ-0061,CorporateCard,False,True,1,41140,JPY,1.0,0.1,0.0,SRC-00044220
EXP-044221,EMP-0124,Sales,2026-02-23,other,Courier Service,PRJ-0064,BankTransfer,True,True,2,17339,USD,150.0,0.08,0.0,SRC-00044221
EXP-044222,EMP-0137,Legal,2026-03-24,accommodation,Hotel Group C,PRJ-0067,EmployeeReimbursement,True,True,3,20422,EUR,162.0,0.1,0.0,SRC-00044222
EXP-044223,EMP-0150,Operations,2026-04-25,meal,Business Dining,PRJ-0070,Cash,True,True,4,3109,JPY,1.0,0.1,0.0,SRC-00044223
EXP-044224,EMP-0163,Finance,2026-05-26,travel,Railway Services,PRJ-0073,CorporateCard,False,True,1,41688,USD,150.0,0.1,0.0,SRC-00044224
EXP-044225,EMP-0176,Procurement,2026-06-27,other,Office Supply Co,PRJ-0076,BankTransfer,True,True,1,17575,EUR,162.0,0.08,0.0,SRC-00044225
EXP-044226,EMP-0189,HR,2026-07-01,accommodation,Hotel Group C,PRJ-0079,EmployeeReimbursement,True,True,1,20826,JPY,1.0,0.1,0.05,SRC-00044226
EXP-044227,EMP-0202,IT,2026-08-02,meal,Cafe Central,PRJ-0082,Cash,True,True,4,3441,USD,150.0,0.1,0.0,SRC-00044227
EXP-044228,EMP-0215,Engineering,2026-09-03,travel,JAL,PRJ-0085,CorporateCard,False,True,1,42236,EUR,162.0,0.1,0.0,SRC-00044228
EXP-044229,EMP-0228,Sales,2026-10-04,other,Misc Services,PRJ-0088,BankTransfer,True,True,5,17811,JPY,1.0,0.08,0.0,SRC-00044229
EXP-044230,EMP-0241,Legal,2026-11-05,accommodation,Hotel Group C,PRJ-0091,EmployeeReimbursement,True,True,2,21230,USD,150.0,0.1,0.0,SRC-00044230
EXP-044231,EMP-0004,Operations,2026-12-06,meal,Restaurant B,PRJ-0094,Cash,True,True,4,3773,EUR,162.0,0.1,0.0,SRC-00044231
EXP-044232,EMP-0017,Finance,2026-01-07,travel,JR East,PRJ-0097,CorporateCard,False,True,1,42784,JPY,1.0,0.1,0.0,SRC-00044232
EXP-044233,EMP-0030,Procurement,2026-02-08,other,Printing Co,PRJ-0100,BankTransfer,True,True,4,18047,USD,150.0,0.08,0.05,SRC-00044233
EXP-044234,EMP-0043,HR,2026-03-09,accommodation,Hotel Group C,PRJ-0103,EmployeeReimbursement,True,True,3,21634,EUR,162.0,0.1,0.0,SRC-00044234
EXP-044235,EMP-0056,IT,2026-04-10,meal,Restaurant A,PRJ-0106,Cash,True,True,4,4105,JPY,1.0,0.1,0.0,SRC-00044235
EXP-044236,EMP-0069,Engineering,2026-05-11,travel,Railway Services,PRJ-0109,CorporateCard,False,True,1,43332,USD,150.0,0.1,0.0,SRC-00044236
EXP-044237,EMP-0082,Sales,2026-06-12,other,Software Store,PRJ-0112,BankTransfer,True,True,3,18283,EUR,162.0,0.08,0.0,SRC-00044237
EXP-044238,EMP-0095,Legal,2026-07-13,accommodation,Hotel Group C,PRJ-0115,EmployeeReimbursement,True,True,1,22038,JPY,1.0,0.1,0.0,SRC-00044238
EXP-044239,EMP-0108,Operations,2026-08-14,meal,Catering Co,PRJ-0118,Cash,True,True,4,4437,USD,150.0,0.1,0.0,SRC-00044239
EXP-044240,EMP-0121,Finance,2026-09-15,travel,JAL,PRJ-0001,CorporateCard,False,True,1,43880,EUR,162.0,0.1,0.05,SRC-00044240
EXP-044241,EMP-0134,Procurement,2026-10-16,other,Courier Service,PRJ-0004,BankTransfer,True,True,2,519,JPY,1.0,0.08,0.0,SRC-00044241
EXP-044242,EMP-0147,HR,2026-11-17,accommodation,Hotel Group C,PRJ-0007,EmployeeReimbursement,True,True,2,22442,USD,150.0,0.1,0.0,SRC-00044242
EXP-044243,EMP-0160,IT,2026-12-18,meal,Business Dining,PRJ-0010,Cash,True,True,4,4769,EUR,162.0,0.1,0.0,SRC-00044243
EXP-044244,EMP-0173,Engineering,2026-01-19,travel,JR East,PRJ-0013,CorporateCard,False,True,1,44428,JPY,1.0,0.1,0.0,SRC-00044244
EXP-044245,EMP-0186,Sales,2026-02-20,other,Office Supply Co,PRJ-0016,BankTransfer,True,True,1,755,USD,150.0,0.08,0.0,SRC-00044245
EXP-044246,EMP-0199,Legal,2026-03-21,accommodation,Hotel Group C,PRJ-0019,EmployeeReimbursement,True,True,3,22846,EUR,162.0,0.1,0.0,SRC-00044246
EXP-044247,EMP-0212,Operations,2026-04-22,meal,Cafe Central,PRJ-0022,Cash,True,True,4,5101,JPY,1.0,0.1,0.05,SRC-00044247
EXP-044248,EMP-0225,Finance,2026-05-23,travel,Railway Services,PRJ-0025,CorporateCard,False,True,1,44976,USD,150.0,0.1,0.0,SRC-00044248
EXP-044249,EMP-0238,Procurement,2026-06-24,other,Misc Services,PRJ-0028,BankTransfer,True,True,5,991,EUR,162.0,0.08,0.0,SRC-00044249
EXP-044250,EMP-0001,HR,2026-07-25,accommodation,Hotel Group C,PRJ-0031,EmployeeReimbursement,True,True,1,23250,JPY,1.0,0.1,0.0,SRC-00044250
EXP-044251,EMP-0014,IT,2026-08-26,meal,Restaurant B,PRJ-0034,Cash,True,True,4,5433,USD,150.0,0.1,0.0,SRC-00044251
EXP-044252,EMP-0027,Engineering,2026-09-27,travel,JAL,PRJ-0037,CorporateCard,False,True,1,45524,EUR,162.0,0.1,0.0,SRC-00044252
EXP-044253,EMP-0040,Sales,2026-10-01,other,Printing Co,PRJ-0040,BankTransfer,True,True,4,1227,JPY,1.0,0.08,0.0,SRC-00044253
EXP-044254,EMP-0053,Legal,2026-11-02,accommodation,Hotel Group C,PRJ-0043,EmployeeReimbursement,True,True,2,23654,USD,150.0,0.1,0.05,SRC-00044254
EXP-044255,EMP-0066,Operations,2026-12-03,meal,Restaurant A,PRJ-0046,Cash,True,True,4,5765,EUR,162.0,0.1,0.0,SRC-00044255
EXP-044256,EMP-0079,Finance,2026-01-04,travel,JR East,PRJ-0049,CorporateCard,False,True,1,46072,JPY,1.0,0.1,0.0,SRC-00044256
EXP-044257,EMP-0092,Procurement,2026-02-05,other,Software Store,PRJ-0052,BankTransfer,True,True,3,1463,USD,150.0,0.08,0.0,SRC-00044257
EXP-044258,EMP-0105,HR,2026-03-06,accommodation,Hotel Group C,PRJ-0055,EmployeeReimbursement,True,True,3,24058,EUR,162.0,0.1,0.0,SRC-00044258
EXP-044259,EMP-0118,IT,2026-04-07,meal,Catering Co,PRJ-0058,Cash,True,True,4,6097,JPY,1.0,0.1,0.0,SRC-00044259
EXP-044260,EMP-0131,Engineering,2026-05-08,travel,Railway Services,PRJ-0061,CorporateCard,False,True,1,46620,USD,150.0,0.1,0.0,SRC-00044260
EXP-044261,EMP-0144,Sales,2026-06-09,other,Courier Service,PRJ-0064,BankTransfer,True,True,2,1699,EUR,162.0,0.08,0.05,SRC-00044261
EXP-044262,EMP-0157,Legal,2026-07-10,accommodation,Hotel Group C,PRJ-0067,EmployeeReimbursement,True,True,1,24462,JPY,1.0,0.1,0.0,SRC-00044262
EXP-044263,EMP-0170,Operations,2026-08-11,meal,Business Dining,PRJ-0070,Cash,True,True,4,6429,USD,150.0,0.1,0.0,SRC-00044263
EXP-044264,EMP-0183,Finance,2026-09-12,travel,JAL,PRJ-0073,CorporateCard,False,True,1,47168,EUR,162.0,0.1,0.0,SRC-00044264
EXP-044265,EMP-0196,Procurement,2026-10-13,other,Office Supply Co,PRJ-0076,BankTransfer,True,True,1,1935,JPY,1.0,0.08,0.0,SRC-00044265
EXP-044266,EMP-0209,HR,2026-11-14,accommodation,Hotel Group C,PRJ-0079,EmployeeReimbursement,True,True,2,24866,USD,150.0,0.1,0.0,SRC-00044266
EXP-044267,EMP-0222,IT,2026-12-15,meal,Cafe Central,PRJ-0082,Cash,True,True,4,6761,EUR,162.0,0.1,0.0,SRC-00044267
EXP-044268,EMP-0235,Engineering,2026-01-16,travel,JR East,PRJ-0085,CorporateCard,False,True,1,47716,JPY,1.0,0.1,0.05,SRC-00044268
EXP-044269,EMP-0248,Sales,2026-02-17,other,Misc Services,PRJ-0088,BankTransfer,True,True,5,2171,USD,150.0,0.08,0.0,SRC-00044269
EXP-044270,EMP-0011,Legal,2026-03-18,accommodation,Hotel Group C,PRJ-0091,EmployeeReimbursement,True,True,3,25270,EUR,162.0,0.1,0.0,SRC-00044270
EXP-044271,EMP-0024,Operations,2026-04-19,meal,Restaurant B,PRJ-0094,Cash,True,True,4,7093,JPY,1.0,0.1,0.0,SRC-00044271
EXP-044272,EMP-0037,Finance,2026-05-20,travel,Railway Services,PRJ-0097,CorporateCard,False,True,1,48264,USD,150.0,0.1,0.0,SRC-00044272
EXP-044273,EMP-0050,Procurement,2026-06-21,other,Printing Co,PRJ-0100,BankTransfer,True,True,4,2407,EUR,162.0,0.08,0.0,SRC-00044273
EXP-044274,EMP-0063,HR,2026-07-22,accommodation,Hotel Group C,PRJ-0103,EmployeeReimbursement,True,True,1,25674,JPY,1.0,0.1,0.0,SRC-00044274
EXP-044275,EMP-0076,IT,2026-08-23,meal,Restaurant A,PRJ-0106,Cash,True,True,4,7425,USD,150.0,0.1,0.05,SRC-00044275
EXP-044276,EMP-0089,Engineering,2026-09-24,travel,JAL,PRJ-0109,CorporateCard,False,True,1,48812,EUR,162.0,0.1,0.0,SRC-00044276
EXP-044277,EMP-0102,Sales,2026-10-25,other,Software Store,PRJ-0112,BankTransfer,True,True,3,2643,JPY,1.0,0.08,0.0,SRC-00044277
EXP-044278,EMP-0115,Legal,2026-11-26,accommodation,Hotel Group C,PRJ-0115,EmployeeReimbursement,True,True,2,26078,USD,150.0,0.1,0.0,SRC-00044278
EXP-044279,EMP-0128,Operations,2026-12-27,meal,Catering Co,PRJ-0118,Cash,True,True,4,7757,EUR,162.0,0.1,0.0,SRC-00044279
EXP-044280,EMP-0141,Finance,2026-01-01,travel,JR East,PRJ-0001,CorporateCard,False,True,1,49360,JPY,1.0,0.1,0.0,SRC-00044280
EXP-044281,EMP-0154,Procurement,2026-02-02,other,Courier Service,PRJ-0004,BankTransfer,True,True,2,2879,USD,150.0,0.08,0.0,SRC-00044281
EXP-044282,EMP-0167,HR,2026-03-03,accommodation,Hotel Group C,PRJ-0007,EmployeeReimbursement,True,True,3,26482,EUR,162.0,0.1,0.05,SRC-00044282
EXP-044283,EMP-0180,IT,2026-04-04,meal,Business Dining,PRJ-0010,Cash,True,True,4,8089,JPY,1.0,0.1,0.0,SRC-00044283
EXP-044284,EMP-0193,Engineering,2026-05-05,travel,Railway Services,PRJ-0013,CorporateCard,False,True,1,49908,USD,150.0,0.1,0.0,SRC-00044284
EXP-044285,EMP-0206,Sales,2026-06-06,other,Office Supply Co,PRJ-0016,BankTransfer,True,True,1,3115,EUR,162.0,0.08,0.0,SRC-00044285
EXP-044286,EMP-0219,Legal,2026-07-07,accommodation,Hotel Group C,PRJ-0019,EmployeeReimbursement,True,True,1,26886,JPY,1.0,0.1,0.0,SRC-00044286
EXP-044287,EMP-0232,Operations,2026-08-08,meal,Cafe Central,PRJ-0022,Cash,True,True,4,8421,USD,150.0,0.1,0.0,SRC-00044287
EXP-044288,EMP-0245,Finance,2026-09-09,travel,JAL,PRJ-0025,CorporateCard,False,True,1,50456,EUR,162.0,0.1,0.0,SRC-00044288
EXP-044289,EMP-0008,Procurement,2026-10-10,other,Misc Services,PRJ-0028,BankTransfer,True,True,5,3351,JPY,1.0,0.08,0.05,SRC-00044289
EXP-044290,EMP-0021,HR,2026-11-11,accommodation,Hotel Group C,PRJ-0031,EmployeeReimbursement,True,True,2,27290,USD,150.0,0.1,0.0,SRC-00044290
EXP-044291,EMP-0034,IT,2026-12-12,meal,Restaurant B,PRJ-0034,Cash,True,True,4,8753,EUR,162.0,0.1,0.0,SRC-00044291
EXP-044292,EMP-0047,Engineering,2026-01-13,travel,JR East,PRJ-0037,CorporateCard,False,True,1,51004,JPY,1.0,0.1,0.0,SRC-00044292
EXP-044293,EMP-0060,Sales,2026-02-14,other,Printing Co,PRJ-0040,BankTransfer,True,True,4,3587,USD,150.0,0.08,0.0,SRC-00044293
EXP-044294,EMP-0073,Legal,2026-03-15,accommodation,Hotel Group C,PRJ-0043,EmployeeReimbursement,True,True,3,27694,EUR,162.0,0.1,0.0,SRC-00044294
EXP-044295,EMP-0086,Operations,2026-04-16,meal,Restaurant A,PRJ-0046,Cash,True,True,4,9085,JPY,1.0,0.1,0.0,SRC-00044295
EXP-044296,EMP-0099,Finance,2026-05-17,travel,Railway Services,PRJ-0049,CorporateCard,False,True,1,51552,USD,150.0,0.1,0.05,SRC-00044296
EXP-044297,EMP-0112,Procurement,2026-06-18,other,Software Store,PRJ-0052,BankTransfer,True,True,3,3823,EUR,162.0,0.08,0.0,SRC-00044297
EXP-044298,EMP-0125,HR,2026-07-19,accommodation,Hotel Group C,PRJ-0055,EmployeeReimbursement,True,True,1,28098,JPY,1.0,0.1,0.0,SRC-00044298
EXP-044299,EMP-0138,IT,2026-08-20,meal,Catering Co,PRJ-0058,Cash,True,True,4,9417,USD,150.0,0.1,0.0,SRC-00044299
EXP-044300,EMP-0151,Engineering,2026-09-21,travel,JAL,PRJ-0061,CorporateCard,False,True,1,52100,EUR,162.0,0.1,0.0,SRC-00044300
EXP-044301,EMP-0164,Sales,2026-10-22,other,Courier Service,PRJ-0064,BankTransfer,True,True,2,4059,JPY,1.0,0.08,0.0,SRC-00044301
EXP-044302,EMP-0177,Legal,2026-11-23,accommodation,Hotel Group C,PRJ-0067,EmployeeReimbursement,True,True,2,28502,USD,150.0,0.1,0.0,SRC-00044302
EXP-044303,EMP-0190,Operations,2026-12-24,meal,Business Dining,PRJ-0070,Cash,True,True,4,9749,EUR,162.0,0.1,0.05,SRC-00044303
EXP-044304,EMP-0203,Finance,2026-01-25,travel,JR East,PRJ-0073,CorporateCard,False,True,1,52648,JPY,1.0,0.1,0.0,SRC-00044304
EXP-044305,EMP-0216,Procurement,2026-02-26,other,Office Supply Co,PRJ-0076,BankTransfer,True,True,1,4295,USD,150.0,0.08,0.0,SRC-00044305
EXP-044306,EMP-0229,HR,2026-03-27,accommodation,Hotel Group C,PRJ-0079,EmployeeReimbursement,True,True,3,28906,EUR,162.0,0.1,0.0,SRC-00044306
EXP-044307,EMP-0242,IT,2026-04-01,meal,Cafe Central,PRJ-0082,Cash,True,True,4,10081,JPY,1.0,0.1,0.0,SRC-00044307
EXP-044308,EMP-0005,Engineering,2026-05-02,travel,Railway Services,PRJ-0085,CorporateCard,False,True,1,53196,USD,150.0,0.1,0.0,SRC-00044308
EXP-044309,EMP-0018,Sales,2026-06-03,other,Misc Services,PRJ-0088,BankTransfer,True,True,5,4531,EUR,162.0,0.08,0.0,SRC-00044309
EXP-044310,EMP-0031,Legal,2026-07-04,accommodation,Hotel Group C,PRJ-0091,EmployeeReimbursement,True,True,1,29310,JPY,1.0,0.1,0.05,SRC-00044310
EXP-044311,EMP-0044,Operations,2026-08-05,meal,Restaurant B,PRJ-0094,Cash,True,True,4,10413,USD,150.0,0.1,0.0,SRC-00044311
EXP-044312,EMP-0057,Finance,2026-09-06,travel,JAL,PRJ-0097,CorporateCard,False,True,1,53744,EUR,162.0,0.1,0.0,SRC-00044312
EXP-044313,EMP-0070,Procurement,2026-10-07,other,Printing Co,PRJ-0100,BankTransfer,True,True,4,4767,JPY,1.0,0.08,0.0,SRC-00044313
EXP-044314,EMP-0083,HR,2026-11-08,accommodation,Hotel Group C,PRJ-0103,EmployeeReimbursement,True,True,2,29714,USD,150.0,0.1,0.0,SRC-00044314
EXP-044315,EMP-0096,IT,2026-12-09,meal,Restaurant A,PRJ-0106,Cash,True,True,4,10745,EUR,162.0,0.1,0.0,SRC-00044315
EXP-044316,EMP-0109,Engineering,2026-01-10,travel,JR East,PRJ-0109,CorporateCard,False,True,1,54292,JPY,1.0,0.1,0.0,SRC-00044316
EXP-044317,EMP-0122,Sales,2026-02-11,other,Software Store,PRJ-0112,BankTransfer,True,True,3,5003,USD,150.0,0.08,0.05,SRC-00044317
EXP-044318,EMP-0135,Legal,2026-03-12,accommodation,Hotel Group C,PRJ-0115,EmployeeReimbursement,True,True,3,30118,EUR,162.0,0.1,0.0,SRC-00044318
EXP-044319,EMP-0148,Operations,2026-04-13,meal,Catering Co,PRJ-0118,Cash,True,True,4,11077,JPY,1.0,0.1,0.0,SRC-00044319
EXP-044320,EMP-0161,Finance,2026-05-14,travel,Railway Services,PRJ-0001,CorporateCard,False,True,1,54840,USD,150.0,0.1,0.0,SRC-00044320
EXP-044321,EMP-0174,Procurement,2026-06-15,other,Courier Service,PRJ-0004,BankTransfer,True,True,2,5239,EUR,162.0,0.08,0.0,SRC-00044321
EXP-044322,EMP-0187,HR,2026-07-16,accommodation,Hotel Group C,PRJ-0007,EmployeeReimbursement,True,True,1,30522,JPY,1.0,0.1,0.0,SRC-00044322
EXP-044323,EMP-0200,IT,2026-08-17,meal,Business Dining,PRJ-0010,Cash,True,True,4,11409,USD,150.0,0.1,0.0,SRC-00044323
EXP-044324,EMP-0213,Engineering,2026-09-18,travel,JAL,PRJ-0013,CorporateCard,False,True,1,55388,EUR,162.0,0.1,0.05,SRC-00044324
EXP-044325,EMP-0226,Sales,2026-10-19,other,Office Supply Co,PRJ-0016,BankTransfer,True,True,1,5475,JPY,1.0,0.08,0.0,SRC-00044325
EXP-044326,EMP-0239,Legal,2026-11-20,accommodation,Hotel Group C,PRJ-0019,EmployeeReimbursement,True,True,2,30926,USD,150.0,0.1,0.0,SRC-00044326
EXP-044327,EMP-0002,Operations,2026-12-21,meal,Cafe Central,PRJ-0022,Cash,True,True,4,11741,EUR,162.0,0.1,0.0,SRC-00044327
EXP-044328,EMP-0015,Finance,2026-01-22,travel,JR East,PRJ-0025,CorporateCard,False,True,1,55936,JPY,1.0,0.1,0.0,SRC-00044328
EXP-044329,EMP-0028,Procurement,2026-02-23,other,Misc Services,PRJ-0028,BankTransfer,True,True,5,5711,USD,150.0,0.08,0.0,SRC-00044329
EXP-044330,EMP-0041,HR,2026-03-24,accommodation,Hotel Group C,PRJ-0031,EmployeeReimbursement,True,True,3,31330,EUR,162.0,0.1,0.0,SRC-00044330
EXP-044331,EMP-0054,IT,2026-04-25,meal,Restaurant B,PRJ-0034,Cash,True,True,4,12073,JPY,1.0,0.1,0.05,SRC-00044331
EXP-044332,EMP-0067,Engineering,2026-05-26,travel,Railway Services,PRJ-0037,CorporateCard,False,True,1,56484,USD,150.0,0.1,0.0,SRC-00044332
EXP-044333,EMP-0080,Sales,2026-06-27,other,Printing Co,PRJ-0040,BankTransfer,True,True,4,5947,EUR,162.0,0.08,0.0,SRC-00044333
EXP-044334,EMP-0093,Legal,2026-07-01,accommodation,Hotel Group C,PRJ-0043,EmployeeReimbursement,True,True,1,31734,JPY,1.0,0.1,0.0,SRC-00044334
EXP-044335,EMP-0106,Operations,2026-08-02,meal,Restaurant A,PRJ-0046,Cash,True,True,4,12405,USD,150.0,0.1,0.0,SRC-00044335
EXP-044336,EMP-0119,Finance,2026-09-03,travel,JAL,PRJ-0049,CorporateCard,False,True,1,57032,EUR,162.0,0.1,0.0,SRC-00044336
EXP-044337,EMP-0132,Procurement,2026-10-04,other,Software Store,PRJ-0052,BankTransfer,True,True,3,6183,JPY,1.0,0.08,0.0,SRC-00044337
EXP-044338,EMP-0145,HR,2026-11-05,accommodation,Hotel Group C,PRJ-0055,EmployeeReimbursement,True,True,2,32138,USD,150.0,0.1,0.05,SRC-00044338
EXP-044339,EMP-0158,IT,2026-12-06,meal,Catering Co,PRJ-0058,Cash,True,True,4,12737,EUR,162.0,0.1,0.0,SRC-00044339
EXP-044340,EMP-0171,Engineering,2026-01-07,travel,JR East,PRJ-0061,CorporateCard,False,True,1,57580,JPY,1.0,0.1,0.0,SRC-00044340
EXP-044341,EMP-0184,Sales,2026-02-08,other,Courier Service,PRJ-0064,BankTransfer,True,True,2,6419,USD,150.0,0.08,0.0,SRC-00044341
EXP-044342,EMP-0197,Legal,2026-03-09,accommodation,Hotel Group C,PRJ-0067,EmployeeReimbursement,True,True,3,32542,EUR,162.0,0.1,0.0,SRC-00044342
EXP-044343,EMP-0210,Operations,2026-04-10,meal,Business Dining,PRJ-0070,Cash,True,True,4,13069,JPY,1.0,0.1,0.0,SRC-00044343
EXP-044344,EMP-0223,Finance,2026-05-11,travel,Railway Services,PRJ-0073,CorporateCard,False,True,1,58128,USD,150.0,0.1,0.0,SRC-00044344
EXP-044345,EMP-0236,Procurement,2026-06-12,other,Office Supply Co,PRJ-0076,BankTransfer,True,True,1,6655,EUR,162.0,0.08,0.05,SRC-00044345
EXP-044346,EMP-0249,HR,2026-07-13,accommodation,Hotel Group C,PRJ-0079,EmployeeReimbursement,True,True,1,32946,JPY,1.0,0.1,0.0,SRC-00044346
EXP-044347,EMP-0012,IT,2026-08-14,meal,Cafe Central,PRJ-0082,Cash,True,True,4,13401,USD,150.0,0.1,0.0,SRC-00044347
EXP-044348,EMP-0025,Engineering,2026-09-15,travel,JAL,PRJ-0085,CorporateCard,False,True,1,58676,EUR,162.0,0.1,0.0,SRC-00044348
EXP-044349,EMP-0038,Sales,2026-10-16,other,Misc Services,PRJ-0088,BankTransfer,True,True,5,6891,JPY,1.0,0.08,0.0,SRC-00044349
EXP-044350,EMP-0051,Legal,2026-11-17,accommodation,Hotel Group C,PRJ-0091,EmployeeReimbursement,True,True,2,33350,USD,150.0,0.1,0.0,SRC-00044350
EXP-044351,EMP-0064,Operations,2026-12-18,meal,Restaurant B,PRJ-0094,Cash,True,True,4,13733,EUR,162.0,0.1,0.0,SRC-00044351
EXP-044352,EMP-0077,Finance,2026-01-19,travel,JR East,PRJ-0097,CorporateCard,False,True,1,59224,JPY,1.0,0.1,0.05,SRC-00044352
EXP-044353,EMP-0090,Procurement,2026-02-20,other,Printing Co,PRJ-0100,BankTransfer,True,True,4,7127,USD,150.0,0.08,0.0,SRC-00044353
EXP-044354,EMP-0103,HR,2026-03-21,accommodation,Hotel Group C,PRJ-0103,EmployeeReimbursement,True,True,3,33754,EUR,162.0,0.1,0.0,SRC-00044354
EXP-044355,EMP-0116,IT,2026-04-22,meal,Restaurant A,PRJ-0106,Cash,True,True,4,14065,JPY,1.0,0.1,0.0,SRC-00044355
EXP-044356,EMP-0129,Engineering,2026-05-23,travel,Railway Services,PRJ-0109,CorporateCard,False,True,1,59772,USD,150.0,0.1,0.0,SRC-00044356
EXP-044357,EMP-0142,Sales,2026-06-24,other,Software Store,PRJ-0112,BankTransfer,True,True,3,7363,EUR,162.0,0.08,0.0,SRC-00044357
EXP-044358,EMP-0155,Legal,2026-07-25,accommodation,Hotel Group C,PRJ-0115,EmployeeReimbursement,True,True,1,6158,JPY,1.0,0.1,0.0,SRC-00044358
EXP-044359,EMP-0168,Operations,2026-08-26,meal,Catering Co,PRJ-0118,Cash,True,True,4,14397,USD,150.0,0.1,0.05,SRC-00044359
EXP-044360,EMP-0181,Finance,2026-09-27,travel,JAL,PRJ-0001,CorporateCard,False,True,1,60320,EUR,162.0,0.1,0.0,SRC-00044360
EXP-044361,EMP-0194,Procurement,2026-10-01,other,Courier Service,PRJ-0004,BankTransfer,True,True,2,7599,JPY,1.0,0.08,0.0,SRC-00044361
EXP-044362,EMP-0207,HR,2026-11-02,accommodation,Hotel Group C,PRJ-0007,EmployeeReimbursement,True,True,2,6562,USD,150.0,0.1,0.0,SRC-00044362
EXP-044363,EMP-0220,IT,2026-12-03,meal,Business Dining,PRJ-0010,Cash,True,True,4,729,EUR,162.0,0.1,0.0,SRC-00044363
EXP-044364,EMP-0233,Engineering,2026-01-04,travel,JR East,PRJ-0013,CorporateCard,False,True,1,60868,JPY,1.0,0.1,0.0,SRC-00044364
EXP-044365,EMP-0246,Sales,2026-02-05,other,Office Supply Co,PRJ-0016,BankTransfer,True,True,1,7835,USD,150.0,0.08,0.0,SRC-00044365
EXP-044366,EMP-0009,Legal,2026-03-06,accommodation,Hotel Group C,PRJ-0019,EmployeeReimbursement,True,True,3,6966,EUR,162.0,0.1,0.05,SRC-00044366
EXP-044367,EMP-0022,Operations,2026-04-07,meal,Cafe Central,PRJ-0022,Cash,True,True,4,1061,JPY,1.0,0.1,0.0,SRC-00044367
EXP-044368,EMP-0035,Finance,2026-05-08,travel,Railway Services,PRJ-0025,CorporateCard,False,True,1,61416,USD,150.0,0.1,0.0,SRC-00044368
EXP-044369,EMP-0048,Procurement,2026-06-09,other,Misc Services,PRJ-0028,BankTransfer,True,True,5,8071,EUR,162.0,0.08,0.0,SRC-00044369
EXP-044370,EMP-0061,HR,2026-07-10,accommodation,Hotel Group C,PRJ-0031,EmployeeReimbursement,True,True,1,7370,JPY,1.0,0.1,0.0,SRC-00044370
EXP-044371,EMP-0074,IT,2026-08-11,meal,Restaurant B,PRJ-0034,Cash,True,True,4,1393,USD,150.0,0.1,0.0,SRC-00044371
EXP-044372,EMP-0087,Engineering,2026-09-12,travel,JAL,PRJ-0037,CorporateCard,False,True,1,61964,EUR,162.0,0.1,0.0,SRC-00044372
EXP-044373,EMP-0100,Sales,2026-10-13,other,Printing Co,PRJ-0040,BankTransfer,True,True,4,8307,JPY,1.0,0.08,0.05,SRC-00044373
EXP-044374,EMP-0113,Legal,2026-11-14,accommodation,Hotel Group C,PRJ-0043,EmployeeReimbursement,True,True,2,7774,USD,150.0,0.1,0.0,SRC-00044374
EXP-044375,EMP-0126,Operations,2026-12-15,meal,Restaurant A,PRJ-0046,Cash,True,True,4,1725,EUR,162.0,0.1,0.0,SRC-00044375
EXP-044376,EMP-0139,Finance,2026-01-16,travel,JR East,PRJ-0049,CorporateCard,False,True,1,62512,JPY,1.0,0.1,0.0,SRC-00044376
EXP-044377,EMP-0152,Procurement,2026-02-17,other,Software Store,PRJ-0052,BankTransfer,True,True,3,8543,USD,150.0,0.08,0.0,SRC-00044377
EXP-044378,EMP-0165,HR,2026-03-18,accommodation,Hotel Group C,PRJ-0055,EmployeeReimbursement,True,True,3,8178,EUR,162.0,0.1,0.0,SRC-00044378
EXP-044379,EMP-0178,IT,2026-04-19,meal,Catering Co,PRJ-0058,Cash,True,True,4,2057,JPY,1.0,0.1,0.0,SRC-00044379
EXP-044380,EMP-0191,Engineering,2026-05-20,travel,Railway Services,PRJ-0061,CorporateCard,False,True,1,63060,USD,150.0,0.1,0.05,SRC-00044380
EXP-044381,EMP-0204,Sales,2026-06-21,other,Courier Service,PRJ-0064,BankTransfer,True,True,2,8779,EUR,162.0,0.08,0.0,SRC-00044381
EXP-044382,EMP-0217,Legal,2026-07-22,accommodation,Hotel Group C,PRJ-0067,EmployeeReimbursement,True,True,1,8582,JPY,1.0,0.1,0.0,SRC-00044382
EXP-044383,EMP-0230,Operations,2026-08-23,meal,Business Dining,PRJ-0070,Cash,True,True,4,2389,USD,150.0,0.1,0.0,SRC-00044383
EXP-044384,EMP-0243,Finance,2026-09-24,travel,JAL,PRJ-0073,CorporateCard,False,True,1,63608,EUR,162.0,0.1,0.0,SRC-00044384
EXP-044385,EMP-0006,Procurement,2026-10-25,other,Office Supply Co,PRJ-0076,BankTransfer,True,True,1,9015,JPY,1.0,0.08,0.0,SRC-00044385
EXP-044386,EMP-0019,HR,2026-11-26,accommodation,Hotel Group C,PRJ-0079,EmployeeReimbursement,True,True,2,8986,USD,150.0,0.1,0.0,SRC-00044386
EXP-044387,EMP-0032,IT,2026-12-27,meal,Cafe Central,PRJ-0082,Cash,True,True,4,2721,EUR,162.0,0.1,0.05,SRC-00044387
EXP-044388,EMP-0045,Engineering,2026-01-01,travel,JR East,PRJ-0085,CorporateCard,False,True,1,64156,JPY,1.0,0.1,0.0,SRC-00044388
EXP-044389,EMP-0058,Sales,2026-02-02,other,Misc Services,PRJ-0088,BankTransfer,True,True,5,9251,USD,150.0,0.08,0.0,SRC-00044389
EXP-044390,EMP-0071,Legal,2026-03-03,accommodation,Hotel Group C,PRJ-0091,EmployeeReimbursement,True,True,3,9390,EUR,162.0,0.1,0.0,SRC-00044390
EXP-044391,EMP-0084,Operations,2026-04-04,meal,Restaurant B,PRJ-0094,Cash,True,True,4,3053,JPY,1.0,0.1,0.0,SRC-00044391
EXP-044392,EMP-0097,Finance,2026-05-05,travel,Railway Services,PRJ-0097,CorporateCard,False,True,1,64704,USD,150.0,0.1,0.0,SRC-00044392
EXP-044393,EMP-0110,Procurement,2026-06-06,other,Printing Co,PRJ-0100,BankTransfer,True,True,4,9487,EUR,162.0,0.08,0.0,SRC-00044393
EXP-044394,EMP-0123,HR,2026-07-07,accommodation,Hotel Group C,PRJ-0103,EmployeeReimbursement,True,True,1,9794,JPY,1.0,0.1,0.05,SRC-00044394
EXP-044395,EMP-0136,IT,2026-08-08,meal,Restaurant A,PRJ-0106,Cash,True,True,4,3385,USD,150.0,0.1,0.0,SRC-00044395
EXP-044396,EMP-0149,Engineering,2026-09-09,travel,JAL,PRJ-0109,CorporateCard,False,True,1,65252,EUR,162.0,0.1,0.0,SRC-00044396
EXP-044397,EMP-0162,Sales,2026-10-10,other,Software Store,PRJ-0112,BankTransfer,True,True,3,9723,JPY,1.0,0.08,0.0,SRC-00044397
EXP-044398,EMP-0175,Legal,2026-11-11,accommodation,Hotel Group C,PRJ-0115,EmployeeReimbursement,True,True,2,10198,USD,150.0,0.1,0.0,SRC-00044398
EXP-044399,EMP-0188,Operations,2026-12-12,meal,Catering Co,PRJ-0118,Cash,True,True,4,3717,EUR,162.0,0.1,0.0,SRC-00044399
EXP-044400,EMP-0201,Finance,2026-01-13,travel,JR East,PRJ-0001,CorporateCard,False,True,1,65800,JPY,1.0,0.1,0.0,SRC-00044400
EXP-044401,EMP-0214,Procurement,2026-02-14,other,Courier Service,PRJ-0004,BankTransfer,True,True,2,9959,USD,150.0,0.08,0.05,SRC-00044401
EXP-044402,EMP-0227,HR,2026-03-15,accommodation,Hotel Group C,PRJ-0007,EmployeeReimbursement,True,True,3,10602,EUR,162.0,0.1,0.0,SRC-00044402
EXP-044403,EMP-0240,IT,2026-04-16,meal,Business Dining,PRJ-0010,Cash,True,True,4,4049,JPY,1.0,0.1,0.0,SRC-00044403
EXP-044404,EMP-0003,Engineering,2026-05-17,travel,Railway Services,PRJ-0013,CorporateCard,False,True,1,66348,USD,150.0,0.1,0.0,SRC-00044404
EXP-044405,EMP-0016,Sales,2026-06-18,other,Office Supply Co,PRJ-0016,BankTransfer,True,True,1,10195,EUR,162.0,0.08,0.0,SRC-00044405
EXP-044406,EMP-0029,Legal,2026-07-19,accommodation,Hotel Group C,PRJ-0019,EmployeeReimbursement,True,True,1,11006,JPY,1.0,0.1,0.0,SRC-00044406
EXP-044407,EMP-0042,Operations,2026-08-20,meal,Cafe Central,PRJ-0022,Cash,True,True,4,4381,USD,150.0,0.1,0.0,SRC-00044407
EXP-044408,EMP-0055,Finance,2026-09-21,travel,JAL,PRJ-0025,CorporateCard,False,True,1,66896,EUR,162.0,0.1,0.05,SRC-00044408
EXP-044409,EMP-0068,Procurement,2026-10-22,other,Misc Services,PRJ-0028,BankTransfer,True,True,5,10431,JPY,1.0,0.08,0.0,SRC-00044409
EXP-044410,EMP-0081,HR,2026-11-23,accommodation,Hotel Group C,PRJ-0031,EmployeeReimbursement,True,True,2,11410,USD,150.0,0.1,0.0,SRC-00044410
EXP-044411,EMP-0094,IT,2026-12-24,meal,Restaurant B,PRJ-0034,Cash,True,True,4,4713,EUR,162.0,0.1,0.0,SRC-00044411
EXP-044412,EMP-0107,Engineering,2026-01-25,travel,JR East,PRJ-0037,CorporateCard,False,True,1,67444,JPY,1.0,0.1,0.0,SRC-00044412
EXP-044413,EMP-0120,Sales,2026-02-26,other,Printing Co,PRJ-0040,BankTransfer,True,True,4,10667,USD,150.0,0.08,0.0,SRC-00044413
EXP-044414,EMP-0133,Legal,2026-03-27,accommodation,Hotel Group C,PRJ-0043,EmployeeReimbursement,True,True,3,11814,EUR,162.0,0.1,0.0,SRC-00044414
EXP-044415,EMP-0146,Operations,2026-04-01,meal,Restaurant A,PRJ-0046,Cash,True,True,4,5045,JPY,1.0,0.1,0.05,SRC-00044415
EXP-044416,EMP-0159,Finance,2026-05-02,travel,Railway Services,PRJ-0049,CorporateCard,False,True,1,67992,USD,150.0,0.1,0.0,SRC-00044416
EXP-044417,EMP-0172,Procurement,2026-06-03,other,Software Store,PRJ-0052,BankTransfer,True,True,3,10903,EUR,162.0,0.08,0.0,SRC-00044417
EXP-044418,EMP-0185,HR,2026-07-04,accommodation,Hotel Group C,PRJ-0055,EmployeeReimbursement,True,True,1,12218,JPY,1.0,0.1,0.0,SRC-00044418
EXP-044419,EMP-0198,IT,2026-08-05,meal,Catering Co,PRJ-0058,Cash,True,True,4,5377,USD,150.0,0.1,0.0,SRC-00044419
EXP-044420,EMP-0211,Engineering,2026-09-06,travel,JAL,PRJ-0061,CorporateCard,False,True,1,68540,EUR,162.0,0.1,0.0,SRC-00044420
EXP-044421,EMP-0224,Sales,2026-10-07,other,Courier Service,PRJ-0064,BankTransfer,True,True,2,11139,JPY,1.0,0.08,0.0,SRC-00044421
EXP-044422,EMP-0237,Legal,2026-11-08,accommodation,Hotel Group C,PRJ-0067,EmployeeReimbursement,True,True,2,12622,USD,150.0,0.1,0.05,SRC-00044422
EXP-044423,EMP-0250,Operations,2026-12-09,meal,Business Dining,PRJ-0070,Cash,True,True,4,5709,EUR,162.0,0.1,0.0,SRC-00044423
EXP-044424,EMP-0013,Finance,2026-01-10,travel,JR East,PRJ-0073,CorporateCard,False,True,1,69088,JPY,1.0,0.1,0.0,SRC-00044424
EXP-044425,EMP-0026,Procurement,2026-02-11,other,Office Supply Co,PRJ-0076,BankTransfer,True,True,1,11375,USD,150.0,0.08,0.0,SRC-00044425
EXP-044426,EMP-0039,HR,2026-03-12,accommodation,Hotel Group C,PRJ-0079,EmployeeReimbursement,True,True,3,13026,EUR,162.0,0.1,0.0,SRC-00044426
EXP-044427,EMP-0052,IT,2026-04-13,meal,Cafe Central,PRJ-0082,Cash,True,True,4,6041,JPY,1.0,0.1,0.0,SRC-00044427
EXP-044428,EMP-0065,Engineering,2026-05-14,travel,Railway Services,PRJ-0085,CorporateCard,False,True,1,69636,USD,150.0,0.1,0.0,SRC-00044428
EXP-044429,EMP-0078,Sales,2026-06-15,other,Misc Services,PRJ-0088,BankTransfer,True,True,5,11611,EUR,162.0,0.08,0.05,SRC-00044429
EXP-044430,EMP-0091,Legal,2026-07-16,accommodation,Hotel Group C,PRJ-0091,EmployeeReimbursement,True,True,1,13430,JPY,1.0,0.1,0.0,SRC-00044430
EXP-044431,EMP-0104,Operations,2026-08-17,meal,Restaurant B,PRJ-0094,Cash,True,True,4,6373,USD,150.0,0.1,0.0,SRC-00044431
EXP-044432,EMP-0117,Finance,2026-09-18,travel,JAL,PRJ-0097,CorporateCard,False,True,1,70184,EUR,162.0,0.1,0.0,SRC-00044432
EXP-044433,EMP-0130,Procurement,2026-10-19,other,Printing Co,PRJ-0100,BankTransfer,True,True,4,11847,JPY,1.0,0.08,0.0,SRC-00044433
EXP-044434,EMP-0143,HR,2026-11-20,accommodation,Hotel Group C,PRJ-0103,EmployeeReimbursement,True,True,2,13834,USD,150.0,0.1,0.0,SRC-00044434
EXP-044435,EMP-0156,IT,2026-12-21,meal,Restaurant A,PRJ-0106,Cash,True,True,4,6705,EUR,162.0,0.1,0.0,SRC-00044435
EXP-044436,EMP-0169,Engineering,2026-01-22,travel,JR East,PRJ-0109,CorporateCard,False,True,1,70732,JPY,1.0,0.1,0.05,SRC-00044436
EXP-044437,EMP-0182,Sales,2026-02-23,other,Software Store,PRJ-0112,BankTransfer,True,True,3,12083,USD,150.0,0.08,0.0,SRC-00044437
EXP-044438,EMP-0195,Legal,2026-03-24,accommodation,Hotel Group C,PRJ-0115,EmployeeReimbursement,True,True,3,14238,EUR,162.0,0.1,0.0,SRC-00044438
EXP-044439,EMP-0208,Operations,2026-04-25,meal,Catering Co,PRJ-0118,Cash,True,True,4,7037,JPY,1.0,0.1,0.0,SRC-00044439
EXP-044440,EMP-0221,Finance,2026-05-26,travel,Railway Services,PRJ-0001,CorporateCard,False,True,1,71280,USD,150.0,0.1,0.0,SRC-00044440
EXP-044441,EMP-0234,Procurement,2026-06-27,other,Courier Service,PRJ-0004,BankTransfer,True,True,2,12319,EUR,162.0,0.08,0.0,SRC-00044441
EXP-044442,EMP-0247,HR,2026-07-01,accommodation,Hotel Group C,PRJ-0007,EmployeeReimbursement,True,True,1,14642,JPY,1.0,0.1,0.0,SRC-00044442
EXP-044443,EMP-0010,IT,2026-08-02,meal,Business Dining,PRJ-0010,Cash,True,True,4,7369,USD,150.0,0.1,0.05,SRC-00044443
EXP-044444,EMP-0023,Engineering,2026-09-03,travel,JAL,PRJ-0013,CorporateCard,False,True,1,71828,EUR,162.0,0.1,0.0,SRC-00044444
EXP-044445,EMP-0036,Sales,2026-10-04,other,Office Supply Co,PRJ-0016,BankTransfer,True,True,1,12555,JPY,1.0,0.08,0.0,SRC-00044445
EXP-044446,EMP-0049,Legal,2026-11-05,accommodation,Hotel Group C,PRJ-0019,EmployeeReimbursement,True,True,2,15046,USD,150.0,0.1,0.0,SRC-00044446
EXP-044447,EMP-0062,Operations,2026-12-06,meal,Cafe Central,PRJ-0022,Cash,True,True,4,7701,EUR,162.0,0.1,0.0,SRC-00044447
EXP-044448,EMP-0075,Finance,2026-01-07,travel,JR East,PRJ-0025,CorporateCard,False,True,1,72376,JPY,1.0,0.1,0.0,SRC-00044448
EXP-044449,EMP-0088,Procurement,2026-02-08,other,Misc Services,PRJ-0028,BankTransfer,True,True,5,12791,USD,150.0,0.08,0.0,SRC-00044449
EXP-044450,EMP-0101,HR,2026-03-09,accommodation,Hotel Group C,PRJ-0031,EmployeeReimbursement,True,True,3,15450,EUR,162.0,0.1,0.05,SRC-00044450
EXP-044451,EMP-0114,IT,2026-04-10,meal,Restaurant B,PRJ-0034,Cash,True,True,4,8033,JPY,1.0,0.1,0.0,SRC-00044451
EXP-044452,EMP-0127,Engineering,2026-05-11,travel,Railway Services,PRJ-0037,CorporateCard,False,True,1,72924,USD,150.0,0.1,0.0,SRC-00044452
EXP-044453,EMP-0140,Sales,2026-06-12,other,Printing Co,PRJ-0040,BankTransfer,True,True,4,13027,EUR,162.0,0.08,0.0,SRC-00044453
EXP-044454,EMP-0153,Legal,2026-07-13,accommodation,Hotel Group C,PRJ-0043,EmployeeReimbursement,True,True,1,15854,JPY,1.0,0.1,0.0,SRC-00044454
EXP-044455,EMP-0166,Operations,2026-08-14,meal,Restaurant A,PRJ-0046,Cash,True,True,4,8365,USD,150.0,0.1,0.0,SRC-00044455
EXP-044456,EMP-0179,Finance,2026-09-15,travel,JAL,PRJ-0049,CorporateCard,False,True,1,3472,EUR,162.0,0.1,0.0,SRC-00044456
EXP-044457,EMP-0192,Procurement,2026-10-16,other,Software Store,PRJ-0052,BankTransfer,True,True,3,13263,JPY,1.0,0.08,0.05,SRC-00044457
EXP-044458,EMP-0205,HR,2026-11-17,accommodation,Hotel Group C,PRJ-0055,EmployeeReimbursement,True,True,2,16258,USD,150.0,0.1,0.0,SRC-00044458
EXP-044459,EMP-0218,IT,2026-12-18,meal,Catering Co,PRJ-0058,Cash,True,True,4,8697,EUR,162.0,0.1,0.0,SRC-00044459
EXP-044460,EMP-0231,Engineering,2026-01-19,travel,JR East,PRJ-0061,CorporateCard,False,True,1,4020,JPY,1.0,0.1,0.0,SRC-00044460
EXP-044461,EMP-0244,Sales,2026-02-20,other,Courier Service,PRJ-0064,BankTransfer,True,True,2,13499,USD,150.0,0.08,0.0,SRC-00044461
EXP-044462,EMP-0007,Legal,2026-03-21,accommodation,Hotel Group C,PRJ-0067,EmployeeReimbursement,True,True,3,16662,EUR,162.0,0.1,0.0,SRC-00044462
EXP-044463,EMP-0020,Operations,2026-04-22,meal,Business Dining,PRJ-0070,Cash,True,True,4,9029,JPY,1.0,0.1,0.0,SRC-00044463
EXP-044464,EMP-0033,Finance,2026-05-23,travel,Railway Services,PRJ-0073,CorporateCard,False,True,1,4568,USD,150.0,0.1,0.05,SRC-00044464
EXP-044465,EMP-0046,Procurement,2026-06-24,other,Office Supply Co,PRJ-0076,BankTransfer,True,True,1,13735,EUR,162.0,0.08,0.0,SRC-00044465
EXP-044466,EMP-0059,HR,2026-07-25,accommodation,Hotel Group C,PRJ-0079,EmployeeReimbursement,True,True,1,17066,JPY,1.0,0.1,0.0,SRC-00044466
EXP-044467,EMP-0072,IT,2026-08-26,meal,Cafe Central,PRJ-0082,Cash,True,True,4,9361,USD,150.0,0.1,0.0,SRC-00044467
EXP-044468,EMP-0085,Engineering,2026-09-27,travel,JAL,PRJ-0085,CorporateCard,False,True,1,5116,EUR,162.0,0.1,0.0,SRC-00044468
EXP-044469,EMP-0098,Sales,2026-10-01,other,Misc Services,PRJ-0088,BankTransfer,True,True,5,13971,JPY,1.0,0.08,0.0,SRC-00044469
EXP-044470,EMP-0111,Legal,2026-11-02,accommodation,Hotel Group C,PRJ-0091,EmployeeReimbursement,True,True,2,17470,USD,150.0,0.1,0.0,SRC-00044470
EXP-044471,EMP-0124,Operations,2026-12-03,meal,Restaurant B,PRJ-0094,Cash,True,True,4,9693,EUR,162.0,0.1,0.05,SRC-00044471
EXP-044472,EMP-0137,Finance,2026-01-04,travel,JR East,PRJ-0097,CorporateCard,False,True,1,5664,JPY,1.0,0.1,0.0,SRC-00044472
EXP-044473,EMP-0150,Procurement,2026-02-05,other,Printing Co,PRJ-0100,BankTransfer,True,True,4,14207,USD,150.0,0.08,0.0,SRC-00044473
EXP-044474,EMP-0163,HR,2026-03-06,accommodation,Hotel Group C,PRJ-0103,EmployeeReimbursement,True,True,3,17874,EUR,162.0,0.1,0.0,SRC-00044474
EXP-044475,EMP-0176,IT,2026-04-07,meal,Restaurant A,PRJ-0106,Cash,True,True,4,10025,JPY,1.0,0.1,0.0,SRC-00044475
EXP-044476,EMP-0189,Engineering,2026-05-08,travel,Railway Services,PRJ-0109,CorporateCard,False,True,1,6212,USD,150.0,0.1,0.0,SRC-00044476
EXP-044477,EMP-0202,Sales,2026-06-09,other,Software Store,PRJ-0112,BankTransfer,True,True,3,14443,EUR,162.0,0.08,0.0,SRC-00044477
EXP-044478,EMP-0215,Legal,2026-07-10,accommodation,Hotel Group C,PRJ-0115,EmployeeReimbursement,True,True,1,18278,JPY,1.0,0.1,0.05,SRC-00044478
EXP-044479,EMP-0228,Operations,2026-08-11,meal,Catering Co,PRJ-0118,Cash,True,True,4,10357,USD,150.0,0.1,0.0,SRC-00044479
EXP-044480,EMP-0241,Finance,2026-09-12,travel,JAL,PRJ-0001,CorporateCard,False,True,1,6760,EUR,162.0,0.1,0.0,SRC-00044480
EXP-044481,EMP-0004,Procurement,2026-10-13,other,Courier Service,PRJ-0004,BankTransfer,True,True,2,14679,JPY,1.0,0.08,0.0,SRC-00044481
EXP-044482,EMP-0017,HR,2026-11-14,accommodation,Hotel Group C,PRJ-0007,EmployeeReimbursement,True,True,2,18682,USD,150.0,0.1,0.0,SRC-00044482
EXP-044483,EMP-0030,IT,2026-12-15,meal,Business Dining,PRJ-0010,Cash,True,True,4,10689,EUR,162.0,0.1,0.0,SRC-00044483
EXP-044484,EMP-0043,Engineering,2026-01-16,travel,JR East,PRJ-0013,CorporateCard,False,True,1,7308,JPY,1.0,0.1,0.0,SRC-00044484
EXP-044485,EMP-0056,Sales,2026-02-17,other,Office Supply Co,PRJ-0016,BankTransfer,True,True,1,14915,USD,150.0,0.08,0.05,SRC-00044485
EXP-044486,EMP-0069,Legal,2026-03-18,accommodation,Hotel Group C,PRJ-0019,EmployeeReimbursement,True,True,3,19086,EUR,162.0,0.1,0.0,SRC-00044486
EXP-044487,EMP-0082,Operations,2026-04-19,meal,Cafe Central,PRJ-0022,Cash,True,True,4,11021,JPY,1.0,0.1,0.0,SRC-00044487
EXP-044488,EMP-0095,Finance,2026-05-20,travel,Railway Services,PRJ-0025,CorporateCard,False,True,1,7856,USD,150.0,0.1,0.0,SRC-00044488
EXP-044489,EMP-0108,Procurement,2026-06-21,other,Misc Services,PRJ-0028,BankTransfer,True,True,5,15151,EUR,162.0,0.08,0.0,SRC-00044489
EXP-044490,EMP-0121,HR,2026-07-22,accommodation,Hotel Group C,PRJ-0031,EmployeeReimbursement,True,True,1,19490,JPY,1.0,0.1,0.0,SRC-00044490
EXP-044491,EMP-0134,IT,2026-08-23,meal,Restaurant B,PRJ-0034,Cash,True,True,4,11353,USD,150.0,0.1,0.0,SRC-00044491
EXP-044492,EMP-0147,Engineering,2026-09-24,travel,JAL,PRJ-0037,CorporateCard,False,True,1,8404,EUR,162.0,0.1,0.05,SRC-00044492
EXP-044493,EMP-0160,Sales,2026-10-25,other,Printing Co,PRJ-0040,BankTransfer,True,True,4,15387,JPY,1.0,0.08,0.0,SRC-00044493
EXP-044494,EMP-0173,Legal,2026-11-26,accommodation,Hotel Group C,PRJ-0043,EmployeeReimbursement,True,True,2,19894,USD,150.0,0.1,0.0,SRC-00044494
EXP-044495,EMP-0186,Operations,2026-12-27,meal,Restaurant A,PRJ-0046,Cash,True,True,4,11685,EUR,162.0,0.1,0.0,SRC-00044495
EXP-044496,EMP-0199,Finance,2026-01-01,travel,JR East,PRJ-0049,CorporateCard,False,True,1,8952,JPY,1.0,0.1,0.0,SRC-00044496
EXP-044497,EMP-0212,Procurement,2026-02-02,other,Software Store,PRJ-0052,BankTransfer,True,True,3,15623,USD,150.0,0.08,0.0,SRC-00044497
EXP-044498,EMP-0225,HR,2026-03-03,accommodation,Hotel Group C,PRJ-0055,EmployeeReimbursement,True,True,3,20298,EUR,162.0,0.1,0.0,SRC-00044498
EXP-044499,EMP-0238,IT,2026-04-04,meal,Catering Co,PRJ-0058,Cash,True,True,4,12017,JPY,1.0,0.1,0.05,SRC-00044499
EXP-044500,EMP-0001,Engineering,2026-05-05,travel,Railway Services,PRJ-0061,CorporateCard,False,True,1,9500,USD,150.0,0.1,0.0,SRC-00044500
EXP-044501,EMP-0014,Sales,2026-06-06,other,Courier Service,PRJ-0064,BankTransfer,True,True,2,15859,EUR,162.0,0.08,0.0,SRC-00044501
EXP-044502,EMP-0027,Legal,2026-07-07,accommodation,Hotel Group C,PRJ-0067,EmployeeReimbursement,True,True,1,20702,JPY,1.0,0.1,0.0,SRC-00044502
EXP-044503,EMP-0040,Operations,2026-08-08,meal,Business Dining,PRJ-0070,Cash,True,True,4,12349,USD,150.0,0.1,0.0,SRC-00044503
EXP-044504,EMP-0053,Finance,2026-09-09,travel,JAL,PRJ-0073,CorporateCard,False,True,1,10048,EUR,162.0,0.1,0.0,SRC-00044504
EXP-044505,EMP-0066,Procurement,2026-10-10,other,Office Supply Co,PRJ-0076,BankTransfer,True,True,1,16095,JPY,1.0,0.08,0.0,SRC-00044505
EXP-044506,EMP-0079,HR,2026-11-11,accommodation,Hotel Group C,PRJ-0079,EmployeeReimbursement,True,True,2,21106,USD,150.0,0.1,0.05,SRC-00044506
EXP-044507,EMP-0092,IT,2026-12-12,meal,Cafe Central,PRJ-0082,Cash,True,True,4,12681,EUR,162.0,0.1,0.0,SRC-00044507
EXP-044508,EMP-0105,Engineering,2026-01-13,travel,JR East,PRJ-0085,CorporateCard,False,True,1,10596,JPY,1.0,0.1,0.0,SRC-00044508
EXP-044509,EMP-0118,Sales,2026-02-14,other,Misc Services,PRJ-0088,BankTransfer,True,True,5,16331,USD,150.0,0.08,0.0,SRC-00044509
EXP-044510,EMP-0131,Legal,2026-03-15,accommodation,Hotel Group C,PRJ-0091,EmployeeReimbursement,True,True,3,21510,EUR,162.0,0.1,0.0,SRC-00044510
EXP-044511,EMP-0144,Operations,2026-04-16,meal,Restaurant B,PRJ-0094,Cash,True,True,4,13013,JPY,1.0,0.1,0.0,SRC-00044511
EXP-044512,EMP-0157,Finance,2026-05-17,travel,Railway Services,PRJ-0097,CorporateCard,False,True,1,11144,USD,150.0,0.1,0.0,SRC-00044512
EXP-044513,EMP-0170,Procurement,2026-06-18,other,Printing Co,PRJ-0100,BankTransfer,True,True,4,16567,EUR,162.0,0.08,0.05,SRC-00044513
EXP-044514,EMP-0183,HR,2026-07-19,accommodation,Hotel Group C,PRJ-0103,EmployeeReimbursement,True,True,1,21914,JPY,1.0,0.1,0.0,SRC-00044514
EXP-044515,EMP-0196,IT,2026-08-20,meal,Restaurant A,PRJ-0106,Cash,True,True,4,13345,USD,150.0,0.1,0.0,SRC-00044515
EXP-044516,EMP-0209,Engineering,2026-09-21,travel,JAL,PRJ-0109,CorporateCard,False,True,1,11692,EUR,162.0,0.1,0.0,SRC-00044516
EXP-044517,EMP-0222,Sales,2026-10-22,other,Software Store,PRJ-0112,BankTransfer,True,True,3,16803,JPY,1.0,0.08,0.0,SRC-00044517
EXP-044518,EMP-0235,Legal,2026-11-23,accommodation,Hotel Group C,PRJ-0115,EmployeeReimbursement,True,True,2,22318,USD,150.0,0.1,0.0,SRC-00044518
EXP-044519,EMP-0248,Operations,2026-12-24,meal,Catering Co,PRJ-0118,Cash,True,True,4,13677,EUR,162.0,0.1,0.0,SRC-00044519
EXP-044520,EMP-0011,Finance,2026-01-25,travel,JR East,PRJ-0001,CorporateCard,False,True,1,12240,JPY,1.0,0.1,0.05,SRC-00044520
EXP-044521,EMP-0024,Procurement,2026-02-26,other,Courier Service,PRJ-0004,BankTransfer,True,True,2,17039,USD,150.0,0.08,0.0,SRC-00044521
EXP-044522,EMP-0037,HR,2026-03-27,accommodation,Hotel Group C,PRJ-0007,EmployeeReimbursement,True,True,3,22722,EUR,162.0,0.1,0.0,SRC-00044522
EXP-044523,EMP-0050,IT,2026-04-01,meal,Business Dining,PRJ-0010,Cash,True,True,4,14009,JPY,1.0,0.1,0.0,SRC-00044523
EXP-044524,EMP-0063,Engineering,2026-05-02,travel,Railway Services,PRJ-0013,CorporateCard,False,True,1,12788,USD,150.0,0.1,0.0,SRC-00044524
EXP-044525,EMP-0076,Sales,2026-06-03,other,Office Supply Co,PRJ-0016,BankTransfer,True,True,1,17275,EUR,162.0,0.08,0.0,SRC-00044525
EXP-044526,EMP-0089,Legal,2026-07-04,accommodation,Hotel Group C,PRJ-0019,EmployeeReimbursement,True,True,1,23126,JPY,1.0,0.1,0.0,SRC-00044526
EXP-044527,EMP-0102,Operations,2026-08-05,meal,Cafe Central,PRJ-0022,Cash,True,True,4,14341,USD,150.0,0.1,0.05,SRC-00044527
EXP-044528,EMP-0115,Finance,2026-09-06,travel,JAL,PRJ-0025,CorporateCard,False,True,1,13336,EUR,162.0,0.1,0.0,SRC-00044528
EXP-044529,EMP-0128,Procurement,2026-10-07,other,Misc Services,PRJ-0028,BankTransfer,True,True,5,17511,JPY,1.0,0.08,0.0,SRC-00044529
EXP-044530,EMP-0141,HR,2026-11-08,accommodation,Hotel Group C,PRJ-0031,EmployeeReimbursement,True,True,2,23530,USD,150.0,0.1,0.0,SRC-00044530
EXP-044531,EMP-0154,IT,2026-12-09,meal,Restaurant B,PRJ-0034,Cash,True,True,4,673,EUR,162.0,0.1,0.0,SRC-00044531
EXP-044532,EMP-0167,Engineering,2026-01-10,travel,JR East,PRJ-0037,CorporateCard,False,True,1,13884,JPY,1.0,0.1,0.0,SRC-00044532
EXP-044533,EMP-0180,Sales,2026-02-11,other,Printing Co,PRJ-0040,BankTransfer,True,True,4,17747,USD,150.0,0.08,0.0,SRC-00044533
EXP-044534,EMP-0193,Legal,2026-03-12,accommodation,Hotel Group C,PRJ-0043,EmployeeReimbursement,True,True,3,23934,EUR,162.0,0.1,0.05,SRC-00044534
EXP-044535,EMP-0206,Operations,2026-04-13,meal,Restaurant A,PRJ-0046,Cash,True,True,4,1005,JPY,1.0,0.1,0.0,SRC-00044535
EXP-044536,EMP-0219,Finance,2026-05-14,travel,Railway Services,PRJ-0049,CorporateCard,False,True,1,14432,USD,150.0,0.1,0.0,SRC-00044536
EXP-044537,EMP-0232,Procurement,2026-06-15,other,Software Store,PRJ-0052,BankTransfer,True,True,3,17983,EUR,162.0,0.08,0.0,SRC-00044537
EXP-044538,EMP-0245,HR,2026-07-16,accommodation,Hotel Group C,PRJ-0055,EmployeeReimbursement,True,True,1,24338,JPY,1.0,0.1,0.0,SRC-00044538
EXP-044539,EMP-0008,IT,2026-08-17,meal,Catering Co,PRJ-0058,Cash,True,True,4,1337,USD,150.0,0.1,0.0,SRC-00044539
EXP-044540,EMP-0021,Engineering,2026-09-18,travel,JAL,PRJ-0061,CorporateCard,False,True,1,14980,EUR,162.0,0.1,0.0,SRC-00044540
EXP-044541,EMP-0034,Sales,2026-10-19,other,Courier Service,PRJ-0064,BankTransfer,True,True,2,18219,JPY,1.0,0.08,0.05,SRC-00044541
EXP-044542,EMP-0047,Legal,2026-11-20,accommodation,Hotel Group C,PRJ-0067,EmployeeReimbursement,True,True,2,24742,USD,150.0,0.1,0.0,SRC-00044542
EXP-044543,EMP-0060,Operations,2026-12-21,meal,Business Dining,PRJ-0070,Cash,True,True,4,1669,EUR,162.0,0.1,0.0,SRC-00044543
EXP-044544,EMP-0073,Finance,2026-01-22,travel,JR East,PRJ-0073,CorporateCard,False,True,1,15528,JPY,1.0,0.1,0.0,SRC-00044544
EXP-044545,EMP-0086,Procurement,2026-02-23,other,Office Supply Co,PRJ-0076,BankTransfer,True,True,1,455,USD,150.0,0.08,0.0,SRC-00044545
EXP-044546,EMP-0099,HR,2026-03-24,accommodation,Hotel Group C,PRJ-0079,EmployeeReimbursement,True,True,3,25146,EUR,162.0,0.1,0.0,SRC-00044546
EXP-044547,EMP-0112,IT,2026-04-25,meal,Cafe Central,PRJ-0082,Cash,True,True,4,2001,JPY,1.0,0.1,0.0,SRC-00044547
EXP-044548,EMP-0125,Engineering,2026-05-26,travel,Railway Services,PRJ-0085,CorporateCard,False,True,1,16076,USD,150.0,0.1,0.05,SRC-00044548
EXP-044549,EMP-0138,Sales,2026-06-27,other,Misc Services,PRJ-0088,BankTransfer,True,True,5,691,EUR,162.0,0.08,0.0,SRC-00044549
EXP-044550,EMP-0151,Legal,2026-07-01,accommodation,Hotel Group C,PRJ-0091,EmployeeReimbursement,True,True,1,25550,JPY,1.0,0.1,0.0,SRC-00044550
EXP-044551,EMP-0164,Operations,2026-08-02,meal,Restaurant B,PRJ-0094,Cash,True,True,4,2333,USD,150.0,0.1,0.0,SRC-00044551
EXP-044552,EMP-0177,Finance,2026-09-03,travel,JAL,PRJ-0097,CorporateCard,False,True,1,16624,EUR,162.0,0.1,0.0,SRC-00044552
EXP-044553,EMP-0190,Procurement,2026-10-04,other,Printing Co,PRJ-0100,BankTransfer,True,True,4,927,JPY,1.0,0.08,0.0,SRC-00044553
EXP-044554,EMP-0203,HR,2026-11-05,accommodation,Hotel Group C,PRJ-0103,EmployeeReimbursement,True,True,2,25954,USD,150.0,0.1,0.0,SRC-00044554
EXP-044555,EMP-0216,IT,2026-12-06,meal,Restaurant A,PRJ-0106,Cash,True,True,4,2665,EUR,162.0,0.1,0.05,SRC-00044555
EXP-044556,EMP-0229,Engineering,2026-01-07,travel,JR East,PRJ-0109,CorporateCard,False,True,1,17172,JPY,1.0,0.1,0.0,SRC-00044556
EXP-044557,EMP-0242,Sales,2026-02-08,other,Software Store,PRJ-0112,BankTransfer,True,True,3,1163,USD,150.0,0.08,0.0,SRC-00044557
EXP-044558,EMP-0005,Legal,2026-03-09,accommodation,Hotel Group C,PRJ-0115,EmployeeReimbursement,True,True,3,26358,EUR,162.0,0.1,0.0,SRC-00044558
EXP-044559,EMP-0018,Operations,2026-04-10,meal,Catering Co,PRJ-0118,Cash,True,True,4,2997,JPY,1.0,0.1,0.0,SRC-00044559
EXP-044560,EMP-0031,Finance,2026-05-11,travel,Railway Services,PRJ-0001,CorporateCard,False,True,1,17720,USD,150.0,0.1,0.0,SRC-00044560
EXP-044561,EMP-0044,Procurement,2026-06-12,other,Courier Service,PRJ-0004,BankTransfer,True,True,2,1399,EUR,162.0,0.08,0.0,SRC-00044561
EXP-044562,EMP-0057,HR,2026-07-13,accommodation,Hotel Group C,PRJ-0007,EmployeeReimbursement,True,True,1,26762,JPY,1.0,0.1,0.05,SRC-00044562
EXP-044563,EMP-0070,IT,2026-08-14,meal,Business Dining,PRJ-0010,Cash,True,True,4,3329,USD,150.0,0.1,0.0,SRC-00044563
EXP-044564,EMP-0083,Engineering,2026-09-15,travel,JAL,PRJ-0013,CorporateCard,False,True,1,18268,EUR,162.0,0.1,0.0,SRC-00044564
EXP-044565,EMP-0096,Sales,2026-10-16,other,Office Supply Co,PRJ-0016,BankTransfer,True,True,1,1635,JPY,1.0,0.08,0.0,SRC-00044565
EXP-044566,EMP-0109,Legal,2026-11-17,accommodation,Hotel Group C,PRJ-0019,EmployeeReimbursement,True,True,2,27166,USD,150.0,0.1,0.0,SRC-00044566
EXP-044567,EMP-0122,Operations,2026-12-18,meal,Cafe Central,PRJ-0022,Cash,True,True,4,3661,EUR,162.0,0.1,0.0,SRC-00044567
EXP-044568,EMP-0135,Finance,2026-01-19,travel,JR East,PRJ-0025,CorporateCard,False,True,1,18816,JPY,1.0,0.1,0.0,SRC-00044568
EXP-044569,EMP-0148,Procurement,2026-02-20,other,Misc Services,PRJ-0028,BankTransfer,True,True,5,1871,USD,150.0,0.08,0.05,SRC-00044569
EXP-044570,EMP-0161,HR,2026-03-21,accommodation,Hotel Group C,PRJ-0031,EmployeeReimbursement,True,True,3,27570,EUR,162.0,0.1,0.0,SRC-00044570
EXP-044571,EMP-0174,IT,2026-04-22,meal,Restaurant B,PRJ-0034,Cash,True,True,4,3993,JPY,1.0,0.1,0.0,SRC-00044571
EXP-044572,EMP-0187,Engineering,2026-05-23,travel,Railway Services,PRJ-0037,CorporateCard,False,True,1,19364,USD,150.0,0.1,0.0,SRC-00044572
EXP-044573,EMP-0200,Sales,2026-06-24,other,Printing Co,PRJ-0040,BankTransfer,True,True,4,2107,EUR,162.0,0.08,0.0,SRC-00044573
EXP-044574,EMP-0213,Legal,2026-07-25,accommodation,Hotel Group C,PRJ-0043,EmployeeReimbursement,True,True,1,27974,JPY,1.0,0.1,0.0,SRC-00044574
EXP-044575,EMP-0226,Operations,2026-08-26,meal,Restaurant A,PRJ-0046,Cash,True,True,4,4325,USD,150.0,0.1,0.0,SRC-00044575
EXP-044576,EMP-0239,Finance,2026-09-27,travel,JAL,PRJ-0049,CorporateCard,False,True,1,19912,EUR,162.0,0.1,0.05,SRC-00044576
EXP-044577,EMP-0002,Procurement,2026-10-01,other,Software Store,PRJ-0052,BankTransfer,True,True,3,2343,JPY,1.0,0.08,0.0,SRC-00044577
EXP-044578,EMP-0015,HR,2026-11-02,accommodation,Hotel Group C,PRJ-0055,EmployeeReimbursement,True,True,2,28378,USD,150.0,0.1,0.0,SRC-00044578
EXP-044579,EMP-0028,IT,2026-12-03,meal,Catering Co,PRJ-0058,Cash,True,True,4,4657,EUR,162.0,0.1,0.0,SRC-00044579
EXP-044580,EMP-0041,Engineering,2026-01-04,travel,JR East,PRJ-0061,CorporateCard,False,True,1,20460,JPY,1.0,0.1,0.0,SRC-00044580
EXP-044581,EMP-0054,Sales,2026-02-05,other,Courier Service,PRJ-0064,BankTransfer,True,True,2,2579,USD,150.0,0.08,0.0,SRC-00044581
EXP-044582,EMP-0067,Legal,2026-03-06,accommodation,Hotel Group C,PRJ-0067,EmployeeReimbursement,True,True,3,28782,EUR,162.0,0.1,0.0,SRC-00044582
EXP-044583,EMP-0080,Operations,2026-04-07,meal,Business Dining,PRJ-0070,Cash,True,True,4,4989,JPY,1.0,0.1,0.05,SRC-00044583
EXP-044584,EMP-0093,Finance,2026-05-08,travel,Railway Services,PRJ-0073,CorporateCard,False,True,1,21008,USD,150.0,0.1,0.0,SRC-00044584
EXP-044585,EMP-0106,Procurement,2026-06-09,other,Office Supply Co,PRJ-0076,BankTransfer,True,True,1,2815,EUR,162.0,0.08,0.0,SRC-00044585
EXP-044586,EMP-0119,HR,2026-07-10,accommodation,Hotel Group C,PRJ-0079,EmployeeReimbursement,True,True,1,29186,JPY,1.0,0.1,0.0,SRC-00044586
EXP-044587,EMP-0132,IT,2026-08-11,meal,Cafe Central,PRJ-0082,Cash,True,True,4,5321,USD,150.0,0.1,0.0,SRC-00044587
EXP-044588,EMP-0145,Engineering,2026-09-12,travel,JAL,PRJ-0085,CorporateCard,False,True,1,21556,EUR,162.0,0.1,0.0,SRC-00044588
EXP-044589,EMP-0158,Sales,2026-10-13,other,Misc Services,PRJ-0088,BankTransfer,True,True,5,3051,JPY,1.0,0.08,0.0,SRC-00044589
EXP-044590,EMP-0171,Legal,2026-11-14,accommodation,Hotel Group C,PRJ-0091,EmployeeReimbursement,True,True,2,29590,USD,150.0,0.1,0.05,SRC-00044590
EXP-044591,EMP-0184,Operations,2026-12-15,meal,Restaurant B,PRJ-0094,Cash,True,True,4,5653,EUR,162.0,0.1,0.0,SRC-00044591
EXP-044592,EMP-0197,Finance,2026-01-16,travel,JR East,PRJ-0097,CorporateCard,False,True,1,22104,JPY,1.0,0.1,0.0,SRC-00044592
EXP-044593,EMP-0210,Procurement,2026-02-17,other,Printing Co,PRJ-0100,BankTransfer,True,True,4,3287,USD,150.0,0.08,0.0,SRC-00044593
EXP-044594,EMP-0223,HR,2026-03-18,accommodation,Hotel Group C,PRJ-0103,EmployeeReimbursement,True,True,3,29994,EUR,162.0,0.1,0.0,SRC-00044594
EXP-044595,EMP-0236,IT,2026-04-19,meal,Restaurant A,PRJ-0106,Cash,True,True,4,5985,JPY,1.0,0.1,0.0,SRC-00044595
EXP-044596,EMP-0249,Engineering,2026-05-20,travel,Railway Services,PRJ-0109,CorporateCard,False,True,1,22652,USD,150.0,0.1,0.0,SRC-00044596
EXP-044597,EMP-0012,Sales,2026-06-21,other,Software Store,PRJ-0112,BankTransfer,True,True,3,3523,EUR,162.0,0.08,0.05,SRC-00044597
EXP-044598,EMP-0025,Legal,2026-07-22,accommodation,Hotel Group C,PRJ-0115,EmployeeReimbursement,True,True,1,30398,JPY,1.0,0.1,0.0,SRC-00044598
EXP-044599,EMP-0038,Operations,2026-08-23,meal,Catering Co,PRJ-0118,Cash,True,True,4,6317,USD,150.0,0.1,0.0,SRC-00044599
EXP-044600,EMP-0051,Finance,2026-09-24,travel,JAL,PRJ-0001,CorporateCard,False,True,1,23200,EUR,162.0,0.1,0.0,SRC-00044600
EXP-044601,EMP-0064,Procurement,2026-10-25,other,Courier Service,PRJ-0004,BankTransfer,True,True,2,3759,JPY,1.0,0.08,0.0,SRC-00044601
EXP-044602,EMP-0077,HR,2026-11-26,accommodation,Hotel Group C,PRJ-0007,EmployeeReimbursement,True,True,2,30802,USD,150.0,0.1,0.0,SRC-00044602
EXP-044603,EMP-0090,IT,2026-12-27,meal,Business Dining,PRJ-0010,Cash,True,True,4,6649,EUR,162.0,0.1,0.0,SRC-00044603
EXP-044604,EMP-0103,Engineering,2026-01-01,travel,JR East,PRJ-0013,CorporateCard,False,True,1,23748,JPY,1.0,0.1,0.05,SRC-00044604
EXP-044605,EMP-0116,Sales,2026-02-02,other,Office Supply Co,PRJ-0016,BankTransfer,True,True,1,3995,USD,150.0,0.08,0.0,SRC-00044605
EXP-044606,EMP-0129,Legal,2026-03-03,accommodation,Hotel Group C,PRJ-0019,EmployeeReimbursement,True,True,3,31206,EUR,162.0,0.1,0.0,SRC-00044606
EXP-044607,EMP-0142,Operations,2026-04-04,meal,Cafe Central,PRJ-0022,Cash,True,True,4,6981,JPY,1.0,0.1,0.0,SRC-00044607
EXP-044608,EMP-0155,Finance,2026-05-05,travel,Railway Services,PRJ-0025,CorporateCard,False,True,1,24296,USD,150.0,0.1,0.0,SRC-00044608
EXP-044609,EMP-0168,Procurement,2026-06-06,other,Misc Services,PRJ-0028,BankTransfer,True,True,5,4231,EUR,162.0,0.08,0.0,SRC-00044609
EXP-044610,EMP-0181,HR,2026-07-07,accommodation,Hotel Group C,PRJ-0031,EmployeeReimbursement,True,True,1,31610,JPY,1.0,0.1,0.0,SRC-00044610
EXP-044611,EMP-0194,IT,2026-08-08,meal,Restaurant B,PRJ-0034,Cash,True,True,4,7313,USD,150.0,0.1,0.05,SRC-00044611
EXP-044612,EMP-0207,Engineering,2026-09-09,travel,JAL,PRJ-0037,CorporateCard,False,True,1,24844,EUR,162.0,0.1,0.0,SRC-00044612
EXP-044613,EMP-0220,Sales,2026-10-10,other,Printing Co,PRJ-0040,BankTransfer,True,True,4,4467,JPY,1.0,0.08,0.0,SRC-00044613
EXP-044614,EMP-0233,Legal,2026-11-11,accommodation,Hotel Group C,PRJ-0043,EmployeeReimbursement,True,True,2,32014,USD,150.0,0.1,0.0,SRC-00044614
EXP-044615,EMP-0246,Operations,2026-12-12,meal,Restaurant A,PRJ-0046,Cash,True,True,4,7645,EUR,162.0,0.1,0.0,SRC-00044615
EXP-044616,EMP-0009,Finance,2026-01-13,travel,JR East,PRJ-0049,CorporateCard,False,True,1,25392,JPY,1.0,0.1,0.0,SRC-00044616
EXP-044617,EMP-0022,Procurement,2026-02-14,other,Software Store,PRJ-0052,BankTransfer,True,True,3,4703,USD,150.0,0.08,0.0,SRC-00044617
EXP-044618,EMP-0035,HR,2026-03-15,accommodation,Hotel Group C,PRJ-0055,EmployeeReimbursement,True,True,3,32418,EUR,162.0,0.1,0.05,SRC-00044618
EXP-044619,EMP-0048,IT,2026-04-16,meal,Catering Co,PRJ-0058,Cash,True,True,4,7977,JPY,1.0,0.1,0.0,SRC-00044619
EXP-044620,EMP-0061,Engineering,2026-05-17,travel,Railway Services,PRJ-0061,CorporateCard,False,True,1,25940,USD,150.0,0.1,0.0,SRC-00044620
EXP-044621,EMP-0074,Sales,2026-06-18,other,Courier Service,PRJ-0064,BankTransfer,True,True,2,4939,EUR,162.0,0.08,0.0,SRC-00044621
EXP-044622,EMP-0087,Legal,2026-07-19,accommodation,Hotel Group C,PRJ-0067,EmployeeReimbursement,True,True,1,32822,JPY,1.0,0.1,0.0,SRC-00044622
EXP-044623,EMP-0100,Operations,2026-08-20,meal,Business Dining,PRJ-0070,Cash,True,True,4,8309,USD,150.0,0.1,0.0,SRC-00044623
EXP-044624,EMP-0113,Finance,2026-09-21,travel,JAL,PRJ-0073,CorporateCard,False,True,1,26488,EUR,162.0,0.1,0.0,SRC-00044624
EXP-044625,EMP-0126,Procurement,2026-10-22,other,Office Supply Co,PRJ-0076,BankTransfer,True,True,1,5175,JPY,1.0,0.08,0.05,SRC-00044625
EXP-044626,EMP-0139,HR,2026-11-23,accommodation,Hotel Group C,PRJ-0079,EmployeeReimbursement,True,True,2,33226,USD,150.0,0.1,0.0,SRC-00044626
EXP-044627,EMP-0152,IT,2026-12-24,meal,Cafe Central,PRJ-0082,Cash,True,True,4,8641,EUR,162.0,0.1,0.0,SRC-00044627
EXP-044628,EMP-0165,Engineering,2026-01-25,travel,JR East,PRJ-0085,CorporateCard,False,True,1,27036,JPY,1.0,0.1,0.0,SRC-00044628
EXP-044629,EMP-0178,Sales,2026-02-26,other,Misc Services,PRJ-0088,BankTransfer,True,True,5,5411,USD,150.0,0.08,0.0,SRC-00044629
EXP-044630,EMP-0191,Legal,2026-03-27,accommodation,Hotel Group C,PRJ-0091,EmployeeReimbursement,True,True,3,33630,EUR,162.0,0.1,0.0,SRC-00044630
EXP-044631,EMP-0204,Operations,2026-04-01,meal,Restaurant B,PRJ-0094,Cash,True,True,4,8973,JPY,1.0,0.1,0.0,SRC-00044631
EXP-044632,EMP-0217,Finance,2026-05-02,travel,Railway Services,PRJ-0097,CorporateCard,False,True,1,27584,USD,150.0,0.1,0.05,SRC-00044632
EXP-044633,EMP-0230,Procurement,2026-06-03,other,Printing Co,PRJ-0100,BankTransfer,True,True,4,5647,EUR,162.0,0.08,0.0,SRC-00044633
EXP-044634,EMP-0243,HR,2026-07-04,accommodation,Hotel Group C,PRJ-0103,EmployeeReimbursement,True,True,1,6034,JPY,1.0,0.1,0.0,SRC-00044634
EXP-044635,EMP-0006,IT,2026-08-05,meal,Restaurant A,PRJ-0106,Cash,True,True,4,9305,USD,150.0,0.1,0.0,SRC-00044635
EXP-044636,EMP-0019,Engineering,2026-09-06,travel,JAL,PRJ-0109,CorporateCard,False,True,1,28132,EUR,162.0,0.1,0.0,SRC-00044636
EXP-044637,EMP-0032,Sales,2026-10-07,other,Software Store,PRJ-0112,BankTransfer,True,True,3,5883,JPY,1.0,0.08,0.0,SRC-00044637
EXP-044638,EMP-0045,Legal,2026-11-08,accommodation,Hotel Group C,PRJ-0115,EmployeeReimbursement,True,True,2,6438,USD,150.0,0.1,0.0,SRC-00044638
EXP-044639,EMP-0058,Operations,2026-12-09,meal,Catering Co,PRJ-0118,Cash,True,True,4,9637,EUR,162.0,0.1,0.05,SRC-00044639
EXP-044640,EMP-0071,Finance,2026-01-10,travel,JR East,PRJ-0001,CorporateCard,False,True,1,28680,JPY,1.0,0.1,0.0,SRC-00044640
EXP-044641,EMP-0084,Procurement,2026-02-11,other,Courier Service,PRJ-0004,BankTransfer,True,True,2,6119,USD,150.0,0.08,0.0,SRC-00044641
EXP-044642,EMP-0097,HR,2026-03-12,accommodation,Hotel Group C,PRJ-0007,EmployeeReimbursement,True,True,3,6842,EUR,162.0,0.1,0.0,SRC-00044642
EXP-044643,EMP-0110,IT,2026-04-13,meal,Business Dining,PRJ-0010,Cash,True,True,4,9969,JPY,1.0,0.1,0.0,SRC-00044643
EXP-044644,EMP-0123,Engineering,2026-05-14,travel,Railway Services,PRJ-0013,CorporateCard,False,True,1,29228,USD,150.0,0.1,0.0,SRC-00044644
EXP-044645,EMP-0136,Sales,2026-06-15,other,Office Supply Co,PRJ-0016,BankTransfer,True,True,1,6355,EUR,162.0,0.08,0.0,SRC-00044645
EXP-044646,EMP-0149,Legal,2026-07-16,accommodation,Hotel Group C,PRJ-0019,EmployeeReimbursement,True,True,1,7246,JPY,1.0,0.1,0.05,SRC-00044646
EXP-044647,EMP-0162,Operations,2026-08-17,meal,Cafe Central,PRJ-0022,Cash,True,True,4,10301,USD,150.0,0.1,0.0,SRC-00044647
EXP-044648,EMP-0175,Finance,2026-09-18,travel,JAL,PRJ-0025,CorporateCard,False,True,1,29776,EUR,162.0,0.1,0.0,SRC-00044648
EXP-044649,EMP-0188,Procurement,2026-10-19,other,Misc Services,PRJ-0028,BankTransfer,True,True,5,6591,JPY,1.0,0.08,0.0,SRC-00044649
EXP-044650,EMP-0201,HR,2026-11-20,accommodation,Hotel Group C,PRJ-0031,EmployeeReimbursement,True,True,2,7650,USD,150.0,0.1,0.0,SRC-00044650
EXP-044651,EMP-0214,IT,2026-12-21,meal,Restaurant B,PRJ-0034,Cash,True,True,4,10633,EUR,162.0,0.1,0.0,SRC-00044651
EXP-044652,EMP-0227,Engineering,2026-01-22,travel,JR East,PRJ-0037,CorporateCard,False,True,1,30324,JPY,1.0,0.1,0.0,SRC-00044652
EXP-044653,EMP-0240,Sales,2026-02-23,other,Printing Co,PRJ-0040,BankTransfer,True,True,4,6827,USD,150.0,0.08,0.05,SRC-00044653
EXP-044654,EMP-0003,Legal,2026-03-24,accommodation,Hotel Group C,PRJ-0043,EmployeeReimbursement,True,True,3,8054,EUR,162.0,0.1,0.0,SRC-00044654
EXP-044655,EMP-0016,Operations,2026-04-25,meal,Restaurant A,PRJ-0046,Cash,True,True,4,10965,JPY,1.0,0.1,0.0,SRC-00044655
EXP-044656,EMP-0029,Finance,2026-05-26,travel,Railway Services,PRJ-0049,CorporateCard,False,True,1,30872,USD,150.0,0.1,0.0,SRC-00044656
EXP-044657,EMP-0042,Procurement,2026-06-27,other,Software Store,PRJ-0052,BankTransfer,True,True,3,7063,EUR,162.0,0.08,0.0,SRC-00044657
EXP-044658,EMP-0055,HR,2026-07-01,accommodation,Hotel Group C,PRJ-0055,EmployeeReimbursement,True,True,1,8458,JPY,1.0,0.1,0.0,SRC-00044658
EXP-044659,EMP-0068,IT,2026-08-02,meal,Catering Co,PRJ-0058,Cash,True,True,4,11297,USD,150.0,0.1,0.0,SRC-00044659
EXP-044660,EMP-0081,Engineering,2026-09-03,travel,JAL,PRJ-0061,CorporateCard,False,True,1,31420,EUR,162.0,0.1,0.05,SRC-00044660
EXP-044661,EMP-0094,Sales,2026-10-04,other,Courier Service,PRJ-0064,BankTransfer,True,True,2,7299,JPY,1.0,0.08,0.0,SRC-00044661
EXP-044662,EMP-0107,Legal,2026-11-05,accommodation,Hotel Group C,PRJ-0067,EmployeeReimbursement,True,True,2,8862,USD,150.0,0.1,0.0,SRC-00044662
EXP-044663,EMP-0120,Operations,2026-12-06,meal,Business Dining,PRJ-0070,Cash,True,True,4,11629,EUR,162.0,0.1,0.0,SRC-00044663
EXP-044664,EMP-0133,Finance,2026-01-07,travel,JR East,PRJ-0073,CorporateCard,False,True,1,31968,JPY,1.0,0.1,0.0,SRC-00044664
EXP-044665,EMP-0146,Procurement,2026-02-08,other,Office Supply Co,PRJ-0076,BankTransfer,True,True,1,7535,USD,150.0,0.08,0.0,SRC-00044665
EXP-044666,EMP-0159,HR,2026-03-09,accommodation,Hotel Group C,PRJ-0079,EmployeeReimbursement,True,True,3,9266,EUR,162.0,0.1,0.0,SRC-00044666
EXP-044667,EMP-0172,IT,2026-04-10,meal,Cafe Central,PRJ-0082,Cash,True,True,4,11961,JPY,1.0,0.1,0.05,SRC-00044667
EXP-044668,EMP-0185,Engineering,2026-05-11,travel,Railway Services,PRJ-0085,CorporateCard,False,True,1,32516,USD,150.0,0.1,0.0,SRC-00044668
EXP-044669,EMP-0198,Sales,2026-06-12,other,Misc Services,PRJ-0088,BankTransfer,True,True,5,7771,EUR,162.0,0.08,0.0,SRC-00044669
EXP-044670,EMP-0211,Legal,2026-07-13,accommodation,Hotel Group C,PRJ-0091,EmployeeReimbursement,True,True,1,9670,JPY,1.0,0.1,0.0,SRC-00044670
EXP-044671,EMP-0224,Operations,2026-08-14,meal,Restaurant B,PRJ-0094,Cash,True,True,4,12293,USD,150.0,0.1,0.0,SRC-00044671
EXP-044672,EMP-0237,Finance,2026-09-15,travel,JAL,PRJ-0097,CorporateCard,False,True,1,33064,EUR,162.0,0.1,0.0,SRC-00044672
EXP-044673,EMP-0250,Procurement,2026-10-16,other,Printing Co,PRJ-0100,BankTransfer,True,True,4,8007,JPY,1.0,0.08,0.0,SRC-00044673
EXP-044674,EMP-0013,HR,2026-11-17,accommodation,Hotel Group C,PRJ-0103,EmployeeReimbursement,True,True,2,10074,USD,150.0,0.1,0.05,SRC-00044674
EXP-044675,EMP-0026,IT,2026-12-18,meal,Restaurant A,PRJ-0106,Cash,True,True,4,12625,EUR,162.0,0.1,0.0,SRC-00044675
EXP-044676,EMP-0039,Engineering,2026-01-19,travel,JR East,PRJ-0109,CorporateCard,False,True,1,33612,JPY,1.0,0.1,0.0,SRC-00044676
EXP-044677,EMP-0052,Sales,2026-02-20,other,Software Store,PRJ-0112,BankTransfer,True,True,3,8243,USD,150.0,0.08,0.0,SRC-00044677
EXP-044678,EMP-0065,Legal,2026-03-21,accommodation,Hotel Group C,PRJ-0115,EmployeeReimbursement,True,True,3,10478,EUR,162.0,0.1,0.0,SRC-00044678
EXP-044679,EMP-0078,Operations,2026-04-22,meal,Catering Co,PRJ-0118,Cash,True,True,4,12957,JPY,1.0,0.1,0.0,SRC-00044679
EXP-044680,EMP-0091,Finance,2026-05-23,travel,Railway Services,PRJ-0001,CorporateCard,False,True,1,34160,USD,150.0,0.1,0.0,SRC-00044680
EXP-044681,EMP-0104,Procurement,2026-06-24,other,Courier Service,PRJ-0004,BankTransfer,True,True,2,8479,EUR,162.0,0.08,0.05,SRC-00044681
EXP-044682,EMP-0117,HR,2026-07-25,accommodation,Hotel Group C,PRJ-0007,EmployeeReimbursement,True,True,1,10882,JPY,1.0,0.1,0.0,SRC-00044682
EXP-044683,EMP-0130,IT,2026-08-26,meal,Business Dining,PRJ-0010,Cash,True,True,4,13289,USD,150.0,0.1,0.0,SRC-00044683
EXP-044684,EMP-0143,Engineering,2026-09-27,travel,JAL,PRJ-0013,CorporateCard,False,True,1,34708,EUR,162.0,0.1,0.0,SRC-00044684
EXP-044685,EMP-0156,Sales,2026-10-01,other,Office Supply Co,PRJ-0016,BankTransfer,True,True,1,8715,JPY,1.0,0.08,0.0,SRC-00044685
EXP-044686,EMP-0169,Legal,2026-11-02,accommodation,Hotel Group C,PRJ-0019,EmployeeReimbursement,True,True,2,11286,USD,150.0,0.1,0.0,SRC-00044686
EXP-044687,EMP-0182,Operations,2026-12-03,meal,Cafe Central,PRJ-0022,Cash,True,True,4,13621,EUR,162.0,0.1,0.0,SRC-00044687
EXP-044688,EMP-0195,Finance,2026-01-04,travel,JR East,PRJ-0025,CorporateCard,False,True,1,35256,JPY,1.0,0.1,0.05,SRC-00044688
EXP-044689,EMP-0208,Procurement,2026-02-05,other,Misc Services,PRJ-0028,BankTransfer,True,True,5,8951,USD,150.0,0.08,0.0,SRC-00044689
EXP-044690,EMP-0221,HR,2026-03-06,accommodation,Hotel Group C,PRJ-0031,EmployeeReimbursement,True,True,3,11690,EUR,162.0,0.1,0.0,SRC-00044690
EXP-044691,EMP-0234,IT,2026-04-07,meal,Restaurant B,PRJ-0034,Cash,True,True,4,13953,JPY,1.0,0.1,0.0,SRC-00044691
EXP-044692,EMP-0247,Engineering,2026-05-08,travel,Railway Services,PRJ-0037,CorporateCard,False,True,1,35804,USD,150.0,0.1,0.0,SRC-00044692
EXP-044693,EMP-0010,Sales,2026-06-09,other,Printing Co,PRJ-0040,BankTransfer,True,True,4,9187,EUR,162.0,0.08,0.0,SRC-00044693
EXP-044694,EMP-0023,Legal,2026-07-10,accommodation,Hotel Group C,PRJ-0043,EmployeeReimbursement,True,True,1,12094,JPY,1.0,0.1,0.0,SRC-00044694
EXP-044695,EMP-0036,Operations,2026-08-11,meal,Restaurant A,PRJ-0046,Cash,True,True,4,14285,USD,150.0,0.1,0.05,SRC-00044695
EXP-044696,EMP-0049,Finance,2026-09-12,travel,JAL,PRJ-0049,CorporateCard,False,True,1,36352,EUR,162.0,0.1,0.0,SRC-00044696
EXP-044697,EMP-0062,Procurement,2026-10-13,other,Software Store,PRJ-0052,BankTransfer,True,True,3,9423,JPY,1.0,0.08,0.0,SRC-00044697
EXP-044698,EMP-0075,HR,2026-11-14,accommodation,Hotel Group C,PRJ-0055,EmployeeReimbursement,True,True,2,12498,USD,150.0,0.1,0.0,SRC-00044698
EXP-044699,EMP-0088,IT,2026-12-15,meal,Catering Co,PRJ-0058,Cash,True,True,4,617,EUR,162.0,0.1,0.0,SRC-00044699
EXP-044700,EMP-0101,Engineering,2026-01-16,travel,JR East,PRJ-0061,CorporateCard,False,True,1,36900,JPY,1.0,0.1,0.0,SRC-00044700
EXP-044701,EMP-0114,Sales,2026-02-17,other,Courier Service,PRJ-0064,BankTransfer,True,True,2,9659,USD,150.0,0.08,0.0,SRC-00044701
EXP-044702,EMP-0127,Legal,2026-03-18,accommodation,Hotel Group C,PRJ-0067,EmployeeReimbursement,True,True,3,12902,EUR,162.0,0.1,0.05,SRC-00044702
EXP-044703,EMP-0140,Operations,2026-04-19,meal,Business Dining,PRJ-0070,Cash,True,True,4,949,JPY,1.0,0.1,0.0,SRC-00044703
EXP-044704,EMP-0153,Finance,2026-05-20,travel,Railway Services,PRJ-0073,CorporateCard,False,True,1,37448,USD,150.0,0.1,0.0,SRC-00044704
EXP-044705,EMP-0166,Procurement,2026-06-21,other,Office Supply Co,PRJ-0076,BankTransfer,True,True,1,9895,EUR,162.0,0.08,0.0,SRC-00044705
EXP-044706,EMP-0179,HR,2026-07-22,accommodation,Hotel Group C,PRJ-0079,EmployeeReimbursement,True,True,1,13306,JPY,1.0,0.1,0.0,SRC-00044706
EXP-044707,EMP-0192,IT,2026-08-23,meal,Cafe Central,PRJ-0082,Cash,True,True,4,1281,USD,150.0,0.1,0.0,SRC-00044707
EXP-044708,EMP-0205,Engineering,2026-09-24,travel,JAL,PRJ-0085,CorporateCard,False,True,1,37996,EUR,162.0,0.1,0.0,SRC-00044708
EXP-044709,EMP-0218,Sales,2026-10-25,other,Misc Services,PRJ-0088,BankTransfer,True,True,5,10131,JPY,1.0,0.08,0.05,SRC-00044709
EXP-044710,EMP-0231,Legal,2026-11-26,accommodation,Hotel Group C,PRJ-0091,EmployeeReimbursement,True,True,2,13710,USD,150.0,0.1,0.0,SRC-00044710
EXP-044711,EMP-0244,Operations,2026-12-27,meal,Restaurant B,PRJ-0094,Cash,True,True,4,1613,EUR,162.0,0.1,0.0,SRC-00044711
EXP-044712,EMP-0007,Finance,2026-01-01,travel,JR East,PRJ-0097,CorporateCard,False,True,1,38544,JPY,1.0,0.1,0.0,SRC-00044712
EXP-044713,EMP-0020,Procurement,2026-02-02,other,Printing Co,PRJ-0100,BankTransfer,True,True,4,10367,USD,150.0,0.08,0.0,SRC-00044713
EXP-044714,EMP-0033,HR,2026-03-03,accommodation,Hotel Group C,PRJ-0103,EmployeeReimbursement,True,True,3,14114,EUR,162.0,0.1,0.0,SRC-00044714
EXP-044715,EMP-0046,IT,2026-04-04,meal,Restaurant A,PRJ-0106,Cash,True,True,4,1945,JPY,1.0,0.1,0.0,SRC-00044715
EXP-044716,EMP-0059,Engineering,2026-05-05,travel,Railway Services,PRJ-0109,CorporateCard,False,True,1,39092,USD,150.0,0.1,0.05,SRC-00044716
EXP-044717,EMP-0072,Sales,2026-06-06,other,Software Store,PRJ-0112,BankTransfer,True,True,3,10603,EUR,162.0,0.08,0.0,SRC-00044717
EXP-044718,EMP-0085,Legal,2026-07-07,accommodation,Hotel Group C,PRJ-0115,EmployeeReimbursement,True,True,1,14518,JPY,1.0,0.1,0.0,SRC-00044718
EXP-044719,EMP-0098,Operations,2026-08-08,meal,Catering Co,PRJ-0118,Cash,True,True,4,2277,USD,150.0,0.1,0.0,SRC-00044719
EXP-044720,EMP-0111,Finance,2026-09-09,travel,JAL,PRJ-0001,CorporateCard,False,True,1,39640,EUR,162.0,0.1,0.0,SRC-00044720
EXP-044721,EMP-0124,Procurement,2026-10-10,other,Courier Service,PRJ-0004,BankTransfer,True,True,2,10839,JPY,1.0,0.08,0.0,SRC-00044721
EXP-044722,EMP-0137,HR,2026-11-11,accommodation,Hotel Group C,PRJ-0007,EmployeeReimbursement,True,True,2,14922,USD,150.0,0.1,0.0,SRC-00044722
EXP-044723,EMP-0150,IT,2026-12-12,meal,Business Dining,PRJ-0010,Cash,True,True,4,2609,EUR,162.0,0.1,0.05,SRC-00044723
EXP-044724,EMP-0163,Engineering,2026-01-13,travel,JR East,PRJ-0013,CorporateCard,False,True,1,40188,JPY,1.0,0.1,0.0,SRC-00044724
EXP-044725,EMP-0176,Sales,2026-02-14,other,Office Supply Co,PRJ-0016,BankTransfer,True,True,1,11075,USD,150.0,0.08,0.0,SRC-00044725
EXP-044726,EMP-0189,Legal,2026-03-15,accommodation,Hotel Group C,PRJ-0019,EmployeeReimbursement,True,True,3,15326,EUR,162.0,0.1,0.0,SRC-00044726
EXP-044727,EMP-0202,Operations,2026-04-16,meal,Cafe Central,PRJ-0022,Cash,True,True,4,2941,JPY,1.0,0.1,0.0,SRC-00044727
EXP-044728,EMP-0215,Finance,2026-05-17,travel,Railway Services,PRJ-0025,CorporateCard,False,True,1,40736,USD,150.0,0.1,0.0,SRC-00044728
EXP-044729,EMP-0228,Procurement,2026-06-18,other,Misc Services,PRJ-0028,BankTransfer,True,True,5,11311,EUR,162.0,0.08,0.0,SRC-00044729
EXP-044730,EMP-0241,HR,2026-07-19,accommodation,Hotel Group C,PRJ-0031,EmployeeReimbursement,True,True,1,15730,JPY,1.0,0.1,0.05,SRC-00044730
EXP-044731,EMP-0004,IT,2026-08-20,meal,Restaurant B,PRJ-0034,Cash,True,True,4,3273,USD,150.0,0.1,0.0,SRC-00044731
EXP-044732,EMP-0017,Engineering,2026-09-21,travel,JAL,PRJ-0037,CorporateCard,False,True,1,41284,EUR,162.0,0.1,0.0,SRC-00044732
EXP-044733,EMP-0030,Sales,2026-10-22,other,Printing Co,PRJ-0040,BankTransfer,True,True,4,11547,JPY,1.0,0.08,0.0,SRC-00044733
EXP-044734,EMP-0043,Legal,2026-11-23,accommodation,Hotel Group C,PRJ-0043,EmployeeReimbursement,True,True,2,16134,USD,150.0,0.1,0.0,SRC-00044734
EXP-044735,EMP-0056,Operations,2026-12-24,meal,Restaurant A,PRJ-0046,Cash,True,True,4,3605,EUR,162.0,0.1,0.0,SRC-00044735
EXP-044736,EMP-0069,Finance,2026-01-25,travel,JR East,PRJ-0049,CorporateCard,False,True,1,41832,JPY,1.0,0.1,0.0,SRC-00044736
EXP-044737,EMP-0082,Procurement,2026-02-26,other,Software Store,PRJ-0052,BankTransfer,True,True,3,11783,USD,150.0,0.08,0.05,SRC-00044737
EXP-044738,EMP-0095,HR,2026-03-27,accommodation,Hotel Group C,PRJ-0055,EmployeeReimbursement,True,True,3,16538,EUR,162.0,0.1,0.0,SRC-00044738
EXP-044739,EMP-0108,IT,2026-04-01,meal,Catering Co,PRJ-0058,Cash,True,True,4,3937,JPY,1.0,0.1,0.0,SRC-00044739
EXP-044740,EMP-0121,Engineering,2026-05-02,travel,Railway Services,PRJ-0061,CorporateCard,False,True,1,42380,USD,150.0,0.1,0.0,SRC-00044740
EXP-044741,EMP-0134,Sales,2026-06-03,other,Courier Service,PRJ-0064,BankTransfer,True,True,2,12019,EUR,162.0,0.08,0.0,SRC-00044741
EXP-044742,EMP-0147,Legal,2026-07-04,accommodation,Hotel Group C,PRJ-0067,EmployeeReimbursement,True,True,1,16942,JPY,1.0,0.1,0.0,SRC-00044742
EXP-044743,EMP-0160,Operations,2026-08-05,meal,Business Dining,PRJ-0070,Cash,True,True,4,4269,USD,150.0,0.1,0.0,SRC-00044743
EXP-044744,EMP-0173,Finance,2026-09-06,travel,JAL,PRJ-0073,CorporateCard,False,True,1,42928,EUR,162.0,0.1,0.05,SRC-00044744
EXP-044745,EMP-0186,Procurement,2026-10-07,other,Office Supply Co,PRJ-0076,BankTransfer,True,True,1,12255,JPY,1.0,0.08,0.0,SRC-00044745
EXP-044746,EMP-0199,HR,2026-11-08,accommodation,Hotel Group C,PRJ-0079,EmployeeReimbursement,True,True,2,17346,USD,150.0,0.1,0.0,SRC-00044746
EXP-044747,EMP-0212,IT,2026-12-09,meal,Cafe Central,PRJ-0082,Cash,True,True,4,4601,EUR,162.0,0.1,0.0,SRC-00044747
EXP-044748,EMP-0225,Engineering,2026-01-10,travel,JR East,PRJ-0085,CorporateCard,False,True,1,43476,JPY,1.0,0.1,0.0,SRC-00044748
EXP-044749,EMP-0238,Sales,2026-02-11,other,Misc Services,PRJ-0088,BankTransfer,True,True,5,12491,USD,150.0,0.08,0.0,SRC-00044749
EXP-044750,EMP-0001,Legal,2026-03-12,accommodation,Hotel Group C,PRJ-0091,EmployeeReimbursement,True,True,3,17750,EUR,162.0,0.1,0.0,SRC-00044750
EXP-044751,EMP-0014,Operations,2026-04-13,meal,Restaurant B,PRJ-0094,Cash,True,True,4,4933,JPY,1.0,0.1,0.05,SRC-00044751
EXP-044752,EMP-0027,Finance,2026-05-14,travel,Railway Services,PRJ-0097,CorporateCard,False,True,1,44024,USD,150.0,0.1,0.0,SRC-00044752
EXP-044753,EMP-0040,Procurement,2026-06-15,other,Printing Co,PRJ-0100,BankTransfer,True,True,4,12727,EUR,162.0,0.08,0.0,SRC-00044753
EXP-044754,EMP-0053,HR,2026-07-16,accommodation,Hotel Group C,PRJ-0103,EmployeeReimbursement,True,True,1,18154,JPY,1.0,0.1,0.0,SRC-00044754
EXP-044755,EMP-0066,IT,2026-08-17,meal,Restaurant A,PRJ-0106,Cash,True,True,4,5265,USD,150.0,0.1,0.0,SRC-00044755
EXP-044756,EMP-0079,Engineering,2026-09-18,travel,JAL,PRJ-0109,CorporateCard,False,True,1,44572,EUR,162.0,0.1,0.0,SRC-00044756
EXP-044757,EMP-0092,Sales,2026-10-19,other,Software Store,PRJ-0112,BankTransfer,True,True,3,12963,JPY,1.0,0.08,0.0,SRC-00044757
EXP-044758,EMP-0105,Legal,2026-11-20,accommodation,Hotel Group C,PRJ-0115,EmployeeReimbursement,True,True,2,18558,USD,150.0,0.1,0.05,SRC-00044758
EXP-044759,EMP-0118,Operations,2026-12-21,meal,Catering Co,PRJ-0118,Cash,True,True,4,5597,EUR,162.0,0.1,0.0,SRC-00044759
EXP-044760,EMP-0131,Finance,2026-01-22,travel,JR East,PRJ-0001,CorporateCard,False,True,1,45120,JPY,1.0,0.1,0.0,SRC-00044760
EXP-044761,EMP-0144,Procurement,2026-02-23,other,Courier Service,PRJ-0004,BankTransfer,True,True,2,13199,USD,150.0,0.08,0.0,SRC-00044761
EXP-044762,EMP-0157,HR,2026-03-24,accommodation,Hotel Group C,PRJ-0007,EmployeeReimbursement,True,True,3,18962,EUR,162.0,0.1,0.0,SRC-00044762
EXP-044763,EMP-0170,IT,2026-04-25,meal,Business Dining,PRJ-0010,Cash,True,True,4,5929,JPY,1.0,0.1,0.0,SRC-00044763
EXP-044764,EMP-0183,Engineering,2026-05-26,travel,Railway Services,PRJ-0013,CorporateCard,False,True,1,45668,USD,150.0,0.1,0.0,SRC-00044764
EXP-044765,EMP-0196,Sales,2026-06-27,other,Office Supply Co,PRJ-0016,BankTransfer,True,True,1,13435,EUR,162.0,0.08,0.05,SRC-00044765
EXP-044766,EMP-0209,Legal,2026-07-01,accommodation,Hotel Group C,PRJ-0019,EmployeeReimbursement,True,True,1,19366,JPY,1.0,0.1,0.0,SRC-00044766
EXP-044767,EMP-0222,Operations,2026-08-02,meal,Cafe Central,PRJ-0022,Cash,True,True,4,6261,USD,150.0,0.1,0.0,SRC-00044767
EXP-044768,EMP-0235,Finance,2026-09-03,travel,JAL,PRJ-0025,CorporateCard,False,True,1,46216,EUR,162.0,0.1,0.0,SRC-00044768
EXP-044769,EMP-0248,Procurement,2026-10-04,other,Misc Services,PRJ-0028,BankTransfer,True,True,5,13671,JPY,1.0,0.08,0.0,SRC-00044769
EXP-044770,EMP-0011,HR,2026-11-05,accommodation,Hotel Group C,PRJ-0031,EmployeeReimbursement,True,True,2,19770,USD,150.0,0.1,0.0,SRC-00044770
EXP-044771,EMP-0024,IT,2026-12-06,meal,Restaurant B,PRJ-0034,Cash,True,True,4,6593,EUR,162.0,0.1,0.0,SRC-00044771
EXP-044772,EMP-0037,Engineering,2026-01-07,travel,JR East,PRJ-0037,CorporateCard,False,True,1,46764,JPY,1.0,0.1,0.05,SRC-00044772
EXP-044773,EMP-0050,Sales,2026-02-08,other,Printing Co,PRJ-0040,BankTransfer,True,True,4,13907,USD,150.0,0.08,0.0,SRC-00044773
EXP-044774,EMP-0063,Legal,2026-03-09,accommodation,Hotel Group C,PRJ-0043,EmployeeReimbursement,True,True,3,20174,EUR,162.0,0.1,0.0,SRC-00044774
EXP-044775,EMP-0076,Operations,2026-04-10,meal,Restaurant A,PRJ-0046,Cash,True,True,4,6925,JPY,1.0,0.1,0.0,SRC-00044775
EXP-044776,EMP-0089,Finance,2026-05-11,travel,Railway Services,PRJ-0049,CorporateCard,False,True,1,47312,USD,150.0,0.1,0.0,SRC-00044776
EXP-044777,EMP-0102,Procurement,2026-06-12,other,Software Store,PRJ-0052,BankTransfer,True,True,3,14143,EUR,162.0,0.08,0.0,SRC-00044777
EXP-044778,EMP-0115,HR,2026-07-13,accommodation,Hotel Group C,PRJ-0055,EmployeeReimbursement,True,True,1,20578,JPY,1.0,0.1,0.0,SRC-00044778
EXP-044779,EMP-0128,IT,2026-08-14,meal,Catering Co,PRJ-0058,Cash,True,True,4,7257,USD,150.0,0.1,0.05,SRC-00044779
EXP-044780,EMP-0141,Engineering,2026-09-15,travel,JAL,PRJ-0061,CorporateCard,False,True,1,47860,EUR,162.0,0.1,0.0,SRC-00044780
EXP-044781,EMP-0154,Sales,2026-10-16,other,Courier Service,PRJ-0064,BankTransfer,True,True,2,14379,JPY,1.0,0.08,0.0,SRC-00044781
EXP-044782,EMP-0167,Legal,2026-11-17,accommodation,Hotel Group C,PRJ-0067,EmployeeReimbursement,True,True,2,20982,USD,150.0,0.1,0.0,SRC-00044782
EXP-044783,EMP-0180,Operations,2026-12-18,meal,Business Dining,PRJ-0070,Cash,True,True,4,7589,EUR,162.0,0.1,0.0,SRC-00044783
EXP-044784,EMP-0193,Finance,2026-01-19,travel,JR East,PRJ-0073,CorporateCard,False,True,1,48408,JPY,1.0,0.1,0.0,SRC-00044784
EXP-044785,EMP-0206,Procurement,2026-02-20,other,Office Supply Co,PRJ-0076,BankTransfer,True,True,1,14615,USD,150.0,0.08,0.0,SRC-00044785
EXP-044786,EMP-0219,HR,2026-03-21,accommodation,Hotel Group C,PRJ-0079,EmployeeReimbursement,True,True,3,21386,EUR,162.0,0.1,0.05,SRC-00044786
EXP-044787,EMP-0232,IT,2026-04-22,meal,Cafe Central,PRJ-0082,Cash,True,True,4,7921,JPY,1.0,0.1,0.0,SRC-00044787
EXP-044788,EMP-0245,Engineering,2026-05-23,travel,Railway Services,PRJ-0085,CorporateCard,False,True,1,48956,USD,150.0,0.1,0.0,SRC-00044788
EXP-044789,EMP-0008,Sales,2026-06-24,other,Misc Services,PRJ-0088,BankTransfer,True,True,5,14851,EUR,162.0,0.08,0.0,SRC-00044789
EXP-044790,EMP-0021,Legal,2026-07-25,accommodation,Hotel Group C,PRJ-0091,EmployeeReimbursement,True,True,1,21790,JPY,1.0,0.1,0.0,SRC-00044790
EXP-044791,EMP-0034,Operations,2026-08-26,meal,Restaurant B,PRJ-0094,Cash,True,True,4,8253,USD,150.0,0.1,0.0,SRC-00044791
EXP-044792,EMP-0047,Finance,2026-09-27,travel,JAL,PRJ-0097,CorporateCard,False,True,1,49504,EUR,162.0,0.1,0.0,SRC-00044792
EXP-044793,EMP-0060,Procurement,2026-10-01,other,Printing Co,PRJ-0100,BankTransfer,True,True,4,15087,JPY,1.0,0.08,0.05,SRC-00044793
EXP-044794,EMP-0073,HR,2026-11-02,accommodation,Hotel Group C,PRJ-0103,EmployeeReimbursement,True,True,2,22194,USD,150.0,0.1,0.0,SRC-00044794
EXP-044795,EMP-0086,IT,2026-12-03,meal,Restaurant A,PRJ-0106,Cash,True,True,4,8585,EUR,162.0,0.1,0.0,SRC-00044795
EXP-044796,EMP-0099,Engineering,2026-01-04,travel,JR East,PRJ-0109,CorporateCard,False,True,1,50052,JPY,1.0,0.1,0.0,SRC-00044796
EXP-044797,EMP-0112,Sales,2026-02-05,other,Software Store,PRJ-0112,BankTransfer,True,True,3,15323,USD,150.0,0.08,0.0,SRC-00044797
EXP-044798,EMP-0125,Legal,2026-03-06,accommodation,Hotel Group C,PRJ-0115,EmployeeReimbursement,True,True,3,22598,EUR,162.0,0.1,0.0,SRC-00044798
EXP-044799,EMP-0138,Operations,2026-04-07,meal,Catering Co,PRJ-0118,Cash,True,True,4,8917,JPY,1.0,0.1,0.0,SRC-00044799
EXP-044800,EMP-0151,Finance,2026-05-08,travel,Railway Services,PRJ-0001,CorporateCard,False,True,1,50600,USD,150.0,0.1,0.05,SRC-00044800
EXP-044801,EMP-0164,Procurement,2026-06-09,other,Courier Service,PRJ-0004,BankTransfer,True,True,2,15559,EUR,162.0,0.08,0.0,SRC-00044801
EXP-044802,EMP-0177,HR,2026-07-10,accommodation,Hotel Group C,PRJ-0007,EmployeeReimbursement,True,True,1,23002,JPY,1.0,0.1,0.0,SRC-00044802
EXP-044803,EMP-0190,IT,2026-08-11,meal,Business Dining,PRJ-0010,Cash,True,True,4,9249,USD,150.0,0.1,0.0,SRC-00044803
EXP-044804,EMP-0203,Engineering,2026-09-12,travel,JAL,PRJ-0013,CorporateCard,False,True,1,51148,EUR,162.0,0.1,0.0,SRC-00044804
EXP-044805,EMP-0216,Sales,2026-10-13,other,Office Supply Co,PRJ-0016,BankTransfer,True,True,1,15795,JPY,1.0,0.08,0.0,SRC-00044805
EXP-044806,EMP-0229,Legal,2026-11-14,accommodation,Hotel Group C,PRJ-0019,EmployeeReimbursement,True,True,2,23406,USD,150.0,0.1,0.0,SRC-00044806
EXP-044807,EMP-0242,Operations,2026-12-15,meal,Cafe Central,PRJ-0022,Cash,True,True,4,9581,EUR,162.0,0.1,0.05,SRC-00044807
EXP-044808,EMP-0005,Finance,2026-01-16,travel,JR East,PRJ-0025,CorporateCard,False,True,1,51696,JPY,1.0,0.1,0.0,SRC-00044808
EXP-044809,EMP-0018,Procurement,2026-02-17,other,Misc Services,PRJ-0028,BankTransfer,True,True,5,16031,USD,150.0,0.08,0.0,SRC-00044809
EXP-044810,EMP-0031,HR,2026-03-18,accommodation,Hotel Group C,PRJ-0031,EmployeeReimbursement,True,True,3,23810,EUR,162.0,0.1,0.0,SRC-00044810
EXP-044811,EMP-0044,IT,2026-04-19,meal,Restaurant B,PRJ-0034,Cash,True,True,4,9913,JPY,1.0,0.1,0.0,SRC-00044811
EXP-044812,EMP-0057,Engineering,2026-05-20,travel,Railway Services,PRJ-0037,CorporateCard,False,True,1,52244,USD,150.0,0.1,0.0,SRC-00044812
EXP-044813,EMP-0070,Sales,2026-06-21,other,Printing Co,PRJ-0040,BankTransfer,True,True,4,16267,EUR,162.0,0.08,0.0,SRC-00044813
EXP-044814,EMP-0083,Legal,2026-07-22,accommodation,Hotel Group C,PRJ-0043,EmployeeReimbursement,True,True,1,24214,JPY,1.0,0.1,0.05,SRC-00044814
EXP-044815,EMP-0096,Operations,2026-08-23,meal,Restaurant A,PRJ-0046,Cash,True,True,4,10245,USD,150.0,0.1,0.0,SRC-00044815
EXP-044816,EMP-0109,Finance,2026-09-24,travel,JAL,PRJ-0049,CorporateCard,False,True,1,52792,EUR,162.0,0.1,0.0,SRC-00044816
EXP-044817,EMP-0122,Procurement,2026-10-25,other,Software Store,PRJ-0052,BankTransfer,True,True,3,16503,JPY,1.0,0.08,0.0,SRC-00044817
EXP-044818,EMP-0135,HR,2026-11-26,accommodation,Hotel Group C,PRJ-0055,EmployeeReimbursement,True,True,2,24618,USD,150.0,0.1,0.0,SRC-00044818
EXP-044819,EMP-0148,IT,2026-12-27,meal,Catering Co,PRJ-0058,Cash,True,True,4,10577,EUR,162.0,0.1,0.0,SRC-00044819
EXP-044820,EMP-0161,Engineering,2026-01-01,travel,JR East,PRJ-0061,CorporateCard,False,True,1,53340,JPY,1.0,0.1,0.0,SRC-00044820
EXP-044821,EMP-0174,Sales,2026-02-02,other,Courier Service,PRJ-0064,BankTransfer,True,True,2,16739,USD,150.0,0.08,0.05,SRC-00044821
EXP-044822,EMP-0187,Legal,2026-03-03,accommodation,Hotel Group C,PRJ-0067,EmployeeReimbursement,True,True,3,25022,EUR,162.0,0.1,0.0,SRC-00044822
EXP-044823,EMP-0200,Operations,2026-04-04,meal,Business Dining,PRJ-0070,Cash,True,True,4,10909,JPY,1.0,0.1,0.0,SRC-00044823
EXP-044824,EMP-0213,Finance,2026-05-05,travel,Railway Services,PRJ-0073,CorporateCard,False,True,1,53888,USD,150.0,0.1,0.0,SRC-00044824
EXP-044825,EMP-0226,Procurement,2026-06-06,other,Office Supply Co,PRJ-0076,BankTransfer,True,True,1,16975,EUR,162.0,0.08,0.0,SRC-00044825
EXP-044826,EMP-0239,HR,2026-07-07,accommodation,Hotel Group C,PRJ-0079,EmployeeReimbursement,True,True,1,25426,JPY,1.0,0.1,0.0,SRC-00044826
EXP-044827,EMP-0002,IT,2026-08-08,meal,Cafe Central,PRJ-0082,Cash,True,True,4,11241,USD,150.0,0.1,0.0,SRC-00044827
EXP-044828,EMP-0015,Engineering,2026-09-09,travel,JAL,PRJ-0085,CorporateCard,False,True,1,54436,EUR,162.0,0.1,0.05,SRC-00044828
EXP-044829,EMP-0028,Sales,2026-10-10,other,Misc Services,PRJ-0088,BankTransfer,True,True,5,17211,JPY,1.0,0.08,0.0,SRC-00044829
EXP-044830,EMP-0041,Legal,2026-11-11,accommodation,Hotel Group C,PRJ-0091,EmployeeReimbursement,True,True,2,25830,USD,150.0,0.1,0.0,SRC-00044830
EXP-044831,EMP-0054,Operations,2026-12-12,meal,Restaurant B,PRJ-0094,Cash,True,True,4,11573,EUR,162.0,0.1,0.0,SRC-00044831
EXP-044832,EMP-0067,Finance,2026-01-13,travel,JR East,PRJ-0097,CorporateCard,False,True,1,54984,JPY,1.0,0.1,0.0,SRC-00044832
EXP-044833,EMP-0080,Procurement,2026-02-14,other,Printing Co,PRJ-0100,BankTransfer,True,True,4,17447,USD,150.0,0.08,0.0,SRC-00044833
EXP-044834,EMP-0093,HR,2026-03-15,accommodation,Hotel Group C,PRJ-0103,EmployeeReimbursement,True,True,3,26234,EUR,162.0,0.1,0.0,SRC-00044834
EXP-044835,EMP-0106,IT,2026-04-16,meal,Restaurant A,PRJ-0106,Cash,True,True,4,11905,JPY,1.0,0.1,0.05,SRC-00044835
EXP-044836,EMP-0119,Engineering,2026-05-17,travel,Railway Services,PRJ-0109,CorporateCard,False,True,1,55532,USD,150.0,0.1,0.0,SRC-00044836
EXP-044837,EMP-0132,Sales,2026-06-18,other,Software Store,PRJ-0112,BankTransfer,True,True,3,17683,EUR,162.0,0.08,0.0,SRC-00044837
EXP-044838,EMP-0145,Legal,2026-07-19,accommodation,Hotel Group C,PRJ-0115,EmployeeReimbursement,True,True,1,26638,JPY,1.0,0.1,0.0,SRC-00044838
EXP-044839,EMP-0158,Operations,2026-08-20,meal,Catering Co,PRJ-0118,Cash,True,True,4,12237,USD,150.0,0.1,0.0,SRC-00044839
EXP-044840,EMP-0171,Finance,2026-09-21,travel,JAL,PRJ-0001,CorporateCard,False,True,1,56080,EUR,162.0,0.1,0.0,SRC-00044840
EXP-044841,EMP-0184,Procurement,2026-10-22,other,Courier Service,PRJ-0004,BankTransfer,True,True,2,17919,JPY,1.0,0.08,0.0,SRC-00044841
EXP-044842,EMP-0197,HR,2026-11-23,accommodation,Hotel Group C,PRJ-0007,EmployeeReimbursement,True,True,2,27042,USD,150.0,0.1,0.05,SRC-00044842
EXP-044843,EMP-0210,IT,2026-12-24,meal,Business Dining,PRJ-0010,Cash,True,True,4,12569,EUR,162.0,0.1,0.0,SRC-00044843
EXP-044844,EMP-0223,Engineering,2026-01-25,travel,JR East,PRJ-0013,CorporateCard,False,True,1,56628,JPY,1.0,0.1,0.0,SRC-00044844
EXP-044845,EMP-0236,Sales,2026-02-26,other,Office Supply Co,PRJ-0016,BankTransfer,True,True,1,18155,USD,150.0,0.08,0.0,SRC-00044845
EXP-044846,EMP-0249,Legal,2026-03-27,accommodation,Hotel Group C,PRJ-0019,EmployeeReimbursement,True,True,3,27446,EUR,162.0,0.1,0.0,SRC-00044846
EXP-044847,EMP-0012,Operations,2026-04-01,meal,Cafe Central,PRJ-0022,Cash,True,True,4,12901,JPY,1.0,0.1,0.0,SRC-00044847
EXP-044848,EMP-0025,Finance,2026-05-02,travel,Railway Services,PRJ-0025,CorporateCard,False,True,1,57176,USD,150.0,0.1,0.0,SRC-00044848
EXP-044849,EMP-0038,Procurement,2026-06-03,other,Misc Services,PRJ-0028,BankTransfer,True,True,5,391,EUR,162.0,0.08,0.05,SRC-00044849
EXP-044850,EMP-0051,HR,2026-07-04,accommodation,Hotel Group C,PRJ-0031,EmployeeReimbursement,True,True,1,27850,JPY,1.0,0.1,0.0,SRC-00044850
EXP-044851,EMP-0064,IT,2026-08-05,meal,Restaurant B,PRJ-0034,Cash,True,True,4,13233,USD,150.0,0.1,0.0,SRC-00044851
EXP-044852,EMP-0077,Engineering,2026-09-06,travel,JAL,PRJ-0037,CorporateCard,False,True,1,57724,EUR,162.0,0.1,0.0,SRC-00044852
EXP-044853,EMP-0090,Sales,2026-10-07,other,Printing Co,PRJ-0040,BankTransfer,True,True,4,627,JPY,1.0,0.08,0.0,SRC-00044853
EXP-044854,EMP-0103,Legal,2026-11-08,accommodation,Hotel Group C,PRJ-0043,EmployeeReimbursement,True,True,2,28254,USD,150.0,0.1,0.0,SRC-00044854
EXP-044855,EMP-0116,Operations,2026-12-09,meal,Restaurant A,PRJ-0046,Cash,True,True,4,13565,EUR,162.0,0.1,0.0,SRC-00044855
EXP-044856,EMP-0129,Finance,2026-01-10,travel,JR East,PRJ-0049,CorporateCard,False,True,1,58272,JPY,1.0,0.1,0.05,SRC-00044856
EXP-044857,EMP-0142,Procurement,2026-02-11,other,Software Store,PRJ-0052,BankTransfer,True,True,3,863,USD,150.0,0.08,0.0,SRC-00044857
EXP-044858,EMP-0155,HR,2026-03-12,accommodation,Hotel Group C,PRJ-0055,EmployeeReimbursement,True,True,3,28658,EUR,162.0,0.1,0.0,SRC-00044858
EXP-044859,EMP-0168,IT,2026-04-13,meal,Catering Co,PRJ-0058,Cash,True,True,4,13897,JPY,1.0,0.1,0.0,SRC-00044859
EXP-044860,EMP-0181,Engineering,2026-05-14,travel,Railway Services,PRJ-0061,CorporateCard,False,True,1,58820,USD,150.0,0.1,0.0,SRC-00044860
EXP-044861,EMP-0194,Sales,2026-06-15,other,Courier Service,PRJ-0064,BankTransfer,True,True,2,1099,EUR,162.0,0.08,0.0,SRC-00044861
EXP-044862,EMP-0207,Legal,2026-07-16,accommodation,Hotel Group C,PRJ-0067,EmployeeReimbursement,True,True,1,29062,JPY,1.0,0.1,0.0,SRC-00044862
EXP-044863,EMP-0220,Operations,2026-08-17,meal,Business Dining,PRJ-0070,Cash,True,True,4,14229,USD,150.0,0.1,0.05,SRC-00044863
EXP-044864,EMP-0233,Finance,2026-09-18,travel,JAL,PRJ-0073,CorporateCard,False,True,1,59368,EUR,162.0,0.1,0.0,SRC-00044864
EXP-044865,EMP-0246,Procurement,2026-10-19,other,Office Supply Co,PRJ-0076,BankTransfer,True,True,1,1335,JPY,1.0,0.08,0.0,SRC-00044865
EXP-044866,EMP-0009,HR,2026-11-20,accommodation,Hotel Group C,PRJ-0079,EmployeeReimbursement,True,True,2,29466,USD,150.0,0.1,0.0,SRC-00044866
EXP-044867,EMP-0022,IT,2026-12-21,meal,Cafe Central,PRJ-0082,Cash,True,True,4,14561,EUR,162.0,0.1,0.0,SRC-00044867
EXP-044868,EMP-0035,Engineering,2026-01-22,travel,JR East,PRJ-0085,CorporateCard,False,True,1,59916,JPY,1.0,0.1,0.0,SRC-00044868
EXP-044869,EMP-0048,Sales,2026-02-23,other,Misc Services,PRJ-0088,BankTransfer,True,True,5,1571,USD,150.0,0.08,0.0,SRC-00044869
EXP-044870,EMP-0061,Legal,2026-03-24,accommodation,Hotel Group C,PRJ-0091,EmployeeReimbursement,True,True,3,29870,EUR,162.0,0.1,0.05,SRC-00044870
EXP-044871,EMP-0074,Operations,2026-04-25,meal,Restaurant B,PRJ-0094,Cash,True,True,4,893,JPY,1.0,0.1,0.0,SRC-00044871
EXP-044872,EMP-0087,Finance,2026-05-26,travel,Railway Services,PRJ-0097,CorporateCard,False,True,1,60464,USD,150.0,0.1,0.0,SRC-00044872
EXP-044873,EMP-0100,Procurement,2026-06-27,other,Printing Co,PRJ-0100,BankTransfer,True,True,4,1807,EUR,162.0,0.08,0.0,SRC-00044873
EXP-044874,EMP-0113,HR,2026-07-01,accommodation,Hotel Group C,PRJ-0103,EmployeeReimbursement,True,True,1,30274,JPY,1.0,0.1,0.0,SRC-00044874
EXP-044875,EMP-0126,IT,2026-08-02,meal,Restaurant A,PRJ-0106,Cash,True,True,4,1225,USD,150.0,0.1,0.0,SRC-00044875
EXP-044876,EMP-0139,Engineering,2026-09-03,travel,JAL,PRJ-0109,CorporateCard,False,True,1,61012,EUR,162.0,0.1,0.0,SRC-00044876
EXP-044877,EMP-0152,Sales,2026-10-04,other,Software Store,PRJ-0112,BankTransfer,True,True,3,2043,JPY,1.0,0.08,0.05,SRC-00044877
EXP-044878,EMP-0165,Legal,2026-11-05,accommodation,Hotel Group C,PRJ-0115,EmployeeReimbursement,True,True,2,30678,USD,150.0,0.1,0.0,SRC-00044878
EXP-044879,EMP-0178,Operations,2026-12-06,meal,Catering Co,PRJ-0118,Cash,True,True,4,1557,EUR,162.0,0.1,0.0,SRC-00044879
EXP-044880,EMP-0191,Finance,2026-01-07,travel,JR East,PRJ-0001,CorporateCard,False,True,1,61560,JPY,1.0,0.1,0.0,SRC-00044880
EXP-044881,EMP-0204,Procurement,2026-02-08,other,Courier Service,PRJ-0004,BankTransfer,True,True,2,2279,USD,150.0,0.08,0.0,SRC-00044881
EXP-044882,EMP-0217,HR,2026-03-09,accommodation,Hotel Group C,PRJ-0007,EmployeeReimbursement,True,True,3,31082,EUR,162.0,0.1,0.0,SRC-00044882
EXP-044883,EMP-0230,IT,2026-04-10,meal,Business Dining,PRJ-0010,Cash,True,True,4,1889,JPY,1.0,0.1,0.0,SRC-00044883
EXP-044884,EMP-0243,Engineering,2026-05-11,travel,Railway Services,PRJ-0013,CorporateCard,False,True,1,62108,USD,150.0,0.1,0.05,SRC-00044884
EXP-044885,EMP-0006,Sales,2026-06-12,other,Office Supply Co,PRJ-0016,BankTransfer,True,True,1,2515,EUR,162.0,0.08,0.0,SRC-00044885
EXP-044886,EMP-0019,Legal,2026-07-13,accommodation,Hotel Group C,PRJ-0019,EmployeeReimbursement,True,True,1,31486,JPY,1.0,0.1,0.0,SRC-00044886
EXP-044887,EMP-0032,Operations,2026-08-14,meal,Cafe Central,PRJ-0022,Cash,True,True,4,2221,USD,150.0,0.1,0.0,SRC-00044887
EXP-044888,EMP-0045,Finance,2026-09-15,travel,JAL,PRJ-0025,CorporateCard,False,True,1,62656,EUR,162.0,0.1,0.0,SRC-00044888
EXP-044889,EMP-0058,Procurement,2026-10-16,other,Misc Services,PRJ-0028,BankTransfer,True,True,5,2751,JPY,1.0,0.08,0.0,SRC-00044889
EXP-044890,EMP-0071,HR,2026-11-17,accommodation,Hotel Group C,PRJ-0031,EmployeeReimbursement,True,True,2,31890,USD,150.0,0.1,0.0,SRC-00044890
EXP-044891,EMP-0084,IT,2026-12-18,meal,Restaurant B,PRJ-0034,Cash,True,True,4,2553,EUR,162.0,0.1,0.05,SRC-00044891
EXP-044892,EMP-0097,Engineering,2026-01-19,travel,JR East,PRJ-0037,CorporateCard,False,True,1,63204,JPY,1.0,0.1,0.0,SRC-00044892
EXP-044893,EMP-0110,Sales,2026-02-20,other,Printing Co,PRJ-0040,BankTransfer,True,True,4,2987,USD,150.0,0.08,0.0,SRC-00044893
EXP-044894,EMP-0123,Legal,2026-03-21,accommodation,Hotel Group C,PRJ-0043,EmployeeReimbursement,True,True,3,32294,EUR,162.0,0.1,0.0,SRC-00044894
EXP-044895,EMP-0136,Operations,2026-04-22,meal,Restaurant A,PRJ-0046,Cash,True,True,4,2885,JPY,1.0,0.1,0.0,SRC-00044895
EXP-044896,EMP-0149,Finance,2026-05-23,travel,Railway Services,PRJ-0049,CorporateCard,False,True,1,63752,USD,150.0,0.1,0.0,SRC-00044896
EXP-044897,EMP-0162,Procurement,2026-06-24,other,Software Store,PRJ-0052,BankTransfer,True,True,3,3223,EUR,162.0,0.08,0.0,SRC-00044897
EXP-044898,EMP-0175,HR,2026-07-25,accommodation,Hotel Group C,PRJ-0055,EmployeeReimbursement,True,True,1,32698,JPY,1.0,0.1,0.05,SRC-00044898
EXP-044899,EMP-0188,IT,2026-08-26,meal,Catering Co,PRJ-0058,Cash,True,True,4,3217,USD,150.0,0.1,0.0,SRC-00044899
EXP-044900,EMP-0201,Engineering,2026-09-27,travel,JAL,PRJ-0061,CorporateCard,False,True,1,64300,EUR,162.0,0.1,0.0,SRC-00044900
EXP-044901,EMP-0214,Sales,2026-10-01,other,Courier Service,PRJ-0064,BankTransfer,True,True,2,3459,JPY,1.0,0.08,0.0,SRC-00044901
EXP-044902,EMP-0227,Legal,2026-11-02,accommodation,Hotel Group C,PRJ-0067,EmployeeReimbursement,True,True,2,33102,USD,150.0,0.1,0.0,SRC-00044902
EXP-044903,EMP-0240,Operations,2026-12-03,meal,Business Dining,PRJ-0070,Cash,True,True,4,3549,EUR,162.0,0.1,0.0,SRC-00044903
EXP-044904,EMP-0003,Finance,2026-01-04,travel,JR East,PRJ-0073,CorporateCard,False,True,1,64848,JPY,1.0,0.1,0.0,SRC-00044904
EXP-044905,EMP-0016,Procurement,2026-02-05,other,Office Supply Co,PRJ-0076,BankTransfer,True,True,1,3695,USD,150.0,0.08,0.05,SRC-00044905
EXP-044906,EMP-0029,HR,2026-03-06,accommodation,Hotel Group C,PRJ-0079,EmployeeReimbursement,True,True,3,33506,EUR,162.0,0.1,0.0,SRC-00044906
EXP-044907,EMP-0042,IT,2026-04-07,meal,Cafe Central,PRJ-0082,Cash,True,True,4,3881,JPY,1.0,0.1,0.0,SRC-00044907
EXP-044908,EMP-0055,Engineering,2026-05-08,travel,Railway Services,PRJ-0085,CorporateCard,False,True,1,65396,USD,150.0,0.1,0.0,SRC-00044908
EXP-044909,EMP-0068,Sales,2026-06-09,other,Misc Services,PRJ-0088,BankTransfer,True,True,5,3931,EUR,162.0,0.08,0.0,SRC-00044909
EXP-044910,EMP-0081,Legal,2026-07-10,accommodation,Hotel Group C,PRJ-0091,EmployeeReimbursement,True,True,1,33910,JPY,1.0,0.1,0.0,SRC-00044910
EXP-044911,EMP-0094,Operations,2026-08-11,meal,Restaurant B,PRJ-0094,Cash,True,True,4,4213,USD,150.0,0.1,0.0,SRC-00044911
EXP-044912,EMP-0107,Finance,2026-09-12,travel,JAL,PRJ-0097,CorporateCard,False,True,1,65944,EUR,162.0,0.1,0.05,SRC-00044912
EXP-044913,EMP-0120,Procurement,2026-10-13,other,Printing Co,PRJ-0100,BankTransfer,True,True,4,4167,JPY,1.0,0.08,0.0,SRC-00044913
EXP-044914,EMP-0133,HR,2026-11-14,accommodation,Hotel Group C,PRJ-0103,EmployeeReimbursement,True,True,2,6314,USD,150.0,0.1,0.0,SRC-00044914
EXP-044915,EMP-0146,IT,2026-12-15,meal,Restaurant A,PRJ-0106,Cash,True,True,4,4545,EUR,162.0,0.1,0.0,SRC-00044915
EXP-044916,EMP-0159,Engineering,2026-01-16,travel,JR East,PRJ-0109,CorporateCard,False,True,1,66492,JPY,1.0,0.1,0.0,SRC-00044916
EXP-044917,EMP-0172,Sales,2026-02-17,other,Software Store,PRJ-0112,BankTransfer,True,True,3,4403,USD,150.0,0.08,0.0,SRC-00044917
EXP-044918,EMP-0185,Legal,2026-03-18,accommodation,Hotel Group C,PRJ-0115,EmployeeReimbursement,True,True,3,6718,EUR,162.0,0.1,0.0,SRC-00044918
EXP-044919,EMP-0198,Operations,2026-04-19,meal,Catering Co,PRJ-0118,Cash,True,True,4,4877,JPY,1.0,0.1,0.05,SRC-00044919
EXP-044920,EMP-0211,Finance,2026-05-20,travel,Railway Services,PRJ-0001,CorporateCard,False,True,1,67040,USD,150.0,0.1,0.0,SRC-00044920
EXP-044921,EMP-0224,Procurement,2026-06-21,other,Courier Service,PRJ-0004,BankTransfer,True,True,2,4639,EUR,162.0,0.08,0.0,SRC-00044921
EXP-044922,EMP-0237,HR,2026-07-22,accommodation,Hotel Group C,PRJ-0007,EmployeeReimbursement,True,True,1,7122,JPY,1.0,0.1,0.0,SRC-00044922
EXP-044923,EMP-0250,IT,2026-08-23,meal,Business Dining,PRJ-0010,Cash,True,True,4,5209,USD,150.0,0.1,0.0,SRC-00044923
EXP-044924,EMP-0013,Engineering,2026-09-24,travel,JAL,PRJ-0013,CorporateCard,False,True,1,67588,EUR,162.0,0.1,0.0,SRC-00044924
EXP-044925,EMP-0026,Sales,2026-10-25,other,Office Supply Co,PRJ-0016,BankTransfer,True,True,1,4875,JPY,1.0,0.08,0.0,SRC-00044925
EXP-044926,EMP-0039,Legal,2026-11-26,accommodation,Hotel Group C,PRJ-0019,EmployeeReimbursement,True,True,2,7526,USD,150.0,0.1,0.05,SRC-00044926
EXP-044927,EMP-0052,Operations,2026-12-27,meal,Cafe Central,PRJ-0022,Cash,True,True,4,5541,EUR,162.0,0.1,0.0,SRC-00044927
EXP-044928,EMP-0065,Finance,2026-01-01,travel,JR East,PRJ-0025,CorporateCard,False,True,1,68136,JPY,1.0,0.1,0.0,SRC-00044928
EXP-044929,EMP-0078,Procurement,2026-02-02,other,Misc Services,PRJ-0028,BankTransfer,True,True,5,5111,USD,150.0,0.08,0.0,SRC-00044929
EXP-044930,EMP-0091,HR,2026-03-03,accommodation,Hotel Group C,PRJ-0031,EmployeeReimbursement,True,True,3,7930,EUR,162.0,0.1,0.0,SRC-00044930
EXP-044931,EMP-0104,IT,2026-04-04,meal,Restaurant B,PRJ-0034,Cash,True,True,4,5873,JPY,1.0,0.1,0.0,SRC-00044931
EXP-044932,EMP-0117,Engineering,2026-05-05,travel,Railway Services,PRJ-0037,CorporateCard,False,True,1,68684,USD,150.0,0.1,0.0,SRC-00044932
EXP-044933,EMP-0130,Sales,2026-06-06,other,Printing Co,PRJ-0040,BankTransfer,True,True,4,5347,EUR,162.0,0.08,0.05,SRC-00044933
EXP-044934,EMP-0143,Legal,2026-07-07,accommodation,Hotel Group C,PRJ-0043,EmployeeReimbursement,True,True,1,8334,JPY,1.0,0.1,0.0,SRC-00044934
EXP-044935,EMP-0156,Operations,2026-08-08,meal,Restaurant A,PRJ-0046,Cash,True,True,4,6205,USD,150.0,0.1,0.0,SRC-00044935
EXP-044936,EMP-0169,Finance,2026-09-09,travel,JAL,PRJ-0049,CorporateCard,False,True,1,69232,EUR,162.0,0.1,0.0,SRC-00044936
EXP-044937,EMP-0182,Procurement,2026-10-10,other,Software Store,PRJ-0052,BankTransfer,True,True,3,5583,JPY,1.0,0.08,0.0,SRC-00044937
EXP-044938,EMP-0195,HR,2026-11-11,accommodation,Hotel Group C,PRJ-0055,EmployeeReimbursement,True,True,2,8738,USD,150.0,0.1,0.0,SRC-00044938
EXP-044939,EMP-0208,IT,2026-12-12,meal,Catering Co,PRJ-0058,Cash,True,True,4,6537,EUR,162.0,0.1,0.0,SRC-00044939
EXP-044940,EMP-0221,Engineering,2026-01-13,travel,JR East,PRJ-0061,CorporateCard,False,True,1,69780,JPY,1.0,0.1,0.05,SRC-00044940
EXP-044941,EMP-0234,Sales,2026-02-14,other,Courier Service,PRJ-0064,BankTransfer,True,True,2,5819,USD,150.0,0.08,0.0,SRC-00044941
EXP-044942,EMP-0247,Legal,2026-03-15,accommodation,Hotel Group C,PRJ-0067,EmployeeReimbursement,True,True,3,9142,EUR,162.0,0.1,0.0,SRC-00044942
EXP-044943,EMP-0010,Operations,2026-04-16,meal,Business Dining,PRJ-0070,Cash,True,True,4,6869,JPY,1.0,0.1,0.0,SRC-00044943
EXP-044944,EMP-0023,Finance,2026-05-17,travel,Railway Services,PRJ-0073,CorporateCard,False,True,1,70328,USD,150.0,0.1,0.0,SRC-00044944
EXP-044945,EMP-0036,Procurement,2026-06-18,other,Office Supply Co,PRJ-0076,BankTransfer,True,True,1,6055,EUR,162.0,0.08,0.0,SRC-00044945
EXP-044946,EMP-0049,HR,2026-07-19,accommodation,Hotel Group C,PRJ-0079,EmployeeReimbursement,True,True,1,9546,JPY,1.0,0.1,0.0,SRC-00044946
EXP-044947,EMP-0062,IT,2026-08-20,meal,Cafe Central,PRJ-0082,Cash,True,True,4,7201,USD,150.0,0.1,0.05,SRC-00044947
EXP-044948,EMP-0075,Engineering,2026-09-21,travel,JAL,PRJ-0085,CorporateCard,False,True,1,70876,EUR,162.0,0.1,0.0,SRC-00044948
EXP-044949,EMP-0088,Sales,2026-10-22,other,Misc Services,PRJ-0088,BankTransfer,True,True,5,6291,JPY,1.0,0.08,0.0,SRC-00044949
EXP-044950,EMP-0101,Legal,2026-11-23,accommodation,Hotel Group C,PRJ-0091,EmployeeReimbursement,True,True,2,9950,USD,150.0,0.1,0.0,SRC-00044950
EXP-044951,EMP-0114,Operations,2026-12-24,meal,Restaurant B,PRJ-0094,Cash,True,True,4,7533,EUR,162.0,0.1,0.0,SRC-00044951
EXP-044952,EMP-0127,Finance,2026-01-25,travel,JR East,PRJ-0097,CorporateCard,False,True,1,71424,JPY,1.0,0.1,0.0,SRC-00044952
EXP-044953,EMP-0140,Procurement,2026-02-26,other,Printing Co,PRJ-0100,BankTransfer,True,True,4,6527,USD,150.0,0.08,0.0,SRC-00044953
EXP-044954,EMP-0153,HR,2026-03-27,accommodation,Hotel Group C,PRJ-0103,EmployeeReimbursement,True,True,3,10354,EUR,162.0,0.1,0.05,SRC-00044954
EXP-044955,EMP-0166,IT,2026-04-01,meal,Restaurant A,PRJ-0106,Cash,True,True,4,7865,JPY,1.0,0.1,0.0,SRC-00044955
EXP-044956,EMP-0179,Engineering,2026-05-02,travel,Railway Services,PRJ-0109,CorporateCard,False,True,1,71972,USD,150.0,0.1,0.0,SRC-00044956
EXP-044957,EMP-0192,Sales,2026-06-03,other,Software Store,PRJ-0112,BankTransfer,True,True,3,6763,EUR,162.0,0.08,0.0,SRC-00044957
EXP-044958,EMP-0205,Legal,2026-07-04,accommodation,Hotel Group C,PRJ-0115,EmployeeReimbursement,True,True,1,10758,JPY,1.0,0.1,0.0,SRC-00044958
EXP-044959,EMP-0218,Operations,2026-08-05,meal,Catering Co,PRJ-0118,Cash,True,True,4,8197,USD,150.0,0.1,0.0,SRC-00044959
EXP-044960,EMP-0231,Finance,2026-09-06,travel,JAL,PRJ-0001,CorporateCard,False,True,1,72520,EUR,162.0,0.1,0.0,SRC-00044960
EXP-044961,EMP-0244,Procurement,2026-10-07,other,Courier Service,PRJ-0004,BankTransfer,True,True,2,6999,JPY,1.0,0.08,0.05,SRC-00044961
EXP-044962,EMP-0007,HR,2026-11-08,accommodation,Hotel Group C,PRJ-0007,EmployeeReimbursement,True,True,2,11162,USD,150.0,0.1,0.0,SRC-00044962
EXP-044963,EMP-0020,IT,2026-12-09,meal,Business Dining,PRJ-0010,Cash,True,True,4,8529,EUR,162.0,0.1,0.0,SRC-00044963
EXP-044964,EMP-0033,Engineering,2026-01-10,travel,JR East,PRJ-0013,CorporateCard,False,True,1,3068,JPY,1.0,0.1,0.0,SRC-00044964
EXP-044965,EMP-0046,Sales,2026-02-11,other,Office Supply Co,PRJ-0016,BankTransfer,True,True,1,7235,USD,150.0,0.08,0.0,SRC-00044965
EXP-044966,EMP-0059,Legal,2026-03-12,accommodation,Hotel Group C,PRJ-0019,EmployeeReimbursement,True,True,3,11566,EUR,162.0,0.1,0.0,SRC-00044966
EXP-044967,EMP-0072,Operations,2026-04-13,meal,Cafe Central,PRJ-0022,Cash,True,True,4,8861,JPY,1.0,0.1,0.0,SRC-00044967
EXP-044968,EMP-0085,Finance,2026-05-14,travel,Railway Services,PRJ-0025,CorporateCard,False,True,1,3616,USD,150.0,0.1,0.05,SRC-00044968
EXP-044969,EMP-0098,Procurement,2026-06-15,other,Misc Services,PRJ-0028,BankTransfer,True,True,5,7471,EUR,162.0,0.08,0.0,SRC-00044969
EXP-044970,EMP-0111,HR,2026-07-16,accommodation,Hotel Group C,PRJ-0031,EmployeeReimbursement,True,True,1,11970,JPY,1.0,0.1,0.0,SRC-00044970
EXP-044971,EMP-0124,IT,2026-08-17,meal,Restaurant B,PRJ-0034,Cash,True,True,4,9193,USD,150.0,0.1,0.0,SRC-00044971
EXP-044972,EMP-0137,Engineering,2026-09-18,travel,JAL,PRJ-0037,CorporateCard,False,True,1,4164,EUR,162.0,0.1,0.0,SRC-00044972
EXP-044973,EMP-0150,Sales,2026-10-19,other,Printing Co,PRJ-0040,BankTransfer,True,True,4,7707,JPY,1.0,0.08,0.0,SRC-00044973
EXP-044974,EMP-0163,Legal,2026-11-20,accommodation,Hotel Group C,PRJ-0043,EmployeeReimbursement,True,True,2,12374,USD,150.0,0.1,0.0,SRC-00044974
EXP-044975,EMP-0176,Operations,2026-12-21,meal,Restaurant A,PRJ-0046,Cash,True,True,4,9525,EUR,162.0,0.1,0.05,SRC-00044975
EXP-044976,EMP-0189,Finance,2026-01-22,travel,JR East,PRJ-0049,CorporateCard,False,True,1,4712,JPY,1.0,0.1,0.0,SRC-00044976
EXP-044977,EMP-0202,Procurement,2026-02-23,other,Software Store,PRJ-0052,BankTransfer,True,True,3,7943,USD,150.0,0.08,0.0,SRC-00044977
EXP-044978,EMP-0215,HR,2026-03-24,accommodation,Hotel Group C,PRJ-0055,EmployeeReimbursement,True,True,3,12778,EUR,162.0,0.1,0.0,SRC-00044978
EXP-044979,EMP-0228,IT,2026-04-25,meal,Catering Co,PRJ-0058,Cash,True,True,4,9857,JPY,1.0,0.1,0.0,SRC-00044979
EXP-044980,EMP-0241,Engineering,2026-05-26,travel,Railway Services,PRJ-0061,CorporateCard,False,True,1,5260,USD,150.0,0.1,0.0,SRC-00044980
EXP-044981,EMP-0004,Sales,2026-06-27,other,Courier Service,PRJ-0064,BankTransfer,True,True,2,8179,EUR,162.0,0.08,0.0,SRC-00044981
EXP-044982,EMP-0017,Legal,2026-07-01,accommodation,Hotel Group C,PRJ-0067,EmployeeReimbursement,True,True,1,13182,JPY,1.0,0.1,0.05,SRC-00044982
EXP-044983,EMP-0030,Operations,2026-08-02,meal,Business Dining,PRJ-0070,Cash,True,True,4,10189,USD,150.0,0.1,0.0,SRC-00044983
EXP-044984,EMP-0043,Finance,2026-09-03,travel,JAL,PRJ-0073,CorporateCard,False,True,1,5808,EUR,162.0,0.1,0.0,SRC-00044984
EXP-044985,EMP-0056,Procurement,2026-10-04,other,Office Supply Co,PRJ-0076,BankTransfer,True,True,1,8415,JPY,1.0,0.08,0.0,SRC-00044985
EXP-044986,EMP-0069,HR,2026-11-05,accommodation,Hotel Group C,PRJ-0079,EmployeeReimbursement,True,True,2,13586,USD,150.0,0.1,0.0,SRC-00044986
EXP-044987,EMP-0082,IT,2026-12-06,meal,Cafe Central,PRJ-0082,Cash,True,True,4,10521,EUR,162.0,0.1,0.0,SRC-00044987
EXP-044988,EMP-0095,Engineering,2026-01-07,travel,JR East,PRJ-0085,CorporateCard,False,True,1,6356,JPY,1.0,0.1,0.0,SRC-00044988
EXP-044989,EMP-0108,Sales,2026-02-08,other,Misc Services,PRJ-0088,BankTransfer,True,True,5,8651,USD,150.0,0.08,0.05,SRC-00044989
EXP-044990,EMP-0121,Legal,2026-03-09,accommodation,Hotel Group C,PRJ-0091,EmployeeReimbursement,True,True,3,13990,EUR,162.0,0.1,0.0,SRC-00044990
EXP-044991,EMP-0134,Operations,2026-04-10,meal,Restaurant B,PRJ-0094,Cash,True,True,4,10853,JPY,1.0,0.1,0.0,SRC-00044991
EXP-044992,EMP-0147,Finance,2026-05-11,travel,Railway Services,PRJ-0097,CorporateCard,False,True,1,6904,USD,150.0,0.1,0.0,SRC-00044992
EXP-044993,EMP-0160,Procurement,2026-06-12,other,Printing Co,PRJ-0100,BankTransfer,True,True,4,8887,EUR,162.0,0.08,0.0,SRC-00044993
EXP-044994,EMP-0173,HR,2026-07-13,accommodation,Hotel Group C,PRJ-0103,EmployeeReimbursement,True,True,1,14394,JPY,1.0,0.1,0.0,SRC-00044994
EXP-044995,EMP-0186,IT,2026-08-14,meal,Restaurant A,PRJ-0106,Cash,True,True,4,11185,USD,150.0,0.1,0.0,SRC-00044995
EXP-044996,EMP-0199,Engineering,2026-09-15,travel,JAL,PRJ-0109,CorporateCard,False,True,1,7452,EUR,162.0,0.1,0.05,SRC-00044996
EXP-044997,EMP-0212,Sales,2026-10-16,other,Software Store,PRJ-0112,BankTransfer,True,True,3,9123,JPY,1.0,0.08,0.0,SRC-00044997
EXP-044998,EMP-0225,Legal,2026-11-17,accommodation,Hotel Group C,PRJ-0115,EmployeeReimbursement,True,True,2,14798,USD,150.0,0.1,0.0,SRC-00044998
EXP-044999,EMP-0238,Operations,2026-12-18,meal,Catering Co,PRJ-0118,Cash,True,True,4,11517,EUR,162.0,0.1,0.0,SRC-00044999
EXP-045000,EMP-0001,Finance,2026-01-19,travel,JR East,PRJ-0001,CorporateCard,False,True,1,8000,JPY,1.0,0.1,0.0,SRC-00045000
