session_id,pred_index,gt_index,pred_start,pred_end,gt_start,gt_end,iou,pred_duration_s,gt_duration_s
ses_20260630-121953-LAPTOP-R36BQBTE,2,0,1782822077.235,1782822106.671,1782822072.794418,1782822101.332221,0.7113238638435406,29.436000108718872,28.537802934646606
ses_20260630-121953-LAPTOP-R36BQBTE,3,1,1782822114.567,1782822116.38,1782822101.335282,1782822145.68058,0.04088370789180896,1.813000202178955,44.34529781341553
ses_20260630-121953-LAPTOP-R36BQBTE,6,2,1782822140.533,1782822161.248,1782822145.682643,1782822202.089303,0.25286373945639345,20.71499991416931,56.406660079956055
ses_20260630-121953-LAPTOP-R36BQBTE,7,3,1782822205.385,1782822234.252,1782822202.090864,1782822226.001092,0.6410249896099579,28.867000102996826,23.91022801399231
ses_20260630-121953-LAPTOP-R36BQBTE,8,4,1782822235.85,1782822248.943,1782822226.003666,1782822260.921107,0.3749702082962185,13.093000173568726,34.91744112968445
ses_20260630-121953-LAPTOP-R36BQBTE,10,5,1782822255.606,1782822309.799,1782822260.924171,1782822293.806914,0.60677104188259,54.193000078201294,32.88274312019348
ses_20260630-121953-LAPTOP-R36BQBTE,11,7,1782822366.784,1782822379.029,1782822362.529449,1782822392.486677,0.4087494392446761,12.245000123977661,29.95722794532776
ses_20260630-121953-LAPTOP-R36BQBTE,13,8,1782822387.36,1782822420.816,1782822392.488202,1782822415.497696,0.6877538787113182,33.456000089645386,23.009493827819824
ses_20260630-121953-LAPTOP-R36BQBTE,14,9,1782822426.427,1782822438.928,1782822415.499262,1782822458.17831,0.2929071890117911,12.500999927520752,42.67904782295227
ses_20260630-121953-LAPTOP-R36BQBTE,17,10,1782822463.128,1782822496.154,1782822458.179852,1782822482.650411,0.5140974025692311,33.026000022888184,24.470558881759644
ses_20260630-121953-LAPTOP-R36BQBTE,19,11,1782822503.766,1782822516.01,1782822482.650411,1782822525.840345,0.2834919811108825,12.24399995803833,43.18993401527405
ses_20260630-121953-LAPTOP-R36BQBTE,20,14,1782822529.21,1782822603.769,1782822566.327121,1782822588.734321,0.3005297830369506,74.55900001525879,22.40720009803772
ses_20260630-121953-LAPTOP-R36BQBTE,21,15,1782822605.656,1782822608.615,1782822588.738459,1782822616.343479,0.10719065341110412,2.9590001106262207,27.60501980781555
ses_20260630-121953-LAPTOP-R36BQBTE,22,16,1782822611.249,1782822646.013,1782822616.346287,1782822659.737845,0.6118255256018288,34.763999938964844,43.391557931900024
ses_20260630-121953-LAPTOP-R36BQBTE,24,17,1782822657.574,1782822676.13,1782822659.741103,1782822726.461432,0.23790837720804808,18.556000232696533,66.72032904624939
ses_20260630-121953-LAPTOP-R36BQBTE,27,18,1782822745.184,1782822756.624,1782822726.464478,1782822767.003314,0.28219853319314187,11.440000057220459,40.53883600234985
ses_20260630-121953-LAPTOP-R36BQBTE,28,19,1782822770.62,1782822800.072,1782822767.004857,1782822794.763293,0.7301293966955228,29.4520001411438,27.75843596458435
ses_20260630-121953-LAPTOP-R36BQBTE,30,20,1782822821.943,1782822825.787,1782822794.766353,1782822832.808425,0.10104601707388909,3.8439998626708984,38.042072057724
ses_20260630-121953-LAPTOP-R36BQBTE,31,21,1782822827.439,1782822843.032,1782822832.808425,1782822868.68018,0.2478972490653684,15.593000173568726,35.87175512313843
ses_20260630-121953-LAPTOP-R36BQBTE,32,22,1782822858.988,1782822943.343,1782822868.683333,1782822894.396611,0.30482221622164685,84.35500001907349,25.71327805519104
ses_20260630-121953-LAPTOP-R36BQBTE,33,25,1782822958.299,1782822975.41,1782822960.981445,1782822988.932883,0.4709998733109469,17.111000061035156,27.951437950134277
ses_20260630-121953-LAPTOP-R36BQBTE,35,26,1782822983.123,1782823037.209,1782822988.93657,1782823020.192122,0.5778861800745643,54.086000204086304,31.255552053451538
ses_20260630-121953-LAPTOP-R36BQBTE,37,27,1782823044.232,1782823052.379,1782823020.195233,1782823049.052665,0.14978560173962074,8.146999835968018,28.857431888580322
ses_20260630-121953-LAPTOP-R36BQBTE,39,28,1782823078.221,1782823082.952,1782823049.054797,1782823089.952572,0.11567866287494045,4.730999946594238,40.897775173187256
ses_20260630-121953-LAPTOP-R36BQBTE,40,29,1782823084.801,1782823105.297,1782823089.955157,1782823150.883173,0.23216311182471736,20.495999813079834,60.92801594734192
ses_20260630-121953-LAPTOP-R36BQBTE,47,30,1782823170.646,1782823175.81,1782823150.88625,1782823255.675988,0.049279634970527404,5.164000034332275,104.7897379398346
ses_20260630-121953-LAPTOP-R36BQBTE,48,31,1782823252.366,1782823270.179,1782823255.675988,1782823290.423107,0.3810855079625204,17.812999963760376,34.74711894989014
ses_20260630-124826-CHAITANYA0BCF,3,0,1782823771.627,1782823791.681,1782823760.542539,1782823799.45785,0.5153241573802458,20.05399990081787,38.915311098098755
ses_20260630-124826-CHAITANYA0BCF,4,1,1782823793.57,1782823807.221,1782823799.45785,1782823860.762014,0.11553679547634123,13.651000022888184,61.30416393280029
ses_20260630-124826-CHAITANYA0BCF,8,2,1782823860.38,1782823892.047,1782823860.763588,1782823886.23575,0.8043756009590771,31.66699981689453,25.472162008285522
ses_20260630-124826-CHAITANYA0BCF,10,3,1782823908.985,1782823913.618,1782823886.236396,1782823927.674203,0.11180611350364121,4.633000135421753,41.437806844711304
ses_20260630-124826-CHAITANYA0BCF,11,4,1782823915.269,1782823953.011,1782823927.674203,1782823954.698697,0.6425815794467602,37.74199986457825,27.024494171142578
ses_20260630-124826-CHAITANYA0BCF,13,5,1782823991.936,1782823996.006,1782823994.540471,1782824016.360765,0.0600017634847552,4.069999933242798,21.82029390335083
ses_20260630-124826-CHAITANYA0BCF,14,6,1782823999.837,1782824086.376,1782824016.360765,1782824040.352665,0.2772380078077559,86.53900003433228,23.991899967193604
ses_20260630-124826-CHAITANYA0BCF,15,9,1782824092.118,1782824127.196,1782824086.769754,1782824112.501775,0.5042213148356022,35.07800006866455,25.73202109336853
ses_20260630-124826-CHAITANYA0BCF,17,10,1782824186.849,1782824190.195,1782824112.503326,1782824197.984807,0.03914298060867744,3.3459999561309814,85.48148107528687
ses_20260630-124826-CHAITANYA0BCF,18,11,1782824192.201,1782824242.891,1782824197.985328,1782824226.250845,0.5576152488553298,50.69000005722046,28.265516996383667
ses_20260630-124826-CHAITANYA0BCF,20,12,1782824250.901,1782824256.119,1782824226.251582,1782824256.5009,0.17249975400953424,5.2179999351501465,30.24931812286377
ses_20260630-124826-CHAITANYA0BCF,21,13,1782824262.068,1782824285.532,1782824256.502358,1782824285.919716,0.7976243158607933,23.46399998664856,29.417357921600342
ses_20260630-124826-CHAITANYA0BCF,22,14,1782824291.367,1782824317.332,1782824285.9204,1782824309.457646,0.5759224530132114,25.96499991416931,23.537245988845825
ses_20260630-124826-CHAITANYA0BCF,23,15,1782824328.464,1782824337.944,1782824309.459235,1782824369.547686,0.15776742182735146,9.480000019073486,60.08845114707947
ses_20260630-124826-CHAITANYA0BCF,26,16,1782824363.666,1782824378.411,1782824369.548712,1782824402.755949,0.22671526044961204,14.745000123977661,33.207237005233765
ses_20260630-124826-CHAITANYA0BCF,29,17,1782824406.392,1782824444.869,1782824402.755949,1782824435.677911,0.6954117650269167,38.47699999809265,32.92196202278137
ses_20260630-124826-CHAITANYA0BCF,31,18,1782824456.915,1782824461.625,1782824435.677911,1782824462.003236,0.17891517145421565,4.710000038146973,26.32532501220703
ses_20260630-124826-CHAITANYA0BCF,32,19,1782824467.417,1782824494.77,1782824462.003766,1782824487.65808,0.6177420357331933,27.352999925613403,25.654314041137695
ses_20260630-124826-CHAITANYA0BCF,34,20,1782824551.868,1782824555.078,1782824487.65808,1782824562.184502,0.04307197315057166,3.2100000381469727,74.52642178535461
ses_20260630-124826-CHAITANYA0BCF,35,21,1782824556.865,1782824583.639,1782824562.188884,1782824642.382708,0.2508265996006298,26.7739999294281,80.19382405281067
ses_20260630-124826-CHAITANYA0BCF,36,22,1782824625.842,1782824659.86,1782824642.385933,1782824671.961222,0.3788890237756083,34.01799988746643,29.575289011001587
ses_20260630-124826-CHAITANYA0BCF,38,23,1782824667.214,1782824705.355,1782824671.962158,1782824700.428951,0.7463567561443636,38.14100003242493,28.466793060302734
ses_20260630-124826-CHAITANYA0BCF,39,24,1782824710.909,1782824721.675,1782824700.429287,1782824734.603917,0.3150290158378416,10.766000032424927,34.17462992668152
ses_20260630-124826-CHAITANYA0BCF,41,25,1782824728.932,1782824758.663,1782824734.605486,1782824759.044743,0.798914734516593,29.731000185012817,24.43925714492798
ses_20260630-124826-CHAITANYA0BCF,42,26,1782824764.383,1782824771.662,1782824759.044743,1782824796.467639,0.19450659461775585,7.2790000438690186,37.42289590835571
ses_20260630-124826-CHAITANYA0BCF,46,27,1782824822.998,1782824827.866,1782824796.467639,1782824835.665985,0.12418891382252321,4.868000030517578,39.19834613800049
ses_20260630-124826-CHAITANYA0BCF,47,28,1782824829.548,1782824865.008,1782824835.667039,1782824859.697559,0.6776796485180305,35.459999799728394,24.03052020072937
ses_20260630-124826-CHAITANYA0BCF,48,29,1782824868.2,1782824892.338,1782824859.698197,1782824933.134774,0.32869179053098363,24.138000011444092,73.4365770816803
ses_20260630-124826-CHAITANYA0BCF,56,30,1782824960.954,1782824965.957,1782824933.136423,1782824972.74117,0.12632324210790027,5.003000020980835,39.60474681854248
ses_20260630-124826-CHAITANYA0BCF,57,31,1782824967.879,1782824979.566,1782824972.74117,1782825007.950426,0.17031662484752122,11.687000036239624,35.209256172180176
ses_20260630-124826-CHAITANYA0BCF,58,32,1782824998.853,1782825022.814,1782825007.950426,1782825036.134532,0.3986846294296494,23.960999965667725,28.18410587310791
ses_20260630-124826-CHAITANYA0BCF,60,33,1782825030.728,1782825071.35,1782825036.134532,1782825074.178454,0.810474107647953,40.621999979019165,38.04392194747925
ses_20260630-125757-LAPTOP-R36BQBTE,3,0,1782824354.638,1782824373.028,1782824349.82445,1782824373.418026,0.779449462871505,18.390000104904175,23.593575954437256
ses_20260630-125757-LAPTOP-R36BQBTE,6,1,1782824409.505,1782824415.241,1782824373.421078,1782824415.633511,0.13588413179270153,5.735999822616577,42.212433099746704
ses_20260630-125757-LAPTOP-R36BQBTE,10,2,1782824445.559,1782824454.401,1782824415.635048,1782824450.946388,0.1389721572070312,8.842000007629395,35.31134009361267
ses_20260630-125757-LAPTOP-R36BQBTE,11,3,1782824477.752,1782824488.443,1782824450.946388,1782824488.835057,0.28216879249037025,10.690999984741211,37.88866901397705
ses_20260630-125757-LAPTOP-R36BQBTE,12,4,1782824493.72,1782824501.193,1782824488.836435,1782824522.857613,0.21965729840471188,7.4730000495910645,34.021178007125854
ses_20260630-125757-LAPTOP-R36BQBTE,15,5,1782824531.487,1782824548.965,1782824522.857613,1782824620.728677,0.17858189357129328,17.477999925613403,97.87106394767761
ses_20260630-125757-LAPTOP-R36BQBTE,18,6,1782824625.313,1782824637.014,1782824620.732331,1782824650.879433,0.3881301765629643,11.700999975204468,30.147101879119873
ses_20260630-125757-LAPTOP-R36BQBTE,21,7,1782824656.165,1782824668.172,1782824650.881436,1782824715.62159,0.18546449562846173,12.006999969482422,64.74015378952026
ses_20260630-125757-LAPTOP-R36BQBTE,22,8,1782824719.428,1782824730.941,1782824715.62159,1782824732.449371,0.6841662530746663,11.513000011444092,16.827781200408936
ses_20260630-125757-LAPTOP-R36BQBTE,24,9,1782824798.985,1782824803.449,1782824769.22327,1782824810.416068,0.10836845731455383,4.46399998664856,41.192798137664795
ses_20260630-125757-LAPTOP-R36BQBTE,25,10,1782824805.287,1782824817.757,1782824810.418113,1782824846.585042,0.17770544583608275,12.47000002861023,36.16692900657654
ses_20260630-125757-LAPTOP-R36BQBTE,28,11,1782824876.344,1782824885.123,1782824846.585042,1782824885.516567,0.2254984824575168,8.77899980545044,38.931524991989136
ses_20260630-125757-LAPTOP-R36BQBTE,29,12,1782824890.931,1782824920.756,1782824885.519912,1782824913.352999,0.636336217397469,29.825000047683716,27.83308696746826
ses_20260630-125757-LAPTOP-R36BQBTE,32,13,1782824942.465,1782824947.837,1782824921.128383,1782824948.228338,0.19822911007698468,5.371999979019165,27.099955081939697
ses_20260630-125757-LAPTOP-R36BQBTE,33,14,1782824953.854,1782824973.842,1782824948.229849,1782824974.234058,0.7686448015920703,19.98799991607666,26.00420880317688
ses_20260630-125757-LAPTOP-R36BQBTE,36,15,1782825010.422,1782825015.967,1782824974.236096,1782825016.352895,0.13165768037129144,5.545000076293945,42.116799116134644
ses_20260630-125757-LAPTOP-R36BQBTE,37,16,1782825020.741,1782825046.142,1782825016.35595,1782825046.532576,0.841744204625264,25.401000022888184,30.176625967025757
ses_20260630-125757-LAPTOP-R36BQBTE,38,17,1782825052.17,1782825067.906,1782825046.534625,1782825098.082832,0.3052676460502535,15.735999822616577,51.54820704460144
ses_20260630-125757-LAPTOP-R36BQBTE,39,18,1782825126.677,1782825136.39,1782825098.08586,1782825136.784438,0.2509911369102774,9.713000059127808,38.698577880859375
ses_20260630-125757-LAPTOP-R36BQBTE,40,19,1782825141.091,1782825162.68,1782825136.78751,1782825163.06774,0.8214920474219475,21.58899998664856,26.280230045318604
ses_20260630-125757-LAPTOP-R36BQBTE,41,20,1782825168.396,1782825180.383,1782825163.070806,1782825193.148565,0.3985336799062647,11.986999988555908,30.07775902748108
ses_20260630-125757-LAPTOP-R36BQBTE,43,21,1782825188.236,1782825217.215,1782825193.150602,1782825253.154768,0.3706847584997249,28.978999853134155,60.00416588783264
ses_20260630-125757-LAPTOP-R36BQBTE,44,22,1782825257.422,1782825283.607,1782825253.158356,1782825277.378581,0.6554177259930968,26.18500018119812,24.2202250957489
ses_20260630-125757-LAPTOP-R36BQBTE,46,23,1782825296.629,1782825301.347,1782825277.378581,1782825301.738035,0.19368250008038,4.7179999351501465,24.359453916549683
ses_20260630-125757-LAPTOP-R36BQBTE,47,24,1782825307.268,1782825336.248,1782825301.741101,1782825330.063273,0.6606004539798214,28.980000019073486,28.322171926498413
ses_20260630-125757-LAPTOP-R36BQBTE,49,25,1782825347.92,1782825355.053,1782825330.063273,1782825360.610607,0.23350646270251885,7.132999897003174,30.54733395576477
ses_20260630-131729-CHAITANYA0BCF,5,0,1782825539.976,1782825543.758,1782825504.273524,1782825565.384441,0.061887466613072775,3.7819998264312744,61.11091685295105
ses_20260630-131729-CHAITANYA0BCF,6,1,1782825562.791,1782825572.209,1782825565.384441,1782825594.657895,0.2141582720610708,9.418000221252441,29.273454189300537
ses_20260630-131729-CHAITANYA0BCF,8,2,1782825589.926,1782825637.516,1782825594.659454,1782825623.380766,0.6035156936211938,47.58999991416931,28.721311807632446
ses_20260630-131729-CHAITANYA0BCF,9,3,1782825639.647,1782825643.581,1782825623.380766,1782825650.760049,0.14368528160474917,3.934000015258789,27.37928318977356
ses_20260630-131729-CHAITANYA0BCF,10,4,1782825645.391,1782825684.592,1782825650.760049,1782825680.805064,0.766434909243387,39.20099997520447,30.04501485824585
ses_20260630-131729-CHAITANYA0BCF,13,5,1782825709.109,1782825714.414,1782825680.805064,1782825714.801633,0.15604516089600995,5.305000066757202,33.99656891822815
ses_20260630-131729-CHAITANYA0BCF,14,8,1782825720.391,1782825781.249,1782825759.092911,1782825779.455077,0.3345848682915211,60.85800004005432,20.362165927886963
ses_20260630-131729-CHAITANYA0BCF,17,9,1782825810.452,1782825814.601,1782825779.456628,1782825821.819703,0.0979390699587016,4.14900016784668,42.36307501792908
ses_20260630-131729-CHAITANYA0BCF,18,10,1782825816.325,1782825833.888,1782825821.819703,1782825880.896738,0.18689750783007827,17.562999963760376,59.07703495025635
ses_20260630-131729-CHAITANYA0BCF,21,11,1782825886.075,1782825902.035,1782825880.89994,1782825903.834276,0.6958998104416056,15.960000038146973,22.934335947036743
ses_20260630-131729-CHAITANYA0BCF,25,12,1782825930.302,1782825941.611,1782825918.577822,1782825953.66968,0.3222684865354751,11.309000015258789,35.09185814857483
ses_20260630-131729-CHAITANYA0BCF,27,13,1782825947.94,1782825961.218,1782825953.671226,1782825992.584392,0.16904192374782426,13.277999877929688,38.91316604614258
ses_20260630-131729-CHAITANYA0BCF,31,14,1782825998.156,1782826005.277,1782825992.584392,1782826029.915177,0.19075409329363588,7.121000051498413,37.330785036087036
ses_20260630-131729-CHAITANYA0BCF,33,15,1782826024.392,1782826059.008,1782826029.91674,1782826055.166911,0.7294364164557942,34.615999937057495,25.250170946121216
ses_20260630-131729-CHAITANYA0BCF,34,16,1782826063.567,1782826080.695,1782826055.167595,1782826087.352633,0.5321727435343454,17.128000020980835,32.1850380897522
ses_20260630-131729-CHAITANYA0BCF,35,17,1782826082.239,1782826110.417,1782826087.352633,1782826110.801229,0.8075128562987147,28.17799997329712,23.448596000671387
ses_20260630-131729-CHAITANYA0BCF,36,18,1782826115.372,1782826131.715,1782826110.802738,1782826207.252528,0.16944567670904223,16.342999935150146,96.44979000091553
ses_20260630-131729-CHAITANYA0BCF,40,19,1782826212.276,1782826225.945,1782826207.252528,1782826329.328696,0.11197107615306578,13.668999910354614,122.07616806030273
ses_20260630-131729-CHAITANYA0BCF,44,20,1782826331.823,1782826364.487,1782826329.328696,1782826355.152036,0.6635427014134883,32.664000034332275,25.82333993911743
ses_20260630-131729-CHAITANYA0BCF,45,21,1782826370.839,1782826374.871,1782826355.15413,1782826382.455872,0.14768288607726612,4.0320000648498535,27.30174207687378
ses_20260630-131729-CHAITANYA0BCF,46,22,1782826376.721,1782826391.528,1782826382.458006,1782826419.982782,0.2096537360777014,14.807000160217285,37.524775981903076
ses_20260630-131729-CHAITANYA0BCF,49,23,1782826425.337,1782826454.248,1782826419.984366,1782826448.44824,0.6745122298229355,28.91100001335144,28.463874101638794
ses_20260630-131729-CHAITANYA0BCF,51,24,1782826478.328,1782826482.406,1782826448.44824,1782826489.556892,0.099200524563594,4.077999830245972,41.108651876449585
ses_20260630-131729-CHAITANYA0BCF,52,25,1782826484.286,1782826499.99,1782826489.556892,1782826527.438364,0.24177373196953295,15.703999996185303,37.88147211074829
ses_20260630-131729-CHAITANYA0BCF,56,26,1782826558.853,1782826569.085,1782826527.440038,1782826565.088473,0.1497293512991815,10.23200011253357,37.64843511581421
ses_20260630-131729-CHAITANYA0BCF,60,27,1782826605.593,1782826614.548,1782826565.088473,1782826617.335139,0.1713984997608817,8.955000162124634,52.246665954589844
ses_20260630-132737-LAPTOP-R36BQBTE,3,0,1782826140.839,1782826165.804,1782826136.33826,1782826166.197821,0.8360806088939134,24.96499991416931,29.8595609664917
ses_20260630-132737-LAPTOP-R36BQBTE,4,1,1782826171.143,1782826181.937,1782826166.200469,1782826195.558351,0.36766957985487936,10.794000148773193,29.357882022857666
ses_20260630-132737-LAPTOP-R36BQBTE,8,2,1782826207.882,1782826224.46,1782826195.560997,1782826231.323337,0.46356027141299083,16.57800006866455,35.76234006881714
ses_20260630-132737-LAPTOP-R36BQBTE,9,3,1782826226.018,1782826241.365,1782826231.323337,1782826271.132559,0.22258142638179595,15.347000122070312,39.80922198295593
ses_20260630-132737-LAPTOP-R36BQBTE,10,4,1782826260.982,1782826291.189,1782826271.135341,1782826318.624041,0.3478998769908751,30.20699977874756,47.48870015144348
ses_20260630-132737-LAPTOP-R36BQBTE,13,5,1782826348.25,1782826353.14,1782826318.625568,1782826454.177451,0.03607474862997186,4.890000104904175,135.55188298225403
ses_20260630-132737-LAPTOP-R36BQBTE,14,6,1782826458.977,1782826471.85,1782826454.180551,1782826485.260085,0.4141953957306816,12.872999906539917,31.07953405380249
ses_20260630-132737-LAPTOP-R36BQBTE,17,7,1782826490.628,1782826507.767,1782826485.262682,1782826509.644561,0.7029400758986849,17.138999938964844,24.381879091262817
ses_20260630-132737-LAPTOP-R36BQBTE,18,8,1782826551.051,1782826576.485,1782826546.354209,1782826576.880954,0.8331710344288847,25.43399977684021,30.526745080947876
ses_20260630-132737-LAPTOP-R36BQBTE,20,9,1782826604.594,1782826609.716,1782826576.883099,1782826616.514549,0.1292407920238927,5.121999979019165,39.631449937820435
ses_20260630-132737-LAPTOP-R36BQBTE,22,10,1782826620.938,1782826644.603,1782826616.517617,1782826644.991225,0.8311205221252875,23.664999961853027,28.473608016967773
ses_20260630-132737-LAPTOP-R36BQBTE,24,11,1782826676.513,1782826680.369,1782826644.994193,1782826687.65324,0.09039114157159392,3.8559999465942383,42.65904688835144
ses_20260630-132737-LAPTOP-R36BQBTE,25,12,1782826682.263,1782826728.337,1782826687.655287,1782826713.628027,0.5637179320567799,46.073999881744385,25.972739934921265
ses_20260630-132737-LAPTOP-R36BQBTE,27,13,1782826735.817,1782826740.639,1782826713.630586,1782826741.03028,0.17598736652837452,4.822000026702881,27.399694204330444
ses_20260630-132737-LAPTOP-R36BQBTE,28,14,1782826745.873,1782826767.517,1782826741.03389,1782826835.457777,0.22922165924081778,21.64400005340576,94.42388701438904
ses_20260630-132737-LAPTOP-R36BQBTE,30,15,1782826859.562,1782826861.333,1782826835.460829,1782826871.400703,0.04927674236447725,1.7709999084472656,35.939873933792114
ses_20260630-132737-LAPTOP-R36BQBTE,31,16,1782826866.308,1782826894.633,1782826871.403251,1782826893.404322,0.7767368446392982,28.324999809265137,22.001070976257324
ses_20260630-132737-LAPTOP-R36BQBTE,32,17,1782826900.3,1782826924.354,1782826895.005117,1782826924.744159,0.8088357420491797,24.05400013923645,29.739042043685913
ses_20260630-132737-LAPTOP-R36BQBTE,33,18,1782826955.551,1782826964.862,1782826924.747215,1782826965.253811,0.22986379563422132,9.310999870300293,40.506595849990845
ses_20260630-132737-LAPTOP-R36BQBTE,34,19,1782826970.541,1782826994.95,1782826965.257525,1782826995.341031,0.8113748467756655,24.409000158309937,30.083506107330322
ses_20260630-132737-LAPTOP-R36BQBTE,35,20,1782827000.769,1782827016.699,1782826995.344098,1782827054.125167,0.2710056171661371,15.929999828338623,58.78106880187988
ses_20260630-132737-LAPTOP-R36BQBTE,36,21,1782827057.449,1782827068.737,1782827054.1267,1782827082.55613,0.3970533388696529,11.288000106811523,28.42943000793457
ses_20260630-132737-LAPTOP-R36BQBTE,38,22,1782827076.642,1782827105.809,1782827082.559148,1782827151.700041,0.3097583097380344,29.16700005531311,69.14089298248291
ses_20260630-132737-LAPTOP-R36BQBTE,40,24,1782827156.404,1782827202.296,1782827175.908221,1782827202.685307,0.5701606267874224,45.89199995994568,26.77708601951599
ses_20260630-132737-LAPTOP-R36BQBTE,43,25,1782827225.028,1782827230.19,1782827202.687373,1782827230.575067,0.18509956106750491,5.161999940872192,27.887694120407104
ses_20260630-132737-LAPTOP-R36BQBTE,44,26,1782827234.785,1782827253.805,1782827230.57767,1782827277.334182,0.40678825680504194,19.019999980926514,46.756511926651
ses_20260630-135201-LAPTOP-R36BQBTE,3,1,1782827597.776,1782827650.306,1782827622.872986,1782827650.700758,0.5183399031898566,52.52999997138977,27.82777190208435
ses_20260630-135201-LAPTOP-R36BQBTE,4,2,1782827669.374,1782827681.229,1782827650.701776,1782827719.743348,0.17170814192755604,11.855000019073486,69.04157185554504
ses_20260630-135201-LAPTOP-R36BQBTE,8,3,1782827725.176,1782827742.196,1782827719.746417,1782827765.07958,0.37544258652971585,17.019999980926514,45.333163022994995
ses_20260630-135201-LAPTOP-R36BQBTE,9,4,1782827768.66,1782827791.528,1782827765.081111,1782827791.921007,0.85201522619433,22.868000030517578,26.839895963668823
ses_20260630-135201-LAPTOP-R36BQBTE,12,5,1782827826.909,1782827832.363,1782827791.922543,1782827948.85107,0.03475467529503395,5.453999996185303,156.92852687835693
ses_20260630-135201-LAPTOP-R36BQBTE,13,6,1782827952.295,1782827959.293,1782827948.85107,1782827985.15341,0.19276993991648006,6.997999906539917,36.302340030670166
ses_20260630-135201-LAPTOP-R36BQBTE,16,7,1782827990.412,1782828005.099,1782827985.155567,1782828007.754357,0.6499020490283205,14.687000036239624,22.598790168762207
ses_20260630-135201-LAPTOP-R36BQBTE,17,8,1782828013.308,1782828031.869,1782828007.757921,1782828032.25663,0.7576317551277513,18.560999870300293,24.498708963394165
ses_20260630-135201-LAPTOP-R36BQBTE,18,9,1782828037.404,1782828051.578,1782828032.259681,1782828055.279447,0.6157317136917568,14.174000024795532,23.019766092300415
ses_20260630-135201-LAPTOP-R36BQBTE,20,10,1782828061.994,1782828084.649,1782828056.55909,1782828079.14467,0.6105633671676042,22.65499997138977,22.585580110549927
ses_20260630-135201-LAPTOP-R36BQBTE,21,11,1782828090.148,1782828106.636,1782828081.145451,1782828116.97396,0.46019218894386743,16.48799991607666,35.82850885391235
ses_20260630-135201-LAPTOP-R36BQBTE,26,12,1782828180.692,1782828192.189,1782828116.977023,1782828186.124315,0.0722267294050626,11.496999979019165,69.147292137146
ses_20260630-135201-LAPTOP-R36BQBTE,27,13,1782828202.614,1782828213.733,1782828186.124315,1782828242.585801,0.19693070042596164,11.11899995803833,56.461485862731934
ses_20260630-135201-LAPTOP-R36BQBTE,29,14,1782828237.4,1782828257.509,1782828242.588865,1782828269.724825,0.4615689368432731,20.108999967575073,27.13595986366272
ses_20260630-135201-LAPTOP-R36BQBTE,32,15,1782828300.791,1782828307.905,1782828269.727869,1782828324.173462,0.13066255146973896,7.114000082015991,54.44559288024902
ses_20260630-135201-LAPTOP-R36BQBTE,34,17,1782828329.203,1782828375.041,1782828348.501128,1782828389.938514,0.43697451813131555,45.83799982070923,41.43738603591919
ses_20260630-135201-LAPTOP-R36BQBTE,37,18,1782828393.728,1782828415.567,1782828389.941087,1782828431.473001,0.5258365889153856,21.83899998664856,41.5319139957428
ses_20260630-135201-LAPTOP-R36BQBTE,39,19,1782828436.241,1782828452.831,1782828431.47607,1782828453.221804,0.7629082637826751,16.59000015258789,21.745733976364136
ses_20260630-135201-LAPTOP-R36BQBTE,40,20,1782828458.373,1782828468.192,1782828453.224316,1782828481.056624,0.352791438880375,9.819000005722046,27.832308053970337
ses_20260630-135201-LAPTOP-R36BQBTE,42,21,1782828475.754,1782828503.223,1782828481.058656,1782828503.612452,0.7956057288235759,27.469000101089478,22.55379605293274
ses_20260630-135201-LAPTOP-R36BQBTE,43,22,1782828509.26,1782828531.974,1782828503.615732,1782828528.611796,0.6824040134048188,22.71399998664856,24.996063947677612
ses_20260630-135201-LAPTOP-R36BQBTE,45,23,1782828562.502,1782828574.523,1782828528.615227,1782828567.948771,0.1186459405104792,12.020999908447266,39.3335440158844
ses_20260630-135201-LAPTOP-R36BQBTE,46,24,1782828586.954,1782828590.142,1782828567.948771,1782828670.713744,0.03102224301738754,3.187999963760376,102.76497292518616
ses_20260630-135201-LAPTOP-R36BQBTE,49,25,1782828675.0,1782828694.947,1782828670.716869,1782828695.337425,0.8101766721189886,19.94700002670288,24.620555877685547
ses_20260630-135201-LAPTOP-R36BQBTE,50,26,1782828700.312,1782828725.07,1782828695.340033,1782828725.457354,0.8220518646117991,24.757999897003174,30.117321014404297
ses_20260630-135201-LAPTOP-R36BQBTE,51,27,1782828729.713,1782828758.405,1782828725.460958,1782828761.084977,0.8054116518050557,28.691999912261963,35.624018907547
ses_20260630-135451-CHAITANYA0BCF,2,0,1782827749.713,1782827776.525,1782827744.970707,1782827769.833748,0.6376548491768289,26.812000036239624,24.863041162490845
ses_20260630-135451-CHAITANYA0BCF,5,1,1782827788.7,1782827799.594,1782827769.835467,1782827794.355095,0.19003271639110952,10.894000053405762,24.519627809524536
ses_20260630-135451-CHAITANYA0BCF,8,2,1782827828.463,1782827838.535,1782827794.356133,1782827834.479862,0.13619321431990794,10.07200002670288,40.12372899055481
ses_20260630-135451-CHAITANYA0BCF,10,3,1782827859.376,1782827864.329,1782827834.494114,1782827871.583264,0.1335430993496526,4.953000068664551,37.089150190353394
ses_20260630-135451-CHAITANYA0BCF,11,4,1782827866.295,1782827919.842,1782827871.585847,1782827937.815959,0.674713452511956,53.54699993133545,66.23011207580566
ses_20260630-135451-CHAITANYA0BCF,15,5,1782827937.58,1782827973.336,1782827937.815959,1782827965.875718,0.7847566592204092,35.75600004196167,28.05975914001465
ses_20260630-135451-CHAITANYA0BCF,16,6,1782827979.931,1782827983.57,1782827965.875718,1782827989.66999,0.1529359648923286,3.6389999389648438,23.79427194595337
ses_20260630-135451-CHAITANYA0BCF,17,7,1782827985.394,1782828000.07,1782827991.255792,1782828017.271934,0.2764987227998414,14.675999879837036,26.01614212989807
ses_20260630-135451-CHAITANYA0BCF,18,8,1782828005.769,1782828060.563,1782828017.27452,1782828045.51745,0.5154383731810157,54.793999910354614,28.2429301738739
ses_20260630-135451-CHAITANYA0BCF,19,9,1782828062.652,1782828067.715,1782828045.5191,1782828075.507952,0.16882940232908014,5.062999963760376,29.98885202407837
ses_20260630-135451-CHAITANYA0BCF,20,10,1782828069.843,1782828088.542,1782828075.512332,1782828099.077775,0.445690724937839,18.699000120162964,23.56544303894043
ses_20260630-135451-CHAITANYA0BCF,21,11,1782828091.703,1782828104.206,1782828099.077775,1782828138.952203,0.10853569512558389,12.503000020980835,39.874428033828735
ses_20260630-135451-CHAITANYA0BCF,24,12,1782828133.043,1782828176.24,1782828138.953881,1782828166.953382,0.6481816091998431,43.19700002670288,27.99950098991394
ses_20260630-135451-CHAITANYA0BCF,25,13,1782828181.769,1782828185.789,1782828166.955038,1782828193.228984,0.1530032821777699,4.019999980926514,26.273946046829224
ses_20260630-135451-CHAITANYA0BCF,26,14,1782828187.792,1782828206.645,1782828193.230666,1782828232.360261,0.3009840138571696,18.852999925613403,39.129595041275024
ses_20260630-135451-CHAITANYA0BCF,28,15,1782828236.709,1782828249.683,1782828232.360261,1782828263.2006,0.420682794702283,12.973999977111816,30.840338945388794
ses_20260630-135451-CHAITANYA0BCF,31,17,1782828268.759,1782828341.759,1782828289.775979,1782828316.104806,0.3606688617026969,73.0,26.328826904296875
ses_20260630-135451-CHAITANYA0BCF,33,19,1782828353.741,1782828363.355,1782828334.859785,1782828359.368458,0.19748782760804237,9.614000082015991,24.508672952651978
ses_20260630-135451-CHAITANYA0BCF,35,20,1782828383.367,1782828388.601,1782828359.368458,1782828396.418873,0.14126697263868251,5.233999967575073,37.0504150390625
ses_20260630-135451-CHAITANYA0BCF,36,21,1782828390.408,1782828411.53,1782828396.418873,1782828425.299827,0.4330849987765374,21.121999979019165,28.880954027175903
ses_20260630-135451-CHAITANYA0BCF,39,22,1782828430.961,1782828457.711,1782828425.301347,1782828452.990991,0.6797354845172399,26.75,27.68964409828186
ses_20260630-135451-CHAITANYA0BCF,40,23,1782828462.269,1782828480.364,1782828452.992537,1782828508.108427,0.32830822508797075,18.09500002861023,55.11589002609253
ses_20260630-135451-CHAITANYA0BCF,44,24,1782828513.54,1782828547.244,1782828508.108427,1782828537.427741,0.6103843463238233,33.7039999961853,29.319314002990723
ses_20260630-135451-CHAITANYA0BCF,46,25,1782828559.294,1782828570.119,1782828537.429415,1782828565.215152,0.18113267942117478,10.825000047683716,27.78573703765869
ses_20260630-135451-CHAITANYA0BCF,49,26,1782828600.626,1782828608.968,1782828565.217015,1782828605.184647,0.10419530361284951,8.342000007629395,39.96763205528259
ses_20260630-135451-CHAITANYA0BCF,52,27,1782828637.647,1782828642.52,1782828605.184647,1782828642.894,0.12922523254113485,4.872999906539917,37.70935297012329
ses_20260630-135451-CHAITANYA0BCF,55,28,1782828700.514,1782828704.25,1782828642.895895,1782828710.860355,0.054969907312545536,3.7360000610351562,67.96445989608765
ses_20260630-135451-CHAITANYA0BCF,56,29,1782828706.038,1782828720.41,1782828710.860355,1782828750.349239,0.21551293532052684,14.371999979019165,39.48888421058655
ses_20260630-135451-CHAITANYA0BCF,60,30,1782828776.541,1782828789.868,1782828750.351294,1782828817.929011,0.19720997867041265,13.327000141143799,67.57771706581116
ses_20260630-135451-CHAITANYA0BCF,65,31,1782828846.122,1782828851.563,1782828817.929011,1782828851.932213,0.16001434191106442,5.440999984741211,34.003201961517334
ses_20260630-135451-CHAITANYA0BCF,66,32,1782828857.188,1782828864.836,1782828851.933256,1782828893.504428,0.18397364409392722,7.648000001907349,41.57117199897766
ses_20260630-135451-CHAITANYA0BCF,67,33,1782828883.01,1782828902.926,1782828893.506006,1782828919.324927,0.2593973020955062,19.91600012779236,25.818921089172363
ses_20260630-135451-CHAITANYA0BCF,69,34,1782828913.653,1782828948.564,1782828919.324927,1782828951.324167,0.776165837383465,34.91099977493286,31.999239921569824
ses_20260630-145433-JAYESH,0,0,1782831321.803,1782831324.073,1782831322.179462,1782831352.347955,0.061991841116095014,2.2699999809265137,30.168493032455444
ses_20260630-145433-JAYESH,1,1,1782831327.564,1782831376.79,1782831352.349647,1782831377.181117,0.49257905965583765,49.2260000705719,24.831470012664795
ses_20260630-145433-JAYESH,2,2,1782831382.765,1782831386.748,1782831377.182947,1782831403.089268,0.15374625343917714,3.982999801635742,25.906321048736572
ses_20260630-145433-JAYESH,5,3,1782831399.165,1782831434.373,1782831404.844742,1782831430.689375,0.7340556948591603,35.20799994468689,25.844632863998413
ses_20260630-145433-JAYESH,7,4,1782831455.449,1782831460.473,1782831430.691721,1782831468.46622,0.13299978315771396,5.02400016784668,37.77449893951416
ses_20260630-145433-JAYESH,8,5,1782831462.48,1782831491.563,1782831468.467981,1782831491.96106,0.7833849543294417,29.08299994468689,23.49307894706726
ses_20260630-145433-JAYESH,10,6,1782831522.208,1782831526.156,1782831491.963006,1782831534.157099,0.09356759855593721,3.947999954223633,42.194092988967896
ses_20260630-145433-JAYESH,11,7,1782831528.014,1782831576.734,1782831534.159084,1782831561.613303,0.5635102390870025,48.72000002861023,27.454218864440918
ses_20260630-145433-JAYESH,12,8,1782831578.43,1782831582.448,1782831561.615299,1782831589.324639,0.14500525359375308,4.017999887466431,27.70934009552002
ses_20260630-145433-JAYESH,13,9,1782831584.131,1782831607.681,1782831589.326496,1782831724.367949,0.1308820838133799,23.549999952316284,135.04145312309265
ses_20260630-145433-JAYESH,17,10,1782831729.798,1782831758.49,1782831724.369918,1782831752.77239,0.6733392334103622,28.691999912261963,28.402471780776978
ses_20260630-145433-JAYESH,18,11,1782831763.394,1782831778.53,1782831752.774221,1782831796.011413,0.3500689837605009,15.135999917984009,43.237192153930664
ses_20260630-145433-JAYESH,20,12,1782831785.217,1782831813.373,1782831796.016128,1782831826.339546,0.42207678146311056,28.155999898910522,30.323417901992798
ses_20260630-145433-JAYESH,23,13,1782831821.079,1782831834.038,1782831826.341403,1782831863.76368,0.18031286873886668,12.95900011062622,37.422276973724365
ses_20260630-145433-JAYESH,27,14,1782831868.864,1782831872.568,1782831863.765564,1782831889.740355,0.14259979951566906,3.7039999961853027,25.974791049957275
ses_20260630-145433-JAYESH,30,15,1782831884.413,1782831909.23,1782831889.742114,1782831909.61938,0.7731330733210736,24.816999912261963,19.87726593017578
ses_20260630-145433-JAYESH,31,16,1782831914.864,1782831941.565,1782831909.62137,1782831941.954811,0.8258013726242796,26.700999975204468,32.33344101905823
ses_20260630-145433-JAYESH,32,17,1782831946.848,1782831983.015,1782831941.956466,1782831966.916717,0.48878308543167853,36.16700005531311,24.960251092910767
ses_20260630-145433-JAYESH,33,18,1782831984.895,1782831989.218,1782831966.918523,1782831996.667344,0.14531668166946649,4.322999954223633,29.748821020126343
ses_20260630-145433-JAYESH,34,19,1782831990.914,1782832027.721,1782831996.669346,1782832024.7003,0.7615658419235524,36.806999921798706,28.030953884124756
ses_20260630-145433-JAYESH,36,20,1782832081.256,1782832086.093,1782832024.702098,1782832106.526354,0.05911449879173203,4.836999893188477,81.82425618171692
ses_20260630-145433-JAYESH,38,21,1782832108.159,1782832113.731,1782832106.529257,1782832140.418388,0.1644184990912952,5.572000026702881,33.88913083076477
ses_20260630-145433-JAYESH,41,22,1782832135.285,1782832180.509,1782832140.420166,1782832165.485231,0.5542425464302048,45.223999977111816,25.065064907073975
ses_20260630-145433-JAYESH,42,23,1782832182.753,1782832186.381,1782832165.485231,1782832211.399844,0.07901623869309896,3.628000020980835,45.914613008499146
ses_20260630-145433-JAYESH,43,24,1782832188.347,1782832246.877,1782832211.401017,1782832239.715272,0.4837562770829431,58.53000020980835,28.314254999160767
ses_20260630-145433-JAYESH,46,25,1782832301.479,1782832310.961,1782832239.717094,1782832341.763734,0.09291829558975988,9.48199987411499,102.04664015769958
ses_20260630-145433-JAYESH,48,26,1782832314.698,1782832356.997,1782832341.765639,1782832369.495514,0.277957151905526,42.29900002479553,27.729874849319458
ses_20260630-145433-JAYESH,52,27,1782832396.2,1782832402.734,1782832369.497449,1782832408.896077,0.16584333648575225,6.533999919891357,39.3986279964447
ses_20260630-145433-JAYESH,53,28,1782832403.062,1782832417.093,1782832408.897852,1782832433.566094,0.26865731602986487,14.030999898910522,24.66824197769165
ses_20260630-145433-JAYESH,56,29,1782832454.681,1782832466.167,1782832433.568026,1782832493.079826,0.19300374129572656,11.486000061035156,59.511800050735474
ses_20260630-145433-JAYESH,59,30,1782832487.33,1782832524.094,1782832493.0816,1782832518.745897,0.6980822810372541,36.76400017738342,25.664297103881836
ses_20260630-145433-JAYESH,62,31,1782832550.761,1782832553.935,1782832518.747929,1782832561.374954,0.07445980649743075,3.1740000247955322,42.62702488899231
ses_20260630-145433-JAYESH,63,32,1782832555.795,1782832611.468,1782832561.376795,1782832595.5367,0.613581180166702,55.6729998588562,34.15990495681763
ses_20260630-145433-JAYESH,64,33,1782832612.945,1782832616.682,1782832595.53818,1782832623.683149,0.1327768380326482,3.736999988555908,28.14496898651123
ses_20260630-145433-JAYESH,65,34,1782832618.461,1782832664.358,1782832623.683149,1782832651.566554,0.6075212960537208,45.8970000743866,27.883404970169067
ses_20260630-145433-JAYESH,66,35,1782832665.959,1782832670.632,1782832651.568364,1782832677.83522,0.1779048023267065,4.672999858856201,26.26685619354248
ses_20260630-145433-JAYESH,67,36,1782832672.561,1782832708.322,1782832677.83522,1782832711.180529,0.7894135612376051,35.76099991798401,33.345309019088745
ses_20260630-163424-SIDDHIGUPTAB00B,3,0,1782837336.74,1782837351.615,1782837310.144776,1782837347.740296,0.26525769195296967,14.875,37.59551978111267
ses_20260630-163424-SIDDHIGUPTAB00B,5,1,1782837373.242,1782837377.863,1782837347.740296,1782837384.541388,0.1255669205282722,4.620999813079834,36.80109214782715
ses_20260630-163424-SIDDHIGUPTAB00B,6,2,1782837379.7,1782837403.617,1782837384.544122,1782837403.992556,0.7851326177897193,23.91700005531311,19.448434114456177
ses_20260630-163424-SIDDHIGUPTAB00B,7,3,1782837404.535,1782837423.323,1782837404.000421,1782837423.691532,0.9541361080187123,18.787999868392944,19.691110849380493
ses_20260630-163424-SIDDHIGUPTAB00B,8,5,1782837429.217,1782837486.934,1782837447.981645,1782837477.215724,0.506507248822018,57.717000007629395,29.234078884124756
ses_20260630-163424-SIDDHIGUPTAB00B,9,6,1782837493.105,1782837497.401,1782837477.217406,1782837535.329689,0.07392585151834032,4.296000003814697,58.1122829914093
ses_20260630-163424-SIDDHIGUPTAB00B,13,7,1782837563.602,1782837567.476,1782837535.332997,1782837574.987531,0.0976937488625307,3.874000072479248,39.65453386306763
ses_20260630-163424-SIDDHIGUPTAB00B,14,8,1782837569.5,1782837600.494,1782837574.98926,1782837615.452687,0.5550217332417714,30.99399995803833,40.46342706680298
ses_20260630-163424-SIDDHIGUPTAB00B,17,9,1782837620.065,1782837664.051,1782837615.45944,1782837644.935218,0.5118217644052098,43.986000061035156,29.475778102874756
ses_20260630-163424-SIDDHIGUPTAB00B,18,10,1782837666.825,1782837670.824,1782837644.943343,1782837679.084068,0.11713283236233714,3.998999834060669,34.14072513580322
ses_20260630-163424-SIDDHIGUPTAB00B,19,12,1782837672.78,1782837764.074,1782837706.335498,1782837734.525724,0.3087850884756504,91.29399991035461,28.190225839614868
ses_20260630-163424-SIDDHIGUPTAB00B,20,14,1782837769.241,1782837773.455,1782837756.510009,1782837781.20511,0.17064113172776801,4.21399998664856,24.695101022720337
ses_20260630-163424-SIDDHIGUPTAB00B,21,15,1782837775.581,1782837801.636,1782837781.209995,1782837822.250378,0.43767467765475426,26.054999828338623,41.040382862091064
ses_20260630-163424-SIDDHIGUPTAB00B,24,16,1782837826.713,1782837843.27,1782837822.268039,1782837937.780974,0.14333459653510508,16.556999921798706,115.512934923172
ses_20260630-163424-SIDDHIGUPTAB00B,28,17,1782837942.612,1782837972.264,1782837937.782965,1782837966.56477,0.6946650527983461,29.651999950408936,28.78180503845215
ses_20260630-163424-SIDDHIGUPTAB00B,30,18,1782837993.944,1782837998.74,1782837966.567722,1782838020.09484,0.08959944390649274,4.796000003814697,53.52711796760559
ses_20260630-163424-SIDDHIGUPTAB00B,33,19,1782838025.813,1782838037.009,1782838020.115828,1782838049.237559,0.3844551713874301,11.196000099182129,29.12173104286194
ses_20260630-163424-SIDDHIGUPTAB00B,35,20,1782838043.844,1782838061.052,1782838049.240301,1782838084.028232,0.2939386561627189,17.20799994468689,34.78793120384216
ses_20260630-163424-SIDDHIGUPTAB00B,36,21,1782838073.408,1782838100.799,1782838084.029724,1782838112.8219,0.4254660458694218,27.391000032424927,28.792176008224487
ses_20260630-163424-SIDDHIGUPTAB00B,39,22,1782838160.989,1782838179.149,1782838170.153697,1782838197.079772,0.24924107849855315,18.15999984741211,26.926074981689453
ses_20260630-163424-SIDDHIGUPTAB00B,41,23,1782838191.745,1782838248.272,1782838197.086258,1782838225.63826,0.5051037885921331,56.527000188827515,28.552001953125
ses_20260630-163424-SIDDHIGUPTAB00B,42,25,1782838262.122,1782838272.873,1782838264.40131,1782838288.548,0.3205816204339788,10.750999927520752,24.146690130233765
ses_20260630-163424-SIDDHIGUPTAB00B,44,26,1782838283.196,1782838322.303,1782838288.548,1782838314.395762,0.6609497520299232,39.10699987411499,25.847761869430542
ses_20260630-163424-SIDDHIGUPTAB00B,45,27,1782838328.7,1782838332.406,1782838314.397871,1782838339.68056,0.14658250304658615,3.7059998512268066,25.282689094543457
ses_20260630-163424-SIDDHIGUPTAB00B,46,28,1782838334.161,1782838364.089,1782838339.682409,1782838402.541276,0.3569244287805209,29.92799997329712,62.858866930007935
ses_20260630-163424-SIDDHIGUPTAB00B,47,29,1782838406.324,1782838417.746,1782838402.541276,1782838466.415021,0.17882152011103122,11.422000169754028,63.87374496459961
ses_20260630-163424-SIDDHIGUPTAB00B,54,30,1782838507.757,1782838526.332,1782838466.420139,1782838528.855784,0.2975063377312168,18.575000047683716,62.43564486503601
ses_20260630-164418-MSI,5,0,1782837920.108,1782837922.345,1782837920.484061,1782837946.008496,0.07184955166290828,2.236999988555908,25.52443504333496
ses_20260630-164418-MSI,6,1,1782837925.752,1782837979.229,1782837946.009319,1782837964.506793,0.3458958796457199,53.47699999809265,18.49747395515442
ses_20260630-164418-MSI,8,2,1782837982.181,1782837985.244,1782837964.507419,1782837993.34382,0.10621991160677204,3.062999963760376,28.836400985717773
ses_20260630-164418-MSI,9,3,1782837987.453,1782838017.87,1782837993.344687,1782838018.260482,0.7960830066289419,30.41699981689453,24.91579508781433
ses_20260630-164418-MSI,10,4,1782838023.676,1782838027.165,1782838018.261119,1782838042.005402,0.14694062626825294,3.488999843597412,23.744283199310303
ses_20260630-164418-MSI,12,5,1782838037.215,1782838083.176,1782838042.00593,1782838069.081748,0.5891041957659867,45.961000204086304,27.075818061828613
ses_20260630-164418-MSI,13,6,1782838085.039,1782838088.771,1782838069.081748,1782838094.331195,0.14780521166476496,3.7319998741149902,25.249447107315063
ses_20260630-164418-MSI,17,7,1782838120.115,1782838124.219,1782838114.558444,1782838151.37044,0.11148539985265093,4.104000091552734,36.81199598312378
ses_20260630-164418-MSI,19,8,1782838145.846,1782838175.838,1782838151.371103,1782838170.895754,0.6509952981967584,29.992000102996826,19.524651050567627
ses_20260630-164418-MSI,23,9,1782838205.316,1782838209.864,1782838172.31394,1782838229.447733,0.07960262864134017,4.54800009727478,57.133792877197266
ses_20260630-164418-MSI,27,10,1782838250.649,1782838255.333,1782838229.448303,1782838262.289103,0.14262746366003867,4.684000015258789,32.840800046920776
ses_20260630-164418-MSI,28,11,1782838256.841,1782838269.906,1782838262.289103,1782838298.569201,0.182535951735097,13.06499981880188,36.28009796142578
ses_20260630-164418-MSI,30,12,1782838293.396,1782838310.53,1782838298.570036,1782838335.92457,0.28122187009061533,17.134000062942505,37.35453414916992
ses_20260630-164418-MSI,32,13,1782838340.907,1782838353.018,1782838335.925826,1782838366.36953,0.3978162403115373,12.110999822616577,30.4437038898468
ses_20260630-164418-MSI,34,14,1782838360.874,1782838416.358,1782838366.370549,1782838390.429247,0.43361505935006495,55.48399996757507,24.058697938919067
ses_20260630-164418-MSI,37,16,1782838445.542,1782838454.618,1782838412.251413,1782838451.496088,0.14053735278176058,9.075999975204468,39.24467492103577
ses_20260630-164418-MSI,39,17,1782838476.03,1782838481.168,1782838451.497009,1782838488.525067,0.1387596401685406,5.138000011444092,37.02805805206299
ses_20260630-164418-MSI,43,18,1782838522.813,1782838528.483,1782838488.525742,1782838528.869571,0.14054194231346298,5.670000076293945,40.34382891654968
ses_20260630-164418-MSI,44,19,1782838533.288,1782838537.058,1782838528.870284,1782838553.913814,0.15053788275187424,3.7699999809265137,25.043529987335205
ses_20260630-164418-MSI,46,20,1782838547.761,1782838578.307,1782838553.914522,1782838687.214219,0.1749151302023898,30.546000003814697,133.29969716072083
ses_20260630-164418-MSI,50,21,1782838692.597,1782838728.923,1782838687.215347,1782838716.706443,0.5780580163866519,36.32600021362305,29.491096019744873
ses_20260630-164418-MSI,52,22,1782838750.433,1782838755.876,1782838716.706986,1782838756.269586,0.13757942655687405,5.442999839782715,39.56260013580322
ses_20260630-164418-MSI,53,23,1782838760.974,1782838789.098,1782838756.270256,1782838783.564455,0.6881513103776992,28.124000072479248,27.294198989868164
ses_20260630-164418-MSI,56,24,1782838816.033,1782838824.455,1782838783.565063,1782838821.034707,0.12232122261096023,8.42199993133545,37.46964406967163
ses_20260630-164418-MSI,58,25,1782838845.708,1782838850.644,1782838821.035426,1782838858.172363,0.13291349499078103,4.936000108718872,37.13693714141846
ses_20260630-164418-MSI,59,26,1782838852.27,1782838872.202,1782838858.173223,1782838890.659156,0.36543592795814667,19.931999921798706,32.48593306541443
ses_20260630-164418-MSI,61,27,1782838880.231,1782838898.703,1782838890.66004,1782838929.676151,0.16266428536521604,18.472000122070312,39.01611113548279
ses_20260630-164418-MSI,69,28,1782839022.991,1782839038.86,1782838929.67689,1782839037.02419,0.12852894565967987,15.86899995803833,107.34730005264282
ses_20260630-164418-MSI,70,29,1782839042.685,1782839054.25,1782839037.0248,1782839067.514779,0.3793049528283942,11.565000057220459,30.489979028701782
ses_20260630-164418-MSI,74,30,1782839078.744,1782839097.564,1782839067.515609,1782839104.76436,0.5052518397490511,18.819999933242798,37.24875092506409
ses_20260630-164418-MSI,78,31,1782839129.234,1782839145.587,1782839104.765066,1782839142.044486,0.31381379635384155,16.352999925613403,37.279420137405396
ses_20260630-164418-MSI,79,32,1782839147.671,1782839173.452,1782839142.044486,1782839176.007438,0.7590918473724411,25.780999898910522,33.96295189857483
ses_20260701-005920-yuvraj,1,0,1782867624.916,1782867648.63,1782867618.385032,1782867641.026823,0.5326778015026432,23.71400022506714,22.641791105270386
ses_20260701-005920-yuvraj,2,1,1782867654.641,1782867655.718,1782867641.027854,1782867666.013647,0.04310449133328979,1.0769999027252197,24.985793113708496
ses_20260701-005920-yuvraj,4,3,1782867660.515,1782867775.939,1782867688.603826,1782867722.937417,0.29745625734585524,115.42399978637695,34.33359098434448
ses_20260701-005920-yuvraj,5,6,1782867781.928,1782867785.782,1782867769.326301,1782867793.233799,0.16120466099961553,3.8540000915527344,23.907497882843018
ses_20260701-005920-yuvraj,6,7,1782867787.303,1782867810.376,1782867793.23435,1782867853.816447,0.25771705907144515,23.072999954223633,60.58209705352783
ses_20260701-005920-yuvraj,7,8,1782867851.089,1782867881.721,1782867853.816447,1782867875.973636,0.723334712537181,30.631999969482422,22.157188892364502
ses_20260701-005920-yuvraj,8,9,1782867901.898,1782867905.787,1782867875.974923,1782867935.47249,0.06536401610182234,3.8889999389648438,59.49756717681885
ses_20260701-005920-yuvraj,10,10,1782867936.306,1782867970.161,1782867935.47249,1782867959.632662,0.6724607688022879,33.855000019073486,24.16017198562622
ses_20260701-005920-yuvraj,11,11,1782867987.819,1782867992.072,1782867959.633561,1782867999.42284,0.10688808905533259,4.253000020980835,39.7892792224884
ses_20260701-005920-yuvraj,12,12,1782867993.799,1782868040.332,1782867999.42284,1782868032.079148,0.7017881490784806,46.532999992370605,32.65630793571472
ses_20260701-005920-yuvraj,13,13,1782868046.317,1782868049.897,1782868032.080175,1782868057.782761,0.13928560098533957,3.580000162124634,25.70258617401123
ses_20260701-005920-yuvraj,14,14,1782868051.791,1782868082.397,1782868057.784019,1782868165.135759,0.21715146998518267,30.606000185012817,107.35174012184143
ses_20260701-005920-yuvraj,19,15,1782868182.863,1782868188.692,1782868165.135759,1782868189.083904,0.24340089879318,5.828999996185303,23.948144912719727
ses_20260701-005920-yuvraj,20,16,1782868193.475,1782868242.052,1782868189.085183,1782868219.376366,0.48901118461889626,48.5770001411438,30.29118299484253
ses_20260701-005920-yuvraj,21,18,1782868280.527,1782868289.558,1782868280.919056,1782868305.231914,0.3496852535690049,9.031000137329102,24.31285810470581
ses_20260701-005920-yuvraj,23,19,1782868301.236,1782868333.629,1782868307.497583,1782868334.020615,0.7970634092946682,32.39299988746643,26.523032188415527
ses_20260701-005920-yuvraj,24,20,1782868339.207,1782868347.176,1782868334.021675,1782868374.847158,0.19519671405443412,7.9690001010894775,40.8254828453064
ses_20260701-005920-yuvraj,26,22,1782868369.243,1782868437.293,1782868398.203461,1782868422.538044,0.3575985754754409,68.04999995231628,24.334583044052124
ses_20260701-005920-yuvraj,28,23,1782868445.121,1782868450.42,1782868422.539564,1782868450.811643,0.1874287358384339,5.299000024795532,28.27207899093628
ses_20260701-005920-yuvraj,29,24,1782868456.302,1782868496.838,1782868450.813196,1782868479.920242,0.5131633361482645,40.53600001335144,29.107046127319336
ses_20260701-005920-yuvraj,30,26,1782868531.794,1782868547.013,1782868530.938676,1782868579.886025,0.3109259329445596,15.219000101089478,48.947348833084106
ses_20260701-005920-yuvraj,33,27,1782868579.518,1782868610.779,1782868579.887052,1782868603.84278,0.7663135515240462,31.261000156402588,23.95572805404663
ses_20260701-005920-yuvraj,34,28,1782868616.318,1782868620.538,1782868603.84278,1782868627.770962,0.17636108119692112,4.2200000286102295,23.928181886672974
ses_20260701-005920-yuvraj,35,29,1782868622.229,1782868648.244,1782868627.771479,1782868756.200841,0.15281212033426306,26.014999866485596,128.42936205863953
ses_20260701-005920-yuvraj,40,30,1782868805.458,1782868809.907,1782868756.202418,1782868817.09694,0.0730607610926578,4.449000120162964,60.894521951675415
ses_20260701-005920-yuvraj,41,31,1782868811.835,1782868831.399,1782868817.098137,1782868849.871469,0.3759776711681189,19.563999891281128,32.77333211898804
ses_20260701-005920-yuvraj,46,32,1782868914.327,1782868922.928,1782868849.871469,1782868920.019323,0.07791669182266377,8.6010000705719,70.14785408973694
ses_20260701-005920-yuvraj,49,33,1782868971.582,1782868983.359,1782868920.019323,1782868985.726891,0.17923353917033685,11.776999950408936,65.70756793022156
ses_20260701-014804-yuvraj,0,1,1782870541.938,1782870637.369,1782870571.969126,1782870608.610291,0.38395453280672603,95.43099999427795,36.641165018081665
ses_20260701-014804-yuvraj,2,3,1782870655.642,1782870660.234,1782870632.27774,1782870667.877044,0.12899128625340064,4.5920000076293945,35.59930396080017
ses_20260701-014804-yuvraj,3,4,1782870662.053,1782870713.609,1782870667.878588,1782870697.517252,0.5748829236262781,51.555999994277954,29.63866400718689
ses_20260701-014804-yuvraj,4,5,1782870715.58,1782870720.007,1782870697.517778,1782870760.70606,0.07006045907166496,4.427000045776367,63.18828201293945
ses_20260701-014804-yuvraj,6,6,1782870761.748,1782870803.169,1782870760.707107,1782870784.222053,0.5292758197902485,41.4210000038147,23.51494598388672
ses_20260701-014804-yuvraj,7,8,1782870808.792,1782870819.933,1782870803.558523,1782870833.720885,0.36936762432499864,11.141000032424927,30.162362098693848
ses_20260701-014804-yuvraj,9,9,1782870827.757,1782870855.439,1782870833.722519,1782870857.12457,0.7394714995835732,27.681999921798706,23.402050971984863
ses_20260701-014804-yuvraj,10,10,1782870897.332,1782870908.401,1782870892.099279,1782870922.504545,0.3640487798654688,11.069000005722046,30.405266046524048
ses_20260701-014804-yuvraj,12,11,1782870916.914,1782870952.778,1782870922.504545,1782871022.071217,0.28788756491682144,35.86400008201599,99.5666720867157
ses_20260701-014804-yuvraj,15,14,1782871021.686,1782871112.415,1782871064.863646,1782871090.070403,0.277824698932392,90.72899985313416,25.206757068634033
ses_20260701-014804-yuvraj,16,16,1782871137.456,1782871142.061,1782871136.607831,1782871210.113723,0.06264803937990748,4.605000019073486,73.50589203834534
ses_20260701-014804-yuvraj,18,17,1782871204.117,1782871235.887,1782871210.11529,1782871236.259843,0.8017868908156921,31.769999980926514,26.144553184509277
ses_20260701-014804-yuvraj,20,18,1782871244.748,1782871262.028,1782871236.260788,1782871268.803485,0.5309947185649909,17.28000020980835,32.542696952819824
ses_20260701-014804-yuvraj,21,19,1782871263.616,1782871277.372,1782871268.805019,1782871306.591328,0.19934649674934907,13.75600004196167,37.786309003829956
ses_20260701-014804-yuvraj,28,20,1782871338.427,1782871343.7,1782871306.592481,1782871344.085669,0.1406388803701468,5.273000001907349,37.49318814277649
ses_20260701-014804-yuvraj,29,21,1782871349.662,1782871378.247,1782871344.086731,1782871378.637894,0.8273238175159109,28.585000038146973,34.55116295814514
ses_20260701-014804-yuvraj,32,22,1782871438.722,1782871442.866,1782871378.639449,1782871450.409396,0.05774004612826545,4.144000053405762,71.76994705200195
ses_20260701-014804-yuvraj,33,23,1782871444.648,1782871472.71,1782871450.409396,1782871497.167643,0.424614540429926,28.062000036239624,46.7582471370697
ses_20260701-014804-yuvraj,34,24,1782871502.068,1782871509.877,1782871497.167643,1782871533.272742,0.21628524057801643,7.809000015258789,36.10509896278381
ses_20260701-014804-yuvraj,36,25,1782871527.518,1782871562.105,1782871533.272742,1782871562.496849,0.8242769178541292,34.587000131607056,29.224107027053833
ses_20260701-014804-yuvraj,37,26,1782871567.615,1782871574.038,1782871562.498389,1782871596.040718,0.19148938892422152,6.42300009727478,33.54232907295227
ses_20260701-014804-yuvraj,40,27,1782871600.614,1782871639.287,1782871596.041753,1782871625.0195,0.5643510372088978,38.6729998588562,28.977746963500977
ses_20260701-014804-yuvraj,41,28,1782871641.559,1782871645.07,1782871625.0195,1782871666.112009,0.08544136147320805,3.510999917984009,41.092509031295776
ses_20260701-014804-yuvraj,43,29,1782871669.168,1782871701.775,1782871666.112009,1782871692.653429,0.6585378387822028,32.60700011253357,26.541419982910156
ses_20260701-014804-yuvraj,44,30,1782871707.599,1782871712.021,1782871692.653429,1782871719.281424,0.1660658239187315,4.421999931335449,26.627995014190674
ses_20260701-014804-yuvraj,45,31,1782871713.813,1782871761.394,1782871719.281424,1782871745.788117,0.5570856610078052,47.581000089645386,26.50669288635254
ses_20260701-014804-yuvraj,47,32,1782871769.23,1782871781.742,1782871745.788117,1782871775.024866,0.16117497121182786,12.51200008392334,29.236749172210693
ses_20260701-014804-yuvraj,50,33,1782871832.317,1782871848.838,1782871775.024866,1782871851.877464,0.21496996311313063,16.521000146865845,76.85259795188904
ses_20260701-022828-yuvraj,0,0,1782872963.19,1782872985.413,1782872963.41199,1782873030.18266,0.32840926400797316,22.223000049591064,66.77067017555237
ses_20260701-022828-yuvraj,2,1,1782873034.092,1782873060.652,1782873030.18266,1782873053.159558,0.6257949186148725,26.55999994277954,22.976897954940796
ses_20260701-022828-yuvraj,4,2,1782873115.157,1782873142.576,1782873053.1611,1782873136.632626,0.2401795000199889,27.418999910354614,83.47152614593506
ses_20260701-022828-yuvraj,6,3,1782873182.138,1782873186.533,1782873136.632626,1782873194.392415,0.07609099786853177,4.394999980926514,57.75978899002075
ses_20260701-022828-yuvraj,7,4,1782873188.202,1782873207.227,1782873194.392415,1782873232.463012,0.2899749542323286,19.02500009536743,38.07059693336487
ses_20260701-022828-yuvraj,8,5,1782873222.477,1782873284.655,1782873232.46361,1782873277.667947,0.7270149753846947,62.17799997329712,45.20433712005615
ses_20260701-022828-yuvraj,9,6,1782873291.147,1782873294.916,1782873277.668461,1782873300.638946,0.16408011496411182,3.7689998149871826,22.970484972000122
ses_20260701-022828-yuvraj,14,7,1782873407.705,1782873412.698,1782873346.081178,1782873413.079917,0.07452379111507475,4.993000030517578,66.99873900413513
ses_20260701-022828-yuvraj,15,8,1782873418.181,1782873425.008,1782873413.080937,1782873448.107369,0.19490994388022875,6.82699990272522,35.026432037353516
ses_20260701-022828-yuvraj,18,9,1782873453.37,1782873471.109,1782873448.107369,1782873520.862182,0.24381892223101523,17.73900008201599,72.75481295585632
ses_20260701-022828-yuvraj,19,10,1782873524.264,1782873535.721,1782873520.862182,1782873648.764827,0.08957594275877316,11.457000017166138,127.90264511108398
ses_20260701-022828-yuvraj,24,11,1782873648.382,1782873682.014,1782873648.764827,1782873676.318655,0.8192741444464974,33.63199996948242,27.55382800102234
ses_20260701-022828-yuvraj,26,12,1782873703.935,1782873708.464,1782873676.320096,1782873715.981836,0.11419065417931507,4.5290000438690186,39.66174006462097
ses_20260701-022828-yuvraj,27,13,1782873710.301,1782873727.108,1782873715.981836,1782873753.936772,0.2549780478754505,16.806999921798706,37.954936027526855
ses_20260701-022828-yuvraj,29,14,1782873758.675,1782873805.225,1782873753.937298,1782873799.96314,0.8050300281178714,46.549999952316284,46.02584195137024
ses_20260701-022828-yuvraj,30,15,1782873821.641,1782873840.834,1782873799.965014,1782873832.354031,0.26213106974390726,19.193000078201294,32.38901710510254
ses_20260701-022828-yuvraj,32,16,1782873852.271,1782873857.068,1782873832.354549,1782873857.457859,0.1910903442247638,4.797000169754028,25.103310108184814
ses_20260701-022828-yuvraj,33,17,1782873862.062,1782873898.788,1782873857.457859,1782873886.196437,0.5839427648301618,36.7260000705719,28.738577842712402
ses_20260701-022828-yuvraj,34,18,1782873912.32,1782873916.474,1782873886.197986,1782873923.782187,0.11052516543039179,4.1540000438690186,37.5842010974884
ses_20260701-022828-yuvraj,35,19,1782873918.525,1782873949.411,1782873923.782896,1782873946.193638,0.7255954835187233,30.88599991798401,22.410742044448853
ses_20260701-022828-yuvraj,38,20,1782873979.74,1782873985.165,1782873946.194176,1782873985.556486,0.13782219492683517,5.424999952316284,39.36230993270874
ses_20260701-022828-yuvraj,39,22,1782873989.933,1782874049.055,1782874010.916693,1782874033.509977,0.3821468173964716,59.121999979019165,22.593284130096436
ses_20260701-022828-yuvraj,40,23,1782874050.72,1782874054.653,1782874034.773996,1782874062.814854,0.14025962104747206,3.933000087738037,28.040857791900635
ses_20260701-022828-yuvraj,41,24,1782874056.363,1782874120.491,1782874062.81693,1782874088.709517,0.4037641426212593,64.12800002098083,25.892586946487427
ses_20260701-022828-yuvraj,43,26,1782874130.993,1782874136.156,1782874113.98042,1782874136.54441,0.22881590961425466,5.162999868392944,22.563989877700806
ses_20260701-022828-yuvraj,44,27,1782874141.75,1782874170.478,1782874136.54547,1782874173.21009,0.7835346441945739,28.727999925613403,36.66461992263794
ses_20260701-030836-yuvraj,0,0,1782875370.931,1782875377.442,1782875371.158144,1782875402.768371,0.19737358003516262,6.510999917984009,31.61022710800171
ses_20260701-030836-yuvraj,3,1,1782875397.732,1782875423.63,1782875402.769485,1782875463.743078,0.31601536874303937,25.89800000190735,60.97359299659729
ses_20260701-030836-yuvraj,6,2,1782875483.205,1782875487.61,1782875463.743678,1782875494.976003,0.141039771907733,4.4049999713897705,31.232324838638306
ses_20260701-030836-yuvraj,7,3,1782875489.285,1782875502.76,1782875494.977577,1782875530.929142,0.1868791782471715,13.474999904632568,35.95156502723694
ses_20260701-030836-yuvraj,11,4,1782875560.686,1782875583.932,1782875530.930161,1782875604.258613,0.3170120075372164,23.245999813079834,73.32845211029053
ses_20260701-030836-yuvraj,15,6,1782875605.949,1782875646.033,1782875623.074462,1782875646.426531,0.56719215272777,40.08400011062622,23.35206913948059
ses_20260701-030836-yuvraj,17,7,1782875669.975,1782875674.745,1782875646.426531,1782875682.113111,0.1336636906250195,4.769999980926514,35.68657994270325
ses_20260701-030836-yuvraj,18,8,1782875676.199,1782875706.507,1782875682.113629,1782875706.894779,0.7946816009817175,30.308000087738037,24.781149864196777
ses_20260701-030836-yuvraj,20,9,1782875733.147,1782875739.33,1782875706.896008,1782875829.312125,0.05050805403097848,6.182999849319458,122.41611695289612
ses_20260701-030836-yuvraj,23,10,1782875830.396,1782875839.84,1782875829.313652,1782875868.098496,0.2434971770106199,9.444000005722046,38.78484392166138
ses_20260701-030836-yuvraj,27,11,1782875865.099,1782875869.648,1782875868.099519,1782875888.966657,0.06487779638530942,4.549000024795532,20.867137908935547
ses_20260701-030836-yuvraj,28,12,1782875872.784,1782875922.552,1782875888.966657,1782875916.291129,0.5490369739558363,49.76800012588501,27.324472188949585
ses_20260701-030836-yuvraj,29,13,1782875927.256,1782875931.461,1782875916.291129,1782875938.980917,0.1853256605475285,4.204999923706055,22.68978786468506
ses_20260701-030836-yuvraj,30,14,1782875933.267,1782875975.078,1782875938.980917,1782875966.798063,0.6653068807375939,41.81100010871887,27.817146062850952
ses_20260701-030836-yuvraj,31,15,1782875980.995,1782875985.245,1782875966.799149,1782875991.30774,0.17340858195330636,4.25,24.508590936660767
ses_20260701-030836-yuvraj,34,17,1782876032.959,1782876102.777,1782876056.956392,1782876080.53119,0.3376607454070258,69.81799983978271,23.574797868728638
ses_20260701-030836-yuvraj,35,19,1782876118.744,1782876141.504,1782876117.17292,1782876141.893969,0.9206729020959546,22.759999990463257,24.721049070358276
ses_20260701-030836-yuvraj,36,20,1782876147.311,1782876154.468,1782876141.894979,1782876182.10183,0.17800448549036088,7.156999826431274,40.2068510055542
ses_20260701-030836-yuvraj,39,21,1782876186.227,1782876213.948,1782876182.102862,1782876214.234585,0.8627299511245864,27.72099995613098,32.131723165512085
ses_20260701-030836-yuvraj,40,22,1782876219.767,1782876238.418,1782876214.234585,1782876238.812651,0.7588473446150993,18.651000022888184,24.578065872192383
ses_20260701-030836-yuvraj,41,23,1782876244.281,1782876251.735,1782876238.814401,1782876281.989224,0.1726469148070406,7.453999996185303,43.17482304573059
ses_20260701-030836-yuvraj,43,24,1782876276.461,1782876293.036,1782876281.989224,1782876316.982814,0.27261306778803424,16.575000047683716,34.993590116500854
ses_20260701-030836-yuvraj,46,25,1782876341.618,1782876390.454,1782876316.98437,1782876364.071554,0.3056168094777999,48.835999965667725,47.08718395233154
ses_20260701-030836-yuvraj,47,26,1782876426.281,1782876431.981,1782876364.073116,1782876434.345513,0.08111293036342655,5.700000047683716,70.2723970413208
ses_20260701-032825-CHAITANYA0BCF,2,0,1782876570.059,1782876592.019,1782876559.940364,1782876599.488821,0.5552681854882339,21.960000038146973,39.54845714569092
ses_20260701-032825-CHAITANYA0BCF,6,1,1782876628.463,1782876631.694,1782876599.490416,1782876638.949756,0.08188175368100488,3.2309999465942383,39.45933985710144
ses_20260701-032825-CHAITANYA0BCF,7,2,1782876633.315,1782876657.616,1782876638.949756,1782876704.799913,0.26112144898798734,24.300999879837036,65.8501570224762
ses_20260701-032825-CHAITANYA0BCF,8,3,1782876697.466,1782876714.11,1782876704.80103,1782876731.227738,0.2757254387551711,16.643999814987183,26.426707983016968
ses_20260701-032825-CHAITANYA0BCF,11,4,1782876736.347,1782876753.292,1782876731.229878,1782876755.117453,0.7093645991937539,16.945000171661377,23.887575149536133
ses_20260701-032825-CHAITANYA0BCF,14,5,1782876839.088,1782876850.328,1782876811.199862,1782876881.499504,0.15988701614983777,11.240000009536743,70.29964208602905
ses_20260701-032825-CHAITANYA0BCF,16,6,1782876876.43,1782876890.376,1782876881.501229,1782876915.787623,0.22549052088065002,13.94599986076355,34.286393880844116
ses_20260701-032825-CHAITANYA0BCF,18,7,1782876910.483,1782876947.967,1782876915.789254,1782876942.020419,0.6997963118915222,37.48399996757507,26.231164932250977
ses_20260701-032825-CHAITANYA0BCF,20,8,1782876992.943,1782876997.253,1782876942.023473,1782877004.558913,0.06892091820218246,4.309999942779541,62.53543996810913
ses_20260701-032825-CHAITANYA0BCF,21,9,1782876999.099,1782877017.866,1782877004.560512,1782877070.112127,0.18736659567996972,18.76699995994568,65.55161499977112
ses_20260701-032825-CHAITANYA0BCF,26,10,1782877134.912,1782877138.008,1782877070.112127,1782877230.091062,0.019352547609268012,3.0959999561309814,159.97893500328064
ses_20260701-032825-CHAITANYA0BCF,31,11,1782877229.704,1782877307.005,1782877230.095698,1782877260.537504,0.3938086931989041,77.30100011825562,30.441805839538574
ses_20260701-032825-CHAITANYA0BCF,32,13,1782877358.567,1782877369.08,1782877288.047527,1782877371.387917,0.12614531820179073,10.513000011444092,83.34038996696472
ses_20260701-032825-CHAITANYA0BCF,33,14,1782877369.085,1782877385.851,1782877371.387917,1782877444.739748,0.19117217911922654,16.766000032424927,73.35183095932007
ses_20260701-032825-CHAITANYA0BCF,36,15,1782877444.352,1782877464.536,1782877444.741349,1782877473.992607,0.667822050752404,20.18400001525879,29.25125813484192
ses_20260701-032825-CHAITANYA0BCF,39,16,1782877474.173,1782877500.364,1782877473.992607,1782877500.75254,0.9787393709016025,26.19099998474121,26.75993299484253
ses_20260701-032825-CHAITANYA0BCF,42,17,1782877530.601,1782877534.968,1782877500.75254,1782877542.589056,0.10438249386382907,4.366999864578247,41.8365159034729
ses_20260701-032825-CHAITANYA0BCF,43,18,1782877537.013,1782877549.673,1782877542.589056,1782877574.4939,0.1890014400123649,12.660000085830688,31.904844045639038
ses_20260701-032825-CHAITANYA0BCF,45,19,1782877569.492,1782877604.549,1782877574.4939,1782877600.896227,0.7531256776443017,35.056999921798706,26.402326822280884
ses_20260701-032825-CHAITANYA0BCF,48,20,1782877630.358,1782877642.467,1782877600.897324,1782877635.676713,0.1279469428552266,12.108999967575073,34.77938890457153
ses_20260701-032825-CHAITANYA0BCF,49,21,1782877660.108,1782877673.935,1782877635.677742,1782877670.432721,0.26987613373012787,13.82699990272522,34.75497889518738
ses_20260701-032825-CHAITANYA0BCF,51,22,1782877695.049,1782877699.083,1782877670.432721,1782877706.476161,0.11192050226904338,4.033999919891357,36.043440103530884
ses_20260701-032825-CHAITANYA0BCF,52,23,1782877701.008,1782877752.935,1782877706.476693,1782877736.337067,0.5750452355715322,51.92700004577637,29.860373973846436
ses_20260701-032825-CHAITANYA0BCF,54,24,1782877761.127,1782877766.37,1782877736.338631,1782877766.746912,0.1724201304555005,5.242999792098999,30.408281087875366
ses_20260701-032825-CHAITANYA0BCF,55,25,1782877771.212,1782877813.423,1782877766.746912,1782877795.825812,0.5273323710896963,42.211000204086304,29.07890009880066
ses_20260701-032825-CHAITANYA0BCF,56,26,1782877815.333,1782877819.385,1782877795.825812,1782877826.590587,0.13170907546712754,4.052000045776367,30.764774799346924
ses_20260701-032825-CHAITANYA0BCF,57,27,1782877821.415,1782877837.661,1782877826.592187,1782877863.937753,0.2603033036334338,16.246000051498413,37.34556603431702
ses_20260701-032825-CHAITANYA0BCF,60,28,1782877884.095,1782877890.165,1782877863.938821,1782877889.885371,0.22078591649441226,6.069999933242798,25.946549892425537
ses_20260701-032825-CHAITANYA0BCF,61,29,1782877895.025,1782877906.091,1782877889.885371,1782877939.090076,0.22489719194045305,11.065999984741211,49.204704999923706
ses_20260701-035622-SIDDHIGUPTAB00B,2,0,1782878264.697,1782878313.842,1782878265.068404,1782878293.68447,0.5822782783621931,49.144999980926514,28.616065979003906
ses_20260701-035622-SIDDHIGUPTAB00B,3,2,1782878319.614,1782878336.413,1782878314.35537,1782878337.66556,0.7206719487014951,16.799000024795532,23.310189962387085
ses_20260701-035622-SIDDHIGUPTAB00B,6,3,1782878423.507,1782878448.908,1782878422.971516,1782878447.066803,0.908365332772891,25.401000022888184,24.095287084579468
ses_20260701-035622-SIDDHIGUPTAB00B,9,4,1782878473.521,1782878479.455,1782878447.074357,1782878487.765043,0.1458318991497389,5.934000015258789,40.690685987472534
ses_20260701-035622-SIDDHIGUPTAB00B,11,5,1782878514.885,1782878525.818,1782878487.768149,1782878553.390638,0.16660447079497542,10.933000087738037,65.62248921394348
ses_20260701-035622-SIDDHIGUPTAB00B,15,6,1782878547.642,1782878599.12,1782878553.397063,1782878580.776884,0.5318742200872669,51.4779999256134,27.379821062088013
ses_20260701-035622-SIDDHIGUPTAB00B,17,7,1782878606.644,1782878611.815,1782878580.784196,1782878612.192881,0.16463599063999768,5.171000003814697,31.408685207366943
ses_20260701-035622-SIDDHIGUPTAB00B,18,8,1782878617.181,1782878632.716,1782878612.194572,1782878633.924777,0.714903519944453,15.535000085830688,21.730205059051514
ses_20260701-035622-SIDDHIGUPTAB00B,24,9,1782878761.08,1782878765.675,1782878754.900232,1782878805.974262,0.08996744599131935,4.5950000286102295,51.07402992248535
ses_20260701-035622-SIDDHIGUPTAB00B,28,10,1782878806.945,1782878825.059,1782878805.981313,1782878847.462322,0.4366817615062703,18.11400008201599,41.481009006500244
ses_20260701-035622-SIDDHIGUPTAB00B,30,11,1782878852.845,1782878874.681,1782878847.473472,1782878874.281046,0.7878718707138975,21.835999965667725,26.807573795318604
ses_20260701-035622-SIDDHIGUPTAB00B,31,12,1782878878.858,1782878914.519,1782878874.286133,1782878899.150909,0.5043863492423283,35.66100001335144,24.864775896072388
ses_20260701-035622-SIDDHIGUPTAB00B,32,13,1782878916.924,1782878921.078,1782878899.150909,1782878928.676613,0.14069097297080932,4.1540000438690186,29.52570414543152
ses_20260701-035622-SIDDHIGUPTAB00B,33,14,1782878923.076,1782878958.311,1782878928.681909,1782878951.695393,0.6531427249597193,35.235000133514404,23.013484001159668
ses_20260701-035622-SIDDHIGUPTAB00B,35,15,1782879002.214,1782879006.502,1782878951.701579,1782879013.885032,0.06895725326681551,4.288000106811523,62.18345284461975
ses_20260701-035622-SIDDHIGUPTAB00B,36,16,1782879008.308,1782879031.919,1782879013.889368,1782879032.27022,0.7524190950614466,23.610999822616577,18.380851984024048
ses_20260701-035622-SIDDHIGUPTAB00B,37,17,1782879038.092,1782879063.095,1782879032.273119,1782879053.755382,0.5081903348144783,25.003000020980835,21.48226308822632
ses_20260701-035622-SIDDHIGUPTAB00B,40,18,1782879071.568,1782879079.51,1782879053.761756,1782879091.342177,0.21133344723328742,7.941999912261963,37.58042097091675
ses_20260701-035622-SIDDHIGUPTAB00B,43,19,1782879121.798,1782879126.366,1782879091.846051,1782879150.036172,0.07850129483062518,4.567999839782715,58.19012093544006
ses_20260701-035622-SIDDHIGUPTAB00B,45,20,1782879147.533,1782879178.994,1782879150.043192,1782879176.970737,0.8559023902620155,31.460999965667725,26.927545070648193
ses_20260701-035622-SIDDHIGUPTAB00B,50,21,1782879209.029,1782879225.092,1782879177.005462,1782879223.428081,0.2994409988273116,16.062999963760376,46.422619104385376
ses_20260701-035622-SIDDHIGUPTAB00B,51,22,1782879229.025,1782879251.903,1782879223.44615,1782879252.258774,0.7940269528633872,22.878000020980835,28.812623977661133
ses_20260701-035622-SIDDHIGUPTAB00B,52,23,1782879258.173,1782879264.195,1782879252.261332,1782879299.475213,0.12754723200907017,6.021999835968018,47.21388101577759
ses_20260701-035622-SIDDHIGUPTAB00B,58,24,1782879329.414,1782879333.286,1782879299.481364,1782879342.099576,0.09085317751986355,3.871999979019165,42.6182119846344
ses_20260701-035622-SIDDHIGUPTAB00B,59,25,1782879335.146,1782879349.907,1782879342.099576,1782879378.996506,0.1780463846066606,14.761000156402588,36.89692997932434
ses_20260701-035622-SIDDHIGUPTAB00B,61,26,1782879372.906,1782879408.514,1782879379.003594,1782879407.614292,0.8034907310860525,35.60800004005432,28.610697984695435
ses_20260701-035622-SIDDHIGUPTAB00B,63,27,1782879420.297,1782879440.825,1782879407.616589,1782879441.176599,0.6116803941072152,20.528000116348267,33.56000995635986
ses_20260701-035622-SIDDHIGUPTAB00B,65,28,1782879452.733,1782879462.93,1782879441.181967,1782879476.376089,0.2897358827327173,10.19700002670288,35.194122076034546
ses_20260701-035622-SIDDHIGUPTAB00B,69,29,1782879490.149,1782879519.747,1782879476.381501,1782879510.680929,0.4734623025281601,29.598000049591064,34.29942798614502
ses_20260701-035622-SIDDHIGUPTAB00B,71,30,1782879532.24,1782879547.241,1782879510.684718,1782879546.442525,0.3885111971603912,15.000999927520752,35.75780701637268
ses_20260701-035622-SIDDHIGUPTAB00B,72,31,1782879549.923,1782879571.825,1782879546.447115,1782879604.893898,0.3747340538101639,21.901999950408936,58.4467830657959
ses_20260701-035622-SIDDHIGUPTAB00B,77,32,1782879643.321,1782879649.42,1782879604.925452,1782879649.05876,0.12895422194080738,6.098999977111816,44.13330793380737
ses_20260701-035622-SIDDHIGUPTAB00B,78,33,1782879654.51,1782879662.36,1782879649.064429,1782879688.430435,0.19941062664746267,7.849999904632568,39.36600589752197
ses_20260701-035622-SIDDHIGUPTAB00B,79,34,1782879678.314,1782879699.519,1782879688.430435,1782879727.189026,0.22687589076426093,21.205000162124634,38.758591175079346
ses_20260701-035622-SIDDHIGUPTAB00B,82,35,1782879755.388,1782879768.773,1782879727.191848,1782879793.557277,0.20168633288995033,13.384999990463257,66.36542892456055
ses_20260701-035622-SIDDHIGUPTAB00B,89,36,1782879835.297,1782879853.361,1782879793.561922,1782879856.203402,0.2883712220501831,18.064000129699707,62.64147996902466
ses_20260701-043922-SIDDHIGUPTAB00B,1,0,1782880815.005,1782880887.251,1782880814.127234,1782880849.037451,0.46540889236719796,72.24599981307983,34.91021704673767
ses_20260701-043922-SIDDHIGUPTAB00B,4,2,1782880894.832,1782880897.441,1782880871.93306,1782880927.599624,0.04686834934072916,2.6089999675750732,55.666563987731934
ses_20260701-043922-SIDDHIGUPTAB00B,5,3,1782880927.171,1782880965.173,1782880927.601685,1782880956.486621,0.7600898843436508,38.00200009346008,28.88493585586548
ses_20260701-043922-SIDDHIGUPTAB00B,6,4,1782880970.622,1782880974.831,1782880956.486621,1782880980.582992,0.1746736087462176,4.209000110626221,24.096371173858643
ses_20260701-043922-SIDDHIGUPTAB00B,7,5,1782880976.381,1782881005.127,1782880982.412155,1782881106.152695,0.17503697704078913,28.746000051498413,123.74054002761841
ses_20260701-043922-SIDDHIGUPTAB00B,10,6,1782881110.869,1782881133.206,1782881106.155025,1782881152.233827,0.4847565281511156,22.337000131607056,46.07880210876465
ses_20260701-043922-SIDDHIGUPTAB00B,14,7,1782881213.905,1782881217.059,1782881152.235376,1782881224.855421,0.043431535133726704,3.1540000438690186,72.62004518508911
ses_20260701-043922-SIDDHIGUPTAB00B,15,8,1782881218.909,1782881243.101,1782881224.857366,1782881257.925252,0.4675906329088769,24.192000150680542,33.067885875701904
ses_20260701-043922-SIDDHIGUPTAB00B,19,9,1782881278.166,1782881287.017,1782881257.927875,1782881300.314846,0.2088141677127216,8.8510000705719,42.38697099685669
ses_20260701-043922-SIDDHIGUPTAB00B,21,10,1782881325.017,1782881337.096,1782881300.317367,1782881348.685884,0.24972855826166557,12.078999996185303,48.36851692199707
ses_20260701-043922-SIDDHIGUPTAB00B,22,11,1782881367.221,1782881390.429,1782881348.6928,1782881388.602904,0.5123107565874842,23.20799994468689,39.91010403633118
ses_20260701-043922-SIDDHIGUPTAB00B,23,12,1782881414.516,1782881425.331,1782881388.604678,1782881438.25587,0.21781954431654152,10.815000057220459,49.65119218826294
ses_20260701-043922-SIDDHIGUPTAB00B,27,13,1782881551.562,1782881554.248,1782881473.093628,1782881565.336697,0.029118717475614616,2.685999870300293,92.24306917190552
ses_20260701-043922-SIDDHIGUPTAB00B,28,14,1782881591.606,1782881604.425,1782881565.33887,1782881618.284414,0.24211669266533503,12.819000005722046,52.94554400444031
ses_20260701-043922-SIDDHIGUPTAB00B,30,15,1782881639.928,1782881648.037,1782881618.289467,1782881660.997998,0.18986838919883253,8.108999967575073,42.70853090286255
ses_20260701-043922-SIDDHIGUPTAB00B,31,16,1782881682.368,1782881705.394,1782881661.001304,1782881703.700797,0.48054745271933547,23.026000022888184,42.699493169784546
ses_20260701-043922-SIDDHIGUPTAB00B,32,17,1782881729.748,1782881737.594,1782881703.702124,1782881765.694701,0.12656354348861987,7.8460001945495605,61.99257683753967
ses_20260701-043922-SIDDHIGUPTAB00B,34,18,1782881786.64,1782881799.224,1782881765.70043,1782881812.154752,0.27088975370696006,12.583999872207642,46.45432209968567
ses_20260701-043922-SIDDHIGUPTAB00B,35,19,1782881849.482,1782881849.904,1782881812.157114,1782881863.607254,0.008202114344887212,0.4219999313354492,51.45013999938965
ses_20260701-043922-SIDDHIGUPTAB00B,36,20,1782881863.37,1782881865.412,1782881863.609071,1782881915.430576,0.03463136707549047,2.0420000553131104,51.821505069732666
ses_20260701-043922-SIDDHIGUPTAB00B,39,21,1782881940.961,1782881952.498,1782881915.437957,1782882001.866161,0.13348651712022483,11.536999940872192,86.42820405960083
ses_20260701-043922-SIDDHIGUPTAB00B,41,22,1782882078.939,1782882094.968,1782882001.8851,1782882093.317673,0.15447169210803252,16.02900004386902,91.43257308006287
ses_20260701-043922-SIDDHIGUPTAB00B,42,23,1782882114.935,1782882140.266,1782882093.32134,1782882138.628519,0.5047116997229688,25.331000089645386,45.30717897415161
ses_20260701-043922-SIDDHIGUPTAB00B,43,24,1782882161.83,1782882171.081,1782882138.63041,1782882213.622451,0.12335975963432348,9.251000165939331,74.99204111099243
ses_20260701-043922-SIDDHIGUPTAB00B,46,25,1782882235.511,1782882247.402,1782882213.624195,1782882260.745476,0.2523488284517031,11.891000032424927,47.121280908584595
ses_20260701-043922-SIDDHIGUPTAB00B,47,26,1782882282.131,1782882289.135,1782882260.749014,1782882300.531234,0.1760585489311392,7.003999948501587,39.782220125198364
ses_20260701-043922-SIDDHIGUPTAB00B,48,27,1782882343.163,1782882343.64,1782882300.532863,1782882356.931519,0.008457648299181728,0.47699999809265137,56.398656129837036
ses_20260701-043922-SIDDHIGUPTAB00B,49,28,1782882381.217,1782882389.765,1782882356.933196,1782882403.870949,0.18211353458216503,8.54800009727478,46.93775296211243
ses_20260701-043922-SIDDHIGUPTAB00B,51,29,1782882429.458,1782882440.808,1782882403.872568,1782882451.715793,0.2372331744465003,11.350000143051147,47.84322500228882
ses_20260701-043922-SIDDHIGUPTAB00B,52,30,1782882476.797,1782882488.877,1782882451.718704,1782882501.779956,0.2413043951408594,12.080000162124634,50.06125211715698
ses_20260701-043922-SIDDHIGUPTAB00B,54,31,1782882525.198,1782882534.099,1782882501.805226,1782882547.423664,0.19511847428500945,8.901000022888184,45.61843800544739
ses_20260701-043922-SIDDHIGUPTAB00B,55,32,1782882570.586,1782882583.27,1782882547.430423,1782882596.967177,0.2560523049750567,12.684000015258789,49.53675389289856
ses_20260701-043922-SIDDHIGUPTAB00B,56,33,1782882619.732,1782882627.37,1782882596.975454,1782882640.96623,0.17362730322498882,7.637999773025513,43.99077582359314
ses_20260701-043922-SIDDHIGUPTAB00B,59,34,1782882690.03,1782882696.663,1782882640.970131,1782882709.694372,0.09651616426954736,6.633000135421753,68.72424101829529
ses_20260701-043922-SIDDHIGUPTAB00B,62,35,1782882755.558,1782882756.607,1782882709.732802,1782882769.774769,0.017471113531521323,1.0490000247955322,60.041967153549194
ses_20260701-043922-SIDDHIGUPTAB00B,63,36,1782882771.638,1782882773.773,1782882769.778361,1782882840.723215,0.03009379637075733,2.134999990463257,70.94485402107239
ses_20260701-043922-SIDDHIGUPTAB00B,66,37,1782882885.024,1782882885.457,1782882840.723215,1782882899.175098,0.007407803935575363,0.4330000877380371,58.45188283920288
ses_20260701-043922-SIDDHIGUPTAB00B,68,38,1782882935.921,1782882947.38,1782882899.176901,1782882958.592155,0.19286293271126928,11.45900011062622,59.41525387763977
ses_20260701-043922-SIDDHIGUPTAB00B,70,39,1782882986.205,1782883000.987,1782882958.592155,1782882996.834742,0.250731949682074,14.782000064849854,38.242587089538574
ses_20260701-043922-SIDDHIGUPTAB00B,73,40,1782883024.24,1782883035.541,1782882996.834742,1782883038.209381,0.2731383316837217,11.300999879837036,41.37463903427124
ses_20260701-051820-CHAITANYA0BCF,3,0,1782883163.696,1782883172.816,1782883154.814928,1782883215.943732,0.14919316743493255,9.119999885559082,61.128803968429565
ses_20260701-051820-CHAITANYA0BCF,9,1,1782883245.361,1782883250.548,1782883215.945376,1782883258.084064,0.12309353403393689,5.187000036239624,42.13868808746338
ses_20260701-051820-CHAITANYA0BCF,11,2,1782883266.835,1782883283.421,1782883258.084064,1782883295.178522,0.44712878456218463,16.585999965667725,37.09445810317993
ses_20260701-051820-CHAITANYA0BCF,13,4,1782883289.815,1782883351.708,1782883318.534385,1782883348.081654,0.4773927448925398,61.89299988746643,29.547269105911255
ses_20260701-051820-CHAITANYA0BCF,17,5,1782883382.212,1782883395.185,1782883348.08435,1782883412.736148,0.20065954001171113,12.973000049591064,64.65179800987244
ses_20260701-051820-CHAITANYA0BCF,23,6,1782883442.718,1782883449.035,1782883412.736148,1782883449.354661,0.1725083750205703,6.317000150680542,36.618512868881226
ses_20260701-051820-CHAITANYA0BCF,24,7,1782883455.1,1782883487.546,1782883449.355881,1782883474.849786,0.517143874938102,32.44600009918213,25.493905067443848
ses_20260701-051820-CHAITANYA0BCF,25,8,1782883502.401,1782883517.688,1782883474.85105,1782883512.531923,0.2364996344906513,15.286999940872192,37.68087315559387
ses_20260701-051820-CHAITANYA0BCF,28,9,1782883543.347,1782883548.534,1782883512.531923,1782883548.919517,0.14254858505990584,5.187000036239624,36.38759398460388
ses_20260701-051820-CHAITANYA0BCF,32,10,1782883585.482,1782883590.341,1782883548.919517,1782883590.730356,0.1162138835532168,4.858999967575073,41.8108389377594
ses_20260701-051820-CHAITANYA0BCF,33,11,1782883596.197,1782883604.4,1782883590.732119,1782883632.483858,0.1964708599019072,8.20300006866455,41.75173902511597
ses_20260701-051820-CHAITANYA0BCF,34,12,1782883621.317,1782883660.5,1782883632.48546,1782883656.599378,0.6154178600931328,39.18300008773804,24.11391806602478
ses_20260701-051820-CHAITANYA0BCF,35,13,1782883665.936,1782883678.811,1782883656.60165,1782883692.418395,0.35946873409670294,12.875,35.8167450428009
ses_20260701-051820-CHAITANYA0BCF,40,14,1782883744.43,1782883748.799,1782883692.420006,1782883756.111558,0.06859622392729049,4.36899995803833,63.69155192375183
ses_20260701-051820-CHAITANYA0BCF,41,15,1782883750.646,1782883785.671,1782883756.113135,1782883786.063095,0.8345649113957971,35.02500009536743,29.949959993362427
ses_20260701-051820-CHAITANYA0BCF,42,16,1782883791.446,1782883799.083,1782883786.063095,1782883827.326139,0.185080864795841,7.636999845504761,41.26304388046265
ses_20260701-051820-CHAITANYA0BCF,44,17,1782883822.235,1782883834.903,1782883827.326139,1782883864.650078,0.17863602924338026,12.668000221252441,37.323939085006714
ses_20260701-051820-CHAITANYA0BCF,46,19,1782883858.929,1782883917.665,1782883887.329524,1782883912.057212,0.42099714056824283,58.736000061035156,24.72768807411194
ses_20260701-051820-CHAITANYA0BCF,48,20,1782883970.523,1782883973.823,1782883912.057212,1782883980.901265,0.04793442306928146,3.299999952316284,68.84405279159546
ses_20260701-051820-CHAITANYA0BCF,49,21,1782883975.529,1782884007.151,1782883980.901265,1782884007.540677,0.8200049967711652,31.621999979019165,26.63941216468811
ses_20260701-051820-CHAITANYA0BCF,50,22,1782884012.994,1782884016.193,1782884007.541701,1782884027.067677,0.1638330462746172,3.199000120162964,19.525975942611694
ses_20260701-051820-CHAITANYA0BCF,51,23,1782884021.809,1782884045.721,1782884029.29191,1782884058.973342,0.4420659473938646,23.911999940872192,29.681432008743286
ses_20260701-051820-CHAITANYA0BCF,53,24,1782884053.515,1782884084.908,1782884058.973342,1782884085.29611,0.8160400377987529,31.39299988746643,26.322767972946167
ses_20260701-051820-CHAITANYA0BCF,54,25,1782884089.848,1782884100.942,1782884085.297668,1782884222.861941,0.08064593815776737,11.093999862670898,137.56427311897278
ses_20260701-051850-LAPTOP-R36BQBTE,4,0,1782883219.891,1782883237.495,1782883206.067508,1782883244.702652,0.4556473208766225,17.603999853134155,38.635143995285034
ses_20260701-051850-LAPTOP-R36BQBTE,8,1,1782883307.488,1782883312.64,1782883244.705783,1782883313.008921,0.07542845524162987,5.152000188827515,68.30313801765442
ses_20260701-051850-LAPTOP-R36BQBTE,10,2,1782883337.654,1782883346.764,1782883313.012059,1782883347.136887,0.26696104866360454,9.109999895095825,34.12482810020447
ses_20260701-051850-LAPTOP-R36BQBTE,11,3,1782883351.534,1782883354.351,1782883347.142506,1782883408.1138,0.046202072455162585,2.817000150680542,60.97129416465759
ses_20260701-051850-LAPTOP-R36BQBTE,14,4,1782883403.283,1782883434.34,1782883408.117877,1782883434.703745,0.8345480985408127,31.056999921798706,26.585867881774902
ses_20260701-051850-LAPTOP-R36BQBTE,15,5,1782883439.963,1782883463.423,1782883434.706795,1782883463.137439,0.8070160683310272,23.460000038146973,28.430644035339355
ses_20260701-051850-LAPTOP-R36BQBTE,17,6,1782883488.132,1782883497.849,1782883463.139115,1782883498.24027,0.2768284992851142,9.717000007629395,35.101154804229736
ses_20260701-051850-LAPTOP-R36BQBTE,18,7,1782883502.503,1782883527.591,1782883498.241795,1782883527.972082,0.8438532798890592,25.088000059127808,29.730286836624146
ses_20260701-051850-LAPTOP-R36BQBTE,19,8,1782883551.198,1782883561.043,1782883527.97516,1782883561.425566,0.29431630834844347,9.84500002861023,33.450406074523926
ses_20260701-051850-LAPTOP-R36BQBTE,21,9,1782883589.736,1782883594.801,1782883561.428649,1782883618.906144,0.08812144755404501,5.065000057220459,57.477494955062866
ses_20260701-051850-LAPTOP-R36BQBTE,24,10,1782883622.085,1782883645.014,1782883618.907149,1782883641.050944,0.7264738344594103,22.92899990081787,22.143795013427734
ses_20260701-051850-LAPTOP-R36BQBTE,26,11,1782883675.471,1782883680.291,1782883641.053039,1782883680.67304,0.12165572516772463,4.819999933242798,39.6200008392334
ses_20260701-051850-LAPTOP-R36BQBTE,27,12,1782883685.701,1782883705.708,1782883680.676161,1782883706.092321,0.7871763505266137,20.006999969482422,25.416159868240356
ses_20260701-051850-LAPTOP-R36BQBTE,28,13,1782883710.825,1782883731.005,1782883706.095369,1782883731.387759,0.7978684565091511,20.180000066757202,25.29238986968994
ses_20260701-051850-LAPTOP-R36BQBTE,29,14,1782883736.72,1782883755.516,1782883731.390335,1782883755.885331,0.7673404042355333,18.796000003814697,24.494995832443237
ses_20260701-051850-LAPTOP-R36BQBTE,30,15,1782883760.22,1782883763.147,1782883755.888229,1782883811.07454,0.05303851611732439,2.927000045776367,55.18631100654602
ses_20260701-051850-LAPTOP-R36BQBTE,33,16,1782883805.504,1782883829.532,1782883811.077186,1782883829.215756,0.7548930307981375,24.028000116348267,18.138569831848145
ses_20260701-051850-LAPTOP-R36BQBTE,34,17,1782883834.621,1782883858.053,1782883829.219518,1782883858.438453,0.8019457215507636,23.431999921798706,29.218935012817383
ses_20260701-051850-LAPTOP-R36BQBTE,35,18,1782883862.948,1782883879.378,1782883858.44258,1782883882.364447,0.686819301184506,16.430000066757202,23.92186713218689
ses_20260701-051850-LAPTOP-R36BQBTE,36,20,1782883885.163,1782883932.905,1782883904.685995,1782883933.290831,0.5863344408746153,47.74199986457825,28.604835987091064
ses_20260701-051850-LAPTOP-R36BQBTE,37,21,1782883938.403,1782883958.162,1782883933.295115,1782883956.656025,0.7340294072034537,19.758999824523926,23.360909938812256
ses_20260701-051850-LAPTOP-R36BQBTE,40,22,1782883977.347,1782883982.982,1782883958.547957,1782883983.336399,0.22732369376928183,5.635000228881836,24.788442134857178
ses_20260701-051850-LAPTOP-R36BQBTE,41,23,1782883987.882,1782884003.596,1782883983.341039,1782884013.476773,0.521440756819527,15.71399998664856,30.13573408126831
ses_20260701-051850-LAPTOP-R36BQBTE,43,24,1782884035.463,1782884044.291,1782884013.479971,1782884044.668622,0.2830516717832686,8.827999830245972,31.188651084899902
ses_20260701-051850-LAPTOP-R36BQBTE,44,25,1782884049.998,1782884072.982,1782884044.673,1782884073.367048,0.8010023634093318,22.984000205993652,28.694047927856445
ses_20260701-051850-LAPTOP-R36BQBTE,47,26,1782884101.879,1782884106.791,1782884073.371561,1782884107.176195,0.14530552118453305,4.911999940872192,33.8046338558197
ses_20260701-051850-LAPTOP-R36BQBTE,50,27,1782884142.996,1782884148.014,1782884107.179286,1782884234.110575,0.0395331988564522,5.017999887466431,126.93128895759583
ses_20260701-051850-LAPTOP-R36BQBTE,52,28,1782884239.195,1782884262.695,1782884234.114662,1782884263.081658,0.8112681079150115,23.5,28.96699595451355
ses_20260701-051850-LAPTOP-R36BQBTE,53,29,1782884268.458,1782884287.139,1782884263.084859,1782884295.662041,0.5734381802273231,18.680999994277954,32.57718205451965
ses_20260701-051850-LAPTOP-R36BQBTE,54,30,1782884299.715,1782884333.995,1782884295.662041,1782884319.869856,0.5257839927847282,34.27999997138977,24.207815170288086
ses_20260701-051850-LAPTOP-R36BQBTE,56,31,1782884341.457,1782884346.941,1782884319.869856,1782884347.32162,0.1997685829543858,5.483999967575073,27.45176386833191
ses_20260701-051850-LAPTOP-R36BQBTE,57,33,1782884352.561,1782884401.249,1782884373.330029,1782884397.363265,0.49361723719710027,48.687999963760376,24.033236026763916
ses_20260701-051850-LAPTOP-R36BQBTE,60,34,1782884430.142,1782884441.791,1782884397.366822,1782884444.680413,0.24620832370526619,11.6489999294281,47.31359100341797
ses_20260701-053005-MSI,6,0,1782883887.927,1782883917.155,1782883883.67154,1782883911.702758,0.7100747074494048,29.227999925613403,28.0312180519104
ses_20260701-053005-MSI,8,1,1782883939.856,1782883944.769,1782883911.703612,1782883952.271006,0.12110711633610523,4.913000106811523,40.56739401817322
ses_20260701-053005-MSI,9,2,1782883946.466,1782883959.436,1782883952.271786,1782883976.975964,0.23481555523103015,12.97000002861023,24.70417809486389
ses_20260701-053005-MSI,14,3,1782884002.887,1782884013.852,1782883976.976547,1782884087.665893,0.09906102351290422,10.964999914169312,110.68934607505798
ses_20260701-053005-MSI,16,5,1782884088.494,1782884140.494,1782884109.246257,1782884129.845808,0.39614521081631,52.0,20.59955096244812
ses_20260701-053005-MSI,17,6,1782884161.183,1782884165.239,1782884131.328208,1782884172.01359,0.09969182497883744,4.055999994277954,40.68538212776184
ses_20260701-053005-MSI,18,7,1782884166.856,1782884216.232,1782884172.014418,1782884200.545202,0.577826961159515,49.37600016593933,28.530784130096436
ses_20260701-053005-MSI,19,8,1782884218.499,1782884222.412,1782884200.54592,1782884229.183878,0.13663683219285255,3.9129998683929443,28.63795804977417
ses_20260701-053005-MSI,20,9,1782884224.078,1782884260.253,1782884229.184782,1782884256.898021,0.7660881545562958,36.174999952316284,27.713238954544067
ses_20260701-053005-MSI,23,10,1782884288.227,1782884293.356,1782884256.898831,1782884293.749617,0.1391829178188368,5.128999948501587,36.850786209106445
ses_20260701-053005-MSI,24,11,1782884298.035,1782884334.544,1782884293.75035,1782884315.404533,0.4257901134388082,36.508999824523926,21.65418291091919
ses_20260701-053005-MSI,25,12,1782884336.375,1782884339.881,1782884316.881748,1782884347.763974,0.11352808709655235,3.50600004196167,30.88222599029541
ses_20260701-053005-MSI,26,13,1782884341.834,1782884387.043,1782884347.764579,1782884376.332542,0.6319087563462157,45.20899987220764,28.567962884902954
ses_20260701-053005-MSI,27,14,1782884401.687,1782884405.259,1782884376.333348,1782884413.340684,0.09652140419492417,3.572000026702881,37.007335901260376
ses_20260701-053005-MSI,28,15,1782884407.016,1782884429.751,1782884413.341568,1782884442.713398,0.45968145797563903,22.734999895095825,29.371829986572266
ses_20260701-053005-MSI,29,16,1782884439.87,1782884450.141,1782884442.714386,1782884482.97451,0.17229320166792134,10.271000146865845,40.26012396812439
ses_20260701-053005-MSI,31,17,1782884477.361,1782884515.163,1782884482.975309,1782884507.396525,0.646029733386447,37.80200004577637,24.421216011047363
ses_20260701-053005-MSI,33,18,1782884535.931,1782884541.146,1782884507.397114,1782884547.891802,0.12878232102401413,5.2149999141693115,40.49468803405762
ses_20260701-053005-MSI,36,19,1782884570.988,1782884576.123,1782884547.892797,1782884583.782824,0.14307595767070977,5.134999990463257,35.89002704620361
ses_20260701-053005-MSI,37,20,1782884578.097,1782884591.022,1782884583.782824,1782884623.662599,0.1588737152925076,12.925000190734863,39.879775047302246
ses_20260701-053005-MSI,38,21,1782884612.854,1782884634.995,1782884623.66339,1782884656.750608,0.25814318036659967,22.140999794006348,33.087218046188354
ses_20260701-053005-MSI,40,22,1782884651.788,1782884666.67,1782884656.750608,1782884692.105691,0.24603075969784674,14.881999969482422,35.355082988739014
ses_20260701-053005-MSI,41,23,1782884681.419,1782884705.602,1782884692.106682,1782884717.877798,0.37015257258301426,24.183000087738037,25.771116018295288
ses_20260701-053005-MSI,44,24,1782884722.099,1782884758.234,1782884717.878658,1782884745.18894,0.5721656409663916,36.13499999046326,27.310281991958618
ses_20260701-053005-MSI,45,25,1782884760.268,1782884763.442,1782884745.18894,1782884770.902595,0.12343636194143087,3.1740000247955322,25.7136549949646
ses_20260701-053005-MSI,46,27,1782884765.332,1782884872.9,1782884796.556621,1782884861.633801,0.604986425902143,107.5680000782013,65.07717990875244
ses_20260701-053005-MSI,47,29,1782884889.74,1782884914.04,1782884899.904347,1782884926.14987,0.38823684495906574,24.299999952316284,26.24552297592163
ses_20260701-053005-MSI,49,30,1782884920.826,1782884954.703,1782884926.150503,1782884963.659734,0.6665890282844651,33.87700009346008,37.509231090545654
ses_20260701-053005-MSI,52,31,1782884968.904,1782885002.875,1782884963.660507,1782884988.522076,0.5002761563047786,33.97099995613098,24.861568927764893
ses_20260701-053005-MSI,54,32,1782885010.588,1782885021.878,1782884988.522076,1782885024.115538,0.3171930835194367,11.289999961853027,35.593461990356445
ses_20260701-053720-SIDDHIGUPTAB00B,2,0,1782884291.604,1782884314.618,1782884286.400896,1782884348.222368,0.37226548027182016,23.013999938964844,61.82147192955017
ses_20260701-053720-SIDDHIGUPTAB00B,3,1,1782884350.315,1782884365.624,1782884348.229382,1782884389.462851,0.3712760624571513,15.309000015258789,41.233469009399414
ses_20260701-053720-SIDDHIGUPTAB00B,6,2,1782884394.049,1782884410.721,1782884389.475391,1782884412.462431,0.7252782394008777,16.67199993133545,22.987040042877197
ses_20260701-053720-SIDDHIGUPTAB00B,8,3,1782884465.299,1782884477.18,1782884441.658365,1782884507.004921,0.18181524442342845,11.88100004196167,65.34655594825745
ses_20260701-053720-SIDDHIGUPTAB00B,11,4,1782884500.989,1782884516.18,1782884507.008457,1782884547.854931,0.19569744842296913,15.190999984741211,40.846474170684814
ses_20260701-053720-SIDDHIGUPTAB00B,13,5,1782884542.532,1782884573.798,1782884547.856629,1782884574.135124,0.820848321256652,31.266000032424927,26.27849507331848
ses_20260701-053720-SIDDHIGUPTAB00B,14,6,1782884579.648,1782884607.602,1782884574.136974,1782884596.623903,0.5072729686218452,27.953999996185303,22.486928939819336
ses_20260701-053720-SIDDHIGUPTAB00B,15,7,1782884612.808,1782884616.475,1782884598.148399,1782884656.906515,0.062408397017805685,3.6669998168945312,58.75811576843262
ses_20260701-053720-SIDDHIGUPTAB00B,17,8,1782884660.132,1782884681.541,1782884656.906515,1782884720.15549,0.33848769733975853,21.408999919891357,63.24897503852844
ses_20260701-053720-SIDDHIGUPTAB00B,20,9,1782884782.157,1782884787.026,1782884720.157771,1782884794.409662,0.06557408705918648,4.86899995803833,74.25189089775085
ses_20260701-053720-SIDDHIGUPTAB00B,21,10,1782884788.914,1782884816.656,1782884794.414288,1782884817.015244,0.7914849561991008,27.741999864578247,22.600955963134766
ses_20260701-053720-SIDDHIGUPTAB00B,22,11,1782884822.496,1782884851.402,1782884817.022318,1782884844.889669,0.6513634666043564,28.905999898910522,27.867351055145264
ses_20260701-053720-SIDDHIGUPTAB00B,24,12,1782884865.225,1782884875.132,1782884844.897362,1782884888.858404,0.22535862733246728,9.907000064849854,43.96104192733765
ses_20260701-053720-SIDDHIGUPTAB00B,26,13,1782884882.167,1782884959.369,1782884888.860124,1782884925.94504,0.4803621139752295,77.20199990272522,37.08491587638855
ses_20260701-053720-SIDDHIGUPTAB00B,28,15,1782885000.332,1782885004.636,1782884953.202745,1782885011.946729,0.07326707534835598,4.303999900817871,58.74398398399353
ses_20260701-053720-SIDDHIGUPTAB00B,29,16,1782885006.463,1782885020.435,1782885011.949689,1782885051.297676,0.18925777507961022,13.971999883651733,39.34798717498779
ses_20260701-053720-SIDDHIGUPTAB00B,31,17,1782885045.596,1782885106.911,1782885051.300703,1782885080.533707,0.47676757445112494,61.31500005722046,29.233003854751587
ses_20260701-053720-SIDDHIGUPTAB00B,33,18,1782885110.361,1782885125.115,1782885080.537077,1782885119.315566,0.2008744550513803,14.753999948501587,38.778489112854004
ses_20260701-053720-SIDDHIGUPTAB00B,36,19,1782885151.445,1782885164.675,1782885119.326798,1782885157.126069,0.12527661266267356,13.230000019073486,37.79927110671997
ses_20260701-053720-SIDDHIGUPTAB00B,37,20,1782885181.717,1782885200.971,1782885157.126069,1782885191.629235,0.22607482372562948,19.253999948501587,34.50316596031189
ses_20260701-053720-SIDDHIGUPTAB00B,39,21,1782885211.07,1782885224.2,1782885191.634834,1782885224.654337,0.39764378533735867,13.130000114440918,33.01950287818909
ses_20260701-053720-SIDDHIGUPTAB00B,40,22,1782885229.228,1782885258.597,1782885224.658419,1782885253.167724,0.7053837629709451,29.36899995803833,28.509305000305176
ses_20260701-053720-SIDDHIGUPTAB00B,42,23,1782885274.701,1782885278.739,1782885253.170157,1782885286.986841,0.11940851757962687,4.038000106811523,33.81668400764465
ses_20260701-053720-SIDDHIGUPTAB00B,43,24,1782885280.751,1782885351.92,1782885286.991167,1782885313.388762,0.3709142305436266,71.1690001487732,26.397594928741455
ses_20260701-053720-SIDDHIGUPTAB00B,44,26,1782885365.596,1782885376.34,1782885337.231612,1782885376.541309,0.2733167827957866,10.74399995803833,39.30969715118408
ses_20260701-053720-SIDDHIGUPTAB00B,48,27,1782885408.26,1782885413.739,1782885376.54936,1782885414.054203,0.1460878023686122,5.479000091552734,37.50484299659729
ses_20260701-053720-SIDDHIGUPTAB00B,50,28,1782885424.903,1782885443.731,1782885414.055561,1782885467.086876,0.3550355084265458,18.82799983024597,53.031314849853516
ses_20260701-053720-SIDDHIGUPTAB00B,53,29,1782885463.564,1782885483.518,1782885467.09111,1782885497.654528,0.48186082336234815,19.953999996185303,30.56341791152954
ses_20260701-053720-SIDDHIGUPTAB00B,55,30,1782885492.077,1782885522.919,1782885497.657706,1782885540.225891,0.524649545461471,30.842000007629395,42.56818509101868
ses_20260701-053720-SIDDHIGUPTAB00B,57,31,1782885551.616,1782885565.322,1782885540.229519,1782885684.383867,0.09507864498690176,13.706000089645386,144.1543481349945
ses_20260701-053720-SIDDHIGUPTAB00B,63,32,1782885700.303,1782885705.401,1782885684.385633,1782885711.943671,0.1849914007041064,5.0980000495910645,27.558037996292114
ses_20260701-053720-SIDDHIGUPTAB00B,64,34,1782885706.625,1782885772.895,1782885738.938553,1782885775.35968,0.49402204123168747,66.26999998092651,36.42112684249878
ses_20260701-054901-LAPTOP-R36BQBTE,2,0,1782885019.774,1782885058.003,1782885024.89494,1782885054.629968,0.7778133866247409,38.229000091552734,29.73502802848816
ses_20260701-054901-LAPTOP-R36BQBTE,3,1,1782885063.76,1782885084.461,1782885054.631642,1782885081.157987,0.583250474499553,20.700999975204468,26.526345014572144
ses_20260701-054901-LAPTOP-R36BQBTE,4,2,1782885089.064,1782885107.327,1782885081.159592,1782885105.472403,0.6270549671855431,18.263000011444092,24.312811136245728
ses_20260701-054901-LAPTOP-R36BQBTE,8,3,1782885145.049,1782885165.307,1782885105.472403,1782885169.105656,0.3183555607608887,20.257999897003174,63.6332528591156
ses_20260701-054901-LAPTOP-R36BQBTE,9,4,1782885176.265,1782885195.561,1782885169.106388,1782885193.736277,0.6604246166039188,19.296000003814697,24.629889011383057
ses_20260701-054901-LAPTOP-R36BQBTE,12,5,1782885211.823,1782885223.801,1782885193.737213,1782885221.907501,0.3354368148505246,11.978000164031982,28.1702880859375
ses_20260701-054901-LAPTOP-R36BQBTE,15,6,1782885254.394,1782885289.235,1782885221.907501,1782885293.359955,0.4876109615178135,34.84099984169006,71.45245409011841
ses_20260701-054901-LAPTOP-R36BQBTE,17,7,1782885305.497,1782885314.175,1782885293.359955,1782885313.733242,0.39568697081412385,8.67799997329712,20.373286962509155
ses_20260701-054901-LAPTOP-R36BQBTE,20,8,1782885346.364,1782885361.877,1782885345.906952,1782885370.755421,0.6243040567055529,15.513000011444092,24.848469018936157
ses_20260701-054901-LAPTOP-R36BQBTE,21,9,1782885376.328,1782885400.579,1782885370.75646,1782885402.337535,0.7678965951460188,24.250999927520752,31.581074953079224
ses_20260701-054901-LAPTOP-R36BQBTE,23,10,1782885407.765,1782885412.137,1782885402.33921,1782885421.72699,0.22550286778822803,4.371999979019165,19.38777995109558
ses_20260701-054901-LAPTOP-R36BQBTE,24,12,1782885466.237,1782885467.632,1782885444.940204,1782885471.775775,0.05198324188048313,1.3949999809265137,26.83557105064392
ses_20260701-054901-LAPTOP-R36BQBTE,26,13,1782885482.902,1782885499.812,1782885471.777142,1782885499.16345,0.5800439602374475,16.91000008583069,27.386307954788208
ses_20260701-054901-LAPTOP-R36BQBTE,29,14,1782885515.048,1782885518.396,1782885499.16345,1782885521.003909,0.15329347220050318,3.3479998111724854,21.84045910835266
ses_20260701-054901-LAPTOP-R36BQBTE,31,15,1782885541.241,1782885546.32,1782885521.006756,1782885565.692895,0.11365940590997624,5.078999996185303,44.68613886833191
ses_20260701-054901-LAPTOP-R36BQBTE,33,16,1782885579.679,1782885581.256,1782885565.693423,1782885593.084761,0.05757295056338457,1.5770001411437988,27.391337871551514
ses_20260701-054901-LAPTOP-R36BQBTE,36,17,1782885616.128,1782885641.393,1782885593.084761,1782885716.672286,0.20443001702679187,25.264999866485596,123.58752512931824
ses_20260701-054901-LAPTOP-R36BQBTE,48,18,1782885803.402,1782885816.379,1782885716.673341,1782885883.318273,0.07787215512578229,12.976999998092651,166.64493203163147
ses_20260701-054901-LAPTOP-R36BQBTE,56,19,1782885894.004,1782885900.026,1782885883.318273,1782885909.256463,0.2321673207825227,6.022000074386597,25.93818998336792
ses_20260701-054901-LAPTOP-R36BQBTE,57,20,1782885904.511,1782885932.367,1782885909.259321,1782885935.486949,0.7459877691591129,27.856000185012817,26.227627992630005
ses_20260701-054901-LAPTOP-R36BQBTE,59,21,1782885943.628,1782885972.175,1782885935.488686,1782885964.154343,0.5595095474269057,28.54699993133545,28.665656805038452
ses_20260701-054901-LAPTOP-R36BQBTE,60,22,1782885977.225,1782885980.612,1782885964.155974,1782886029.416498,0.05189967647413917,3.38700008392334,65.26052403450012
ses_20260701-054901-LAPTOP-R36BQBTE,62,23,1782886034.799,1782886039.449,1782886029.417517,1782886054.729233,0.18370938747515284,4.6499998569488525,25.311716079711914
ses_20260701-054901-LAPTOP-R36BQBTE,63,24,1782886044.569,1782886083.055,1782886054.729823,1782886090.246697,0.6201095687779555,38.486000061035156,35.516873836517334
ses_20260701-054901-LAPTOP-R36BQBTE,65,25,1782886091.019,1782886093.333,1782886090.246697,1782886123.885699,0.06878919551336506,2.313999891281128,33.639002084732056
ses_20260701-054901-LAPTOP-R36BQBTE,66,27,1782886174.61,1782886205.47,1782886182.259378,1782886224.344609,0.4666895443559117,30.860000133514404,42.08523106575012
ses_20260701-054930-CHAITANYA0BCF,2,0,1782885029.355,1782885063.582,1782885024.89494,1782885054.629968,0.6533183920398602,34.22699999809265,29.73502802848816
ses_20260701-054930-CHAITANYA0BCF,5,1,1782885075.705,1782885080.779,1782885054.631642,1782885081.157987,0.19128153981920923,5.074000120162964,26.526345014572144
ses_20260701-054930-CHAITANYA0BCF,6,2,1782885085.839,1782885124.365,1782885081.159592,1782885105.472403,0.4544200350811098,38.526000022888184,24.312811136245728
ses_20260701-054930-CHAITANYA0BCF,7,4,1782885168.715,1782885193.359,1782885169.106388,1782885193.736277,0.969279533258566,24.64400005340576,24.629889011383057
ses_20260701-054930-CHAITANYA0BCF,8,5,1782885198.804,1782885227.079,1782885193.737213,1782885221.907501,0.6929292965696716,28.27500009536743,28.1702880859375
ses_20260701-054930-CHAITANYA0BCF,11,6,1782885288.09,1782885293.028,1782885221.907501,1782885293.359955,0.06910889576935975,4.938000202178955,71.45245409011841
ses_20260701-054930-CHAITANYA0BCF,12,7,1782885298.639,1782885312.079,1782885293.359955,1782885313.733242,0.6596873681675762,13.440000057220459,20.373286962509155
ses_20260701-054930-CHAITANYA0BCF,13,8,1782885345.515,1782885370.377,1782885345.906952,1782885370.755421,0.9694786138982981,24.861999988555908,24.848469018936157
ses_20260701-054930-CHAITANYA0BCF,14,9,1782885376.469,1782885387.847,1782885370.75646,1782885402.337535,0.3602790531819081,11.377999782562256,31.581074953079224
ses_20260701-054930-CHAITANYA0BCF,16,12,1782885396.619,1782885485.76,1782885444.940204,1782885471.775775,0.3010463315520638,89.14100003242493,26.83557105064392
ses_20260701-054930-CHAITANYA0BCF,17,13,1782885487.629,1782885491.77,1782885471.777142,1782885499.16345,0.1512069476200028,4.141000032424927,27.386307954788208
ses_20260701-054930-CHAITANYA0BCF,18,15,1782885493.711,1782885575.297,1782885521.006756,1782885565.692895,0.5477182223314824,81.58599996566772,44.68613886833191
ses_20260701-054930-CHAITANYA0BCF,20,16,1782885587.803,1782885600.18,1782885565.693423,1782885593.084761,0.15315410763463994,12.377000093460083,27.391337871551514
ses_20260701-054930-CHAITANYA0BCF,21,17,1782885611.792,1782885623.493,1782885593.084761,1782885716.672286,0.09467784036423495,11.700999975204468,123.58752512931824
ses_20260701-054930-CHAITANYA0BCF,26,18,1782885721.701,1782885734.409,1782885716.673341,1782885883.318273,0.07625794429964866,12.70799994468689,166.64493203163147
ses_20260701-054930-CHAITANYA0BCF,29,20,1782885882.922,1782885950.098,1782885909.259321,1782885935.486949,0.3904315223660129,67.17600011825562,26.227627992630005
ses_20260701-054930-CHAITANYA0BCF,31,21,1782885958.2,1782885963.78,1782885935.488686,1782885964.154343,0.1946580174896003,5.579999923706055,28.665656805038452
ses_20260701-054930-CHAITANYA0BCF,32,22,1782885969.582,1782885990.61,1782885964.155974,1782886029.416498,0.3222162277889952,21.027999877929688,65.26052403450012
ses_20260701-054930-CHAITANYA0BCF,33,23,1782886029.039,1782886037.596,1782886029.417517,1782886054.729233,0.3183498963139161,8.556999921798706,25.311716079711914
ses_20260701-054930-CHAITANYA0BCF,35,24,1782886048.182,1782886063.577,1782886054.729823,1782886090.246697,0.2103230836184387,15.394999980926514,35.516873836517334
ses_20260701-054930-CHAITANYA0BCF,37,25,1782886084.336,1782886097.846,1782886090.246697,1782886123.885699,0.19214565941567857,13.509999990463257,33.639002084732056
ses_20260701-054930-CHAITANYA0BCF,39,26,1782886118.52,1782886132.156,1782886123.888293,1782886182.249845,0.12973053464880951,13.635999917984009,58.361552000045776
ses_20260701-054930-CHAITANYA0BCF,45,27,1782886209.534,1782886221.468,1782886182.259378,1782886224.344609,0.28356741101442917,11.934000015258789,42.08523106575012
ses_20260701-055037-Marcos,2,0,1782885089.494,1782885110.266,1782885084.95255,1782885147.572373,0.33171604591347154,20.772000074386597,62.61982297897339
ses_20260701-055037-Marcos,3,1,1782885147.18,1782885169.572,1782885147.573386,1782885183.168081,0.6112749964636115,22.39199995994568,35.59469509124756
ses_20260701-055037-Marcos,5,2,1782885184.949,1782885192.384,1782885183.169056,1782885211.240613,0.26485884517499325,7.43500018119812,28.07155704498291
ses_20260701-055037-Marcos,7,3,1782885204.871,1782885240.397,1782885211.241521,1782885240.789098,0.8117211333059969,35.526000022888184,29.547577142715454
ses_20260701-055037-Marcos,8,4,1782885245.254,1782885258.677,1782885240.789786,1782885269.762026,0.4633055680415495,13.42300009727478,28.97223997116089
ses_20260701-055037-Marcos,11,5,1782885298.665,1782885306.467,1782885299.052997,1782885338.270896,0.18719442418589527,7.802000045776367,39.21789884567261
ses_20260701-055037-Marcos,13,7,1782885333.138,1782885387.912,1782885362.753525,1782885388.297226,0.45610638099282436,54.7739999294281,25.54370093345642
ses_20260701-055037-Marcos,14,8,1782885392.408,1782885403.846,1782885388.298033,1782885446.012192,0.19818360276918737,11.437999963760376,57.71415901184082
ses_20260701-055037-Marcos,17,9,1782885445.624,1782885472.687,1782885446.012921,1782885559.129579,0.23500236003887304,27.062999963760376,113.11665797233582
ses_20260701-055037-Marcos,20,10,1782885564.678,1782885596.138,1782885559.130517,1782885589.233484,0.6635275371958602,31.460000038146973,30.102967023849487
ses_20260701-055037-Marcos,22,11,1782885603.944,1782885606.98,1782885589.234313,1782885615.105756,0.11734946556530615,3.0360000133514404,25.871443033218384
ses_20260701-055037-Marcos,23,12,1782885608.684,1782885658.759,1782885615.106665,1782885644.751692,0.5920125238625097,50.075000047683716,29.64502716064453
ses_20260701-055037-Marcos,24,13,1782885660.628,1782885665.161,1782885644.752404,1782885672.929002,0.16087818624445044,4.5329999923706055,28.176598072052002
ses_20260701-055037-Marcos,25,14,1782885667.138,1782885695.518,1782885672.930111,1782885695.904114,0.7852255942117775,28.37999987602234,22.974003076553345
ses_20260701-055037-Marcos,26,15,1782885700.58,1782885721.081,1782885695.904925,1782885753.087485,0.35851840452326256,20.50100016593933,57.182559967041016
ses_20260701-055037-Marcos,28,16,1782885766.403,1782885770.624,1782885753.088284,1782885777.858036,0.1704094555233244,4.2209999561309814,24.769752025604248
ses_20260701-055037-Marcos,29,17,1782885772.571,1782885785.59,1782885777.858989,1782885816.123124,0.1775116858137741,13.018999814987183,38.264134883880615
ses_20260701-055037-Marcos,31,18,1782885810.517,1782885842.99,1782885816.123907,1782885843.376316,0.817609618832807,32.473000049591064,27.252408981323242
ses_20260701-055037-Marcos,34,19,1782885868.343,1782885873.04,1782885843.377371,1782885880.842224,0.12537083891761497,4.697000026702881,37.464852809906006
ses_20260701-055037-Marcos,35,20,1782885875.004,1782885912.277,1782885880.843096,1782885904.894497,0.6452767659876135,37.27300000190735,24.051400899887085
ses_20260701-055037-Marcos,36,21,1782885918.813,1782885923.062,1782885904.894497,1782885929.303887,0.174072358106193,4.249000072479248,24.409389972686768
ses_20260701-055037-Marcos,37,22,1782885924.678,1782885955.17,1782885929.3048,1782885955.55685,0.8376348230838918,30.492000102996826,26.252049922943115
ses_20260701-055037-Marcos,38,23,1782885959.623,1782885970.027,1782885955.557714,1782886026.474857,0.1467064180553716,10.404000043869019,70.91714310646057
ses_20260701-055037-Marcos,43,24,1782886085.524,1782886089.191,1782886026.475599,1782886097.669184,0.05150745055873305,3.6670000553131104,71.19358491897583
ses_20260701-055037-Marcos,44,25,1782886091.098,1782886126.021,1782886097.670124,1782886148.768526,0.4916007847905696,34.9229998588562,51.09840202331543
ses_20260701-055037-Marcos,45,26,1782886146.036,1782886155.153,1782886148.769593,1782886171.452307,0.25115399821233253,9.117000102996826,22.682713985443115
ses_20260701-055037-Marcos,47,27,1782886166.85,1782886194.138,1782886171.453601,1782886194.523046,0.8197290257133574,27.288000106811523,23.06944513320923
ses_20260701-055037-Marcos,51,28,1782886256.28,1782886262.042,1782886194.523945,1782886361.804111,0.034445207849677646,5.76200008392334,167.28016591072083
ses_20260701-055037-Marcos,55,29,1782886429.446,1782886439.801,1782886361.804111,1782886442.802981,0.12784129003746944,10.355000019073486,80.99886989593506
ses_20260701-055918-MSI,6,0,1782885634.628,1782885637.509,1782885629.516823,1782885670.281031,0.07067474617125015,2.88100004196167,40.76420783996582
ses_20260701-055918-MSI,9,2,1782885664.82,1782885725.086,1782885693.117356,1782885716.800209,0.39297204013428205,60.26600003242493,23.68285298347473
ses_20260701-055918-MSI,10,3,1782885731.329,1782885735.37,1782885716.800796,1782885760.068504,0.09339528415690854,4.040999889373779,43.26770806312561
ses_20260701-055918-MSI,12,4,1782885764.691,1782885806.442,1782885760.069135,1782885789.014124,0.5245119953665438,41.75099992752075,28.94498896598816
ses_20260701-055918-MSI,13,5,1782885808.194,1782885812.266,1782885790.454145,1782885819.153515,0.1418846478517271,4.072000026702881,28.69937014579773
ses_20260701-055918-MSI,14,6,1782885813.936,1782885857.133,1782885819.154377,1782885842.863445,0.5488591378133518,43.1969997882843,23.709068059921265
ses_20260701-055918-MSI,15,8,1782885872.989,1782885895.802,1782885882.679484,1782885921.65167,0.2696628890892499,22.812999963760376,38.97218608856201
ses_20260701-055918-MSI,17,9,1782885916.255,1782885955.594,1782885921.652364,1782885948.210559,0.6751110827608955,39.33899998664856,26.558194875717163
ses_20260701-055918-MSI,19,10,1782885967.131,1782885972.9,1782885948.210559,1782885973.288768,0.23004035161341854,5.769000053405762,25.078209161758423
ses_20260701-055918-MSI,20,11,1782885977.939,1782886013.514,1782885973.289536,1782885997.161635,0.4778841816159133,35.575000047683716,23.872098922729492
ses_20260701-055918-MSI,22,12,1782886021.355,1782886026.826,1782885997.162262,1782886027.219917,0.18201685855558328,5.4709999561309814,30.057655096054077
ses_20260701-055918-MSI,23,13,1782886032.728,1782886067.783,1782886027.220657,1782886063.804219,0.7661347169260602,35.0550000667572,36.58356189727783
ses_20260701-055918-MSI,25,14,1782886087.946,1782886092.982,1782886063.80488,1782886100.994339,0.13541471527666732,5.03600001335144,37.18945908546448
ses_20260701-055918-MSI,26,15,1782886094.979,1782886109.784,1782886100.995065,1782886153.314641,0.15066149628883602,14.804999828338623,52.319576025009155
ses_20260701-055918-MSI,28,16,1782886132.616,1782886184.614,1782886153.31578,1782886185.003211,0.5974400910027402,51.998000144958496,31.68743109703064
ses_20260701-055918-MSI,31,17,1782886211.506,1782886215.73,1782886185.003924,1782886303.269431,0.03571624623577355,4.223999977111816,118.26550722122192
ses_20260701-055918-MSI,33,18,1782886304.327,1782886353.702,1782886303.270789,1782886338.047275,0.6686390133915407,49.375,34.77648615837097
ses_20260701-055918-MSI,35,19,1782886361.352,1782886366.503,1782886338.048115,1782886366.898007,0.1785448638962401,5.151000022888184,28.849891901016235
ses_20260701-055918-MSI,36,20,1782886371.377,1782886407.633,1782886366.898627,1782886395.318844,0.5877553110290095,36.25599980354309,28.420217037200928
ses_20260701-055918-MSI,38,21,1782886431.979,1782886448.424,1782886395.319454,1782886437.629523,0.10640375194719898,16.444999933242798,42.31006908416748
ses_20260701-055918-MSI,39,22,1782886465.649,1782886486.409,1782886437.629523,1782886486.802828,0.4221802861499752,20.759999990463257,49.17330503463745
ses_20260701-055918-MSI,40,23,1782886491.516,1782886502.734,1782886486.803452,1782886516.902065,0.3727082017465512,11.217999935150146,30.098613023757935
ses_20260701-055918-MSI,45,24,1782886591.109,1782886603.487,1782886516.903005,1782886639.41731,0.10103309984403602,12.378000020980835,122.5143051147461
ses_20260701-055918-MSI,48,25,1782886644.894,1782886651.683,1782886639.418022,1782886677.436765,0.17856981824767137,6.789000034332275,38.01874303817749
ses_20260701-055918-MSI,49,26,1782886667.338,1782886686.491,1782886677.437795,1782886703.225932,0.25226321365470333,19.152999877929688,25.788136959075928
ses_20260701-055918-MSI,51,27,1782886698.268,1782886710.474,1782886703.226762,1782886736.327037,0.19042094735732443,12.206000089645386,33.10027503967285
ses_20260701-055918-MSI,53,28,1782886731.46,1782886779.549,1782886736.327939,1782886766.573028,0.6289398628065653,48.08899998664856,30.245089054107666
ses_20260701-055918-MSI,54,29,1782886792.732,1782886796.664,1782886766.573884,1782886803.694176,0.1059258889254728,3.931999921798706,37.12029194831848
ses_20260701-055918-MSI,55,31,1782886798.523,1782886856.375,1782886825.451803,1782886852.652664,0.4701801316820447,57.85199999809265,27.20086097717285
ses_20260701-055918-MSI,58,32,1782886884.405,1782886895.721,1782886852.653709,1782886898.118519,0.24889579328810485,11.315999984741211,45.46481013298035
ses_20260701-062250-Marcos,2,0,1782887023.009,1782887050.26,1782887018.452907,1782887044.632873,0.6798443686737267,27.250999927520752,26.17996597290039
ses_20260701-062250-Marcos,3,1,1782887058.083,1782887073.539,1782887044.633712,1782887080.4822,0.43114789534753306,15.456000089645386,35.848487854003906
ses_20260701-062250-Marcos,6,2,1782887109.292,1782887114.286,1782887080.484001,1782887121.604176,0.12144889809136361,4.99399995803833,41.12017512321472
ses_20260701-062250-Marcos,7,3,1782887116.06,1782887182.257,1782887121.604982,1782887149.932417,0.4279262656193667,66.19700002670288,28.32743501663208
ses_20260701-062250-Marcos,8,5,1782887187.253,1782887191.542,1782887175.315223,1782887198.439543,0.1854757255014897,4.289000034332275,23.124320030212402
ses_20260701-062250-Marcos,9,6,1782887193.383,1782887266.039,1782887198.439543,1782887226.259004,0.38289282446971623,72.6560001373291,27.81946110725403
ses_20260701-062250-Marcos,11,8,1782887274.296,1782887279.245,1782887251.249611,1782887279.634633,0.1743525107451646,4.948999881744385,28.385022163391113
ses_20260701-062250-Marcos,13,9,1782887309.501,1782887324.943,1782887279.635915,1782887320.101196,0.23396332194870573,15.442000150680542,40.46528100967407
ses_20260701-062250-Marcos,14,10,1782887342.686,1782887353.728,1782887320.102591,1782887380.631953,0.18242385940883662,11.041999816894531,60.529361963272095
ses_20260701-062250-Marcos,17,11,1782887374.403,1782887403.755,1782887380.633102,1782887408.162386,0.6849028087978084,29.35199999809265,27.52928400039673
ses_20260701-062250-Marcos,18,12,1782887404.449,1782887417.414,1782887409.321851,1782887433.669012,0.27693859151011213,12.96500015258789,24.347161054611206
ses_20260701-062250-Marcos,20,14,1782887428.346,1782887484.397,1782887453.84111,1782887476.200285,0.39890768977608,56.051000118255615,22.359174966812134
ses_20260701-062250-Marcos,21,16,1782887485.133,1782887536.58,1782887500.478296,1782887520.013983,0.3797245118202683,51.44700002670288,19.53568696975708
ses_20260701-062250-Marcos,22,17,1782887538.42,1782887542.299,1782887520.013983,1782887549.760404,0.13040224017637947,3.878999948501587,29.746421098709106
ses_20260701-062250-Marcos,23,18,1782887544.31,1782887583.212,1782887549.76121,1782887575.680787,0.6662787814193639,38.901999950408936,25.91957712173462
ses_20260701-062250-Marcos,24,19,1782887598.366,1782887608.322,1782887575.681838,1782887639.673972,0.1555816237051446,9.956000089645386,63.9921338558197
ses_20260701-062250-Marcos,26,20,1782887634.859,1782887661.129,1782887639.675226,1782887678.312143,0.493722028719959,26.269999980926514,38.63691711425781
ses_20260701-062250-Marcos,27,21,1782887675.535,1782887692.826,1782887678.312143,1782887707.526462,0.45367907510219874,17.29099988937378,29.214318990707397
ses_20260701-062250-Marcos,29,22,1782887700.722,1782887716.039,1782887707.527566,1782887743.52621,0.198845721979925,15.317000150680542,35.99864411354065
ses_20260701-062250-Marcos,31,23,1782887738.212,1782887766.078,1782887743.527067,1782887762.561723,0.6830781571792569,27.866000175476074,19.034656047821045
ses_20260701-062250-Marcos,33,24,1782887790.063,1782887795.271,1782887762.562623,1782887802.623618,0.1300017626229906,5.20799994468689,40.06099486351013
ses_20260701-062250-Marcos,34,25,1782887797.379,1782887816.459,1782887802.624364,1782887829.205337,0.4346914371053154,19.080000162124634,26.580973148345947
ses_20260701-062250-Marcos,38,26,1782887856.371,1782887871.969,1782887829.206274,1782887866.852054,0.24509789321717462,15.598000049591064,37.645780086517334
ses_20260701-062250-Marcos,40,27,1782887902.766,1782887915.31,1782887866.853243,1782887908.391882,0.11610108225022707,12.543999910354614,41.53863883018494
ses_20260701-062250-Marcos,42,28,1782887962.286,1782887966.4,1782887908.392851,1782887973.188121,0.06349229016511176,4.114000082015991,64.79526996612549
ses_20260701-062250-Marcos,43,29,1782887968.122,1782888002.091,1782887973.18914,1782887996.902695,0.6980939912447061,33.96900010108948,23.713554859161377
ses_20260701-062250-Marcos,44,30,1782888007.056,1782888022.142,1782887996.90348,1782888134.246165,0.10984203466972008,15.085999965667725,137.34268498420715
ses_20260701-062250-Marcos,47,31,1782888137.722,1782888144.088,1782888134.246165,1782888168.035329,0.18840360072188073,6.366000175476074,33.7891640663147
ses_20260701-062250-Marcos,52,32,1782888197.779,1782888202.019,1782888168.036289,1782888208.478272,0.10484154575598569,4.240000009536743,40.44198298454285
ses_20260701-062250-Marcos,53,33,1782888204.083,1782888239.515,1782888208.47961,1782888241.686012,0.8253431950744841,35.432000160217285,33.20640206336975
ses_20260701-062732-MSI,3,0,1782887340.195,1782887376.424,1782887335.385474,1782887360.657145,0.49860818736729573,36.229000091552734,25.271671056747437
ses_20260701-062732-MSI,4,1,1782887378.635,1782887379.649,1782887360.657988,1782887389.456702,0.03520990352880305,1.0139999389648438,28.79871392250061
ses_20260701-062732-MSI,6,2,1782887384.009,1782887403.914,1782887389.457249,1782887429.239429,0.31962445302549913,19.90499997138977,39.782180070877075
ses_20260701-062732-MSI,10,3,1782887436.017,1782887456.797,1782887429.240196,1782887455.698096,0.714200968972461,20.77999997138977,26.457900047302246
ses_20260701-062732-MSI,11,4,1782887462.265,1782887481.052,1782887457.188196,1782887476.348299,0.5901531399362201,18.786999940872192,19.16010308265686
ses_20260701-062732-MSI,13,5,1782887498.095,1782887502.822,1782887477.479284,1782887510.04993,0.14513067966737805,4.726999998092651,32.57064604759216
ses_20260701-062732-MSI,14,6,1782887504.396,1782887548.784,1782887510.050921,1782887537.934441,0.6281769874550297,44.38800001144409,27.883520126342773
ses_20260701-062732-MSI,15,7,1782887564.479,1782887568.698,1782887537.935772,1782887575.819322,0.11136759474925619,4.218999862670898,37.88355016708374
ses_20260701-062732-MSI,16,8,1782887570.545,1782887603.609,1782887575.820024,1782887603.993157,0.8308073922357424,33.06399989128113,28.17313289642334
ses_20260701-062732-MSI,17,9,1782887608.581,1782887620.521,1782887603.994,1782887633.854256,0.3998626078803883,11.93999981880188,29.86025595664978
ses_20260701-062732-MSI,19,10,1782887628.581,1782887664.843,1782887633.854256,1782887656.485666,0.624108163320817,36.26199984550476,22.631410121917725
ses_20260701-062732-MSI,20,11,1782887681.639,1782887685.74,1782887656.486324,1782887692.571803,0.11364682364829048,4.101000070571899,36.08547902107239
ses_20260701-062732-MSI,21,12,1782887687.735,1782887741.43,1782887692.572493,1782887721.249829,0.5340783291903101,53.69500017166138,28.67733597755432
ses_20260701-062732-MSI,22,13,1782887814.748,1782887814.899,1782887721.250692,1782887817.860594,0.0015629870182864768,0.1510000228881836,96.6099021434784
ses_20260701-062732-MSI,23,14,1782887818.792,1782887832.26,1782887817.863051,1782887845.812887,0.4818632899164156,13.467999935150146,27.949836015701294
ses_20260701-062732-MSI,26,15,1782887850.342,1782887882.723,1782887845.813487,1782887872.867886,0.6103002784360088,32.38100004196167,27.054399013519287
ses_20260701-062732-MSI,27,16,1782887898.08,1782887911.681,1782887872.868632,1782887908.210998,0.26102499482925545,13.6010000705719,35.342365980148315
ses_20260701-062732-MSI,29,17,1782887935.906,1782887940.763,1782887908.210998,1782887947.836093,0.12257384180262089,4.857000112533569,39.62509489059448
ses_20260701-062732-MSI,30,18,1782887942.717,1782887960.187,1782887947.836786,1782887987.84548,0.27366784824406754,17.47000002861023,40.00869393348694
ses_20260701-062732-MSI,31,19,1782887977.968,1782887998.68,1782887987.84548,1782888022.379763,0.24395609138643864,20.712000131607056,34.53428292274475
ses_20260701-062732-MSI,33,20,1782888016.442,1782888034.555,1782888022.379763,1782888062.339421,0.2652706161103541,18.11300015449524,39.95965814590454
ses_20260701-062732-MSI,34,21,1782888051.814,1782888077.277,1782888062.340105,1782888090.326298,0.38784740531685413,25.463000059127808,27.98619294166565
ses_20260701-062732-MSI,36,22,1782888084.871,1782888125.752,1782888090.327848,1782888120.51598,0.7384391775315442,40.88100004196167,30.1881320476532
ses_20260701-062732-MSI,38,23,1782888142.568,1782888146.864,1782888120.516709,1782888154.289042,0.12720471563750033,4.296000003814697,33.77233290672302
ses_20260701-062732-MSI,39,24,1782888148.738,1782888191.696,1782888154.289873,1782888178.014668,0.5522788538094846,42.95800018310547,23.72479510307312
ses_20260701-062732-MSI,41,25,1782888212.82,1782888218.223,1782888178.015584,1782888292.929523,0.04701779578182424,5.403000116348267,114.91393899917603
ses_20260701-062732-MSI,44,26,1782888298.235,1782888305.499,1782888292.929523,1782888345.815888,0.1373510958081555,7.264000177383423,52.88636493682861
ses_20260701-062732-MSI,46,27,1782888323.764,1782888386.965,1782888345.816621,1782888375.667073,0.4723098045595753,63.20099997520447,29.850451946258545
ses_20260701-062732-MSI,47,28,1782888399.931,1782888404.531,1782888375.667906,1782888411.776323,0.12739411700829104,4.599999904632568,36.10841703414917
ses_20260701-062732-MSI,48,29,1782888406.366,1782888446.357,1782888411.776323,1782888443.014277,0.7811245971399119,39.991000175476074,31.237953901290894
ses_20260701-062732-MSI,50,30,1782888464.753,1782888469.195,1782888443.015042,1782888475.875604,0.13517723564348183,4.441999912261963,32.86056184768677
ses_20260701-062732-MSI,51,31,1782888471.098,1782888501.321,1782888475.87704,1782888501.716948,0.8309874070174527,30.223000049591064,25.839908123016357
ses_20260701-062732-MSI,54,32,1782888522.124,1782888532.704,1782888501.717707,1782888535.711084,0.3112370957717015,10.579999923706055,33.99337697029114
ses_20260701-063106-LAPTOP-R36BQBTE,2,0,1782887543.854,1782887561.009,1782887539.255524,1782887561.417938,0.7740582733520245,17.15499997138977,22.162414073944092
ses_20260701-063106-LAPTOP-R36BQBTE,5,1,1782887594.583,1782887599.845,1782887561.42351,1782887600.23895,0.13556461274495787,5.26200008392334,38.8154399394989
ses_20260701-063106-LAPTOP-R36BQBTE,6,2,1782887604.262,1782887648.546,1782887600.241504,1782887623.422927,0.39666963503896996,44.28399991989136,23.18142294883728
ses_20260701-063106-LAPTOP-R36BQBTE,10,3,1782887696.253,1782887700.887,1782887623.424983,1782887714.437492,0.05091607868544529,4.634000062942505,91.01250886917114
ses_20260701-063106-LAPTOP-R36BQBTE,12,4,1782887719.33,1782887745.143,1782887714.441129,1782887738.831069,0.6351752673581057,25.812999963760376,24.38994002342224
ses_20260701-063106-LAPTOP-R36BQBTE,13,5,1782887764.761,1782887772.903,1782887738.833125,1782887773.296622,0.23624997244040508,8.142000198364258,34.463496923446655
ses_20260701-063106-LAPTOP-R36BQBTE,14,6,1782887777.862,1782887796.355,1782887773.299765,1782887797.576974,0.7617432538885895,18.493000030517578,24.27720880508423
ses_20260701-063106-LAPTOP-R36BQBTE,15,7,1782887884.721,1782887886.313,1782887835.450581,1782887896.700781,0.025991751974145126,1.5920000076293945,61.250200033187866
ses_20260701-063106-LAPTOP-R36BQBTE,16,8,1782887891.339,1782887902.897,1782887896.700781,1782887967.330205,0.08153863291561486,11.558000087738037,70.62942385673523
ses_20260701-063106-LAPTOP-R36BQBTE,21,9,1782888021.344,1782888026.421,1782887967.330205,1782888026.812483,0.08535315163040898,5.07699990272522,59.4822781085968
ses_20260701-063106-LAPTOP-R36BQBTE,22,10,1782888031.732,1782888051.83,1782888026.815562,1782888049.911042,0.7267419689806408,20.097999811172485,23.09547996520996
ses_20260701-063106-LAPTOP-R36BQBTE,23,11,1782888056.821,1782888075.12,1782888052.220233,1782888108.470452,0.3253142845839287,18.298999786376953,56.250219106674194
ses_20260701-063106-LAPTOP-R36BQBTE,26,12,1782888139.327,1782888143.913,1782888108.473484,1782888144.304948,0.12798807766842252,4.586000204086304,35.83146405220032
ses_20260701-063106-LAPTOP-R36BQBTE,27,13,1782888149.103,1782888169.964,1782888144.308541,1782888205.398257,0.34148137266671463,20.861000061035156,61.0897159576416
ses_20260701-063106-LAPTOP-R36BQBTE,28,14,1782888210.818,1782888235.089,1782888205.401288,1782888235.385865,0.809449469858453,24.270999908447266,29.9845769405365
ses_20260701-063106-LAPTOP-R36BQBTE,29,15,1782888239.962,1782888260.796,1782888235.387409,1782888309.163132,0.2823964207864579,20.83400011062622,73.77572298049927
ses_20260701-063106-LAPTOP-R36BQBTE,33,16,1782888314.809,1782888344.622,1782888309.165675,1782888345.017492,0.831561754730324,29.812999963760376,35.85181713104248
ses_20260701-063106-LAPTOP-R36BQBTE,36,17,1782888379.542,1782888385.023,1782888345.019921,1782888385.415377,0.13568357710027518,5.480999946594238,40.395455837249756
ses_20260701-063106-LAPTOP-R36BQBTE,37,18,1782888390.05,1782888404.04,1782888385.417908,1782888404.435656,0.7356286308525826,13.990000009536743,19.0177481174469
ses_20260701-063106-LAPTOP-R36BQBTE,38,19,1782888409.514,1782888433.39,1782888404.438189,1782888433.78455,0.8135932161917355,23.87600016593933,29.34636092185974
ses_20260701-063106-LAPTOP-R36BQBTE,39,20,1782888438.347,1782888486.167,1782888433.788114,1782888463.391357,0.47813840616685,47.82000017166138,29.603242874145508
ses_20260701-063106-LAPTOP-R36BQBTE,42,22,1782888522.797,1782888527.905,1782888486.561185,1782888528.296137,0.12239141940748423,5.108000040054321,41.734952211380005
ses_20260701-063106-LAPTOP-R36BQBTE,43,24,1782888532.824,1782888578.609,1782888551.413937,1782888579.00297,0.5889057901842142,45.78500008583069,27.589032888412476
ses_20260701-063106-LAPTOP-R36BQBTE,44,26,1782888584.08,1782888631.748,1782888603.984236,1782888632.136214,0.5777351468047576,47.66799998283386,28.151978015899658
ses_20260701-063106-LAPTOP-R36BQBTE,48,27,1782888741.062,1782888746.226,1782888632.139273,1782888751.797481,0.04315625409202773,5.164000034332275,119.65820813179016
ses_20260701-065151-CHAITANYA0BCF,3,0,1782888770.297,1782888795.524,1782888765.528928,1782888790.56726,0.6757863482142893,25.22699999809265,25.038331985473633
ses_20260701-065151-CHAITANYA0BCF,5,1,1782888802.622,1782888819.01,1782888790.56726,1782888919.364882,0.12723837413586317,16.388000011444092,128.79762196540833
ses_20260701-065151-CHAITANYA0BCF,10,2,1782888918.977,1782888984.519,1782888919.365933,1782888947.165907,0.4241551057524919,65.54200005531311,27.799973964691162
ses_20260701-065151-CHAITANYA0BCF,11,3,1782888987.515,1782888988.265,1782888947.165907,1782889008.215519,0.012285090353131675,0.75,61.049612045288086
ses_20260701-065151-CHAITANYA0BCF,14,4,1782889008.041,1782889036.641,1782889008.216666,1782889030.007928,0.7619322308530396,28.600000143051147,21.791261911392212
ses_20260701-065151-CHAITANYA0BCF,16,5,1782889059.592,1782889062.752,1782889030.00847,1782889070.184657,0.07865355870652162,3.1600000858306885,40.17618703842163
ses_20260701-065151-CHAITANYA0BCF,17,6,1782889064.529,1782889117.249,1782889070.186287,1782889093.763511,0.4472159332965597,52.72000002861023,23.577224016189575
ses_20260701-065151-CHAITANYA0BCF,18,10,1782889122.996,1782889195.667,1782889163.00755,1782889186.128825,0.31816370969033614,72.6710000038147,23.121274948120117
ses_20260701-065151-CHAITANYA0BCF,20,11,1782889202.615,1782889205.553,1782889186.130779,1782889212.433312,0.11170026756237189,2.937999963760376,26.30253291130066
ses_20260701-065151-CHAITANYA0BCF,21,12,1782889207.578,1782889240.934,1782889212.433312,1782889238.104419,0.769609878128622,33.35599994659424,25.671107053756714
ses_20260701-065151-CHAITANYA0BCF,22,13,1782889245.583,1782889257.568,1782889238.104751,1782889298.05334,0.19992130530177532,11.985000133514404,59.948588848114014
ses_20260701-065151-CHAITANYA0BCF,25,14,1782889292.895,1782889309.482,1782889298.055137,1782889332.030404,0.2919827571323155,16.587000131607056,33.97526717185974
ses_20260701-065151-CHAITANYA0BCF,27,15,1782889336.928,1782889345.671,1782889332.031428,1782889361.269495,0.29902797804391545,8.743000030517578,29.238066911697388
ses_20260701-065151-CHAITANYA0BCF,29,16,1782889355.544,1782889396.019,1782889361.27037,1782889390.44148,0.7207192047357617,40.47500014305115,29.171109914779663
ses_20260701-065151-CHAITANYA0BCF,31,17,1782889415.076,1782889419.982,1782889390.442534,1782889426.637632,0.1355432204584206,4.906000137329102,36.19509792327881
ses_20260701-065151-CHAITANYA0BCF,32,18,1782889421.611,1782889495.638,1782889426.638169,1782889451.738523,0.339070257784827,74.02699995040894,25.100353956222534
ses_20260701-065151-CHAITANYA0BCF,34,20,1782889502.827,1782889513.791,1782889477.575808,1782889508.265096,0.15016063066307783,10.96399998664856,30.689287900924683
ses_20260701-065151-CHAITANYA0BCF,37,21,1782889572.459,1782889582.98,1782889508.265096,1782889577.790422,0.07135687207901564,10.520999908447266,69.52532601356506
ses_20260701-065151-CHAITANYA0BCF,38,22,1782889594.307,1782889606.164,1782889577.790422,1782889635.687115,0.20479580956936794,11.85700011253357,57.896692991256714
ses_20260701-065151-CHAITANYA0BCF,40,23,1782889629.525,1782889711.547,1782889635.687115,1782889679.803034,0.537854712167279,82.02199983596802,44.11591911315918
ses_20260701-065151-CHAITANYA0BCF,41,25,1782889718.152,1782889721.566,1782889704.288573,1782889728.756029,0.13953228538820198,3.4140000343322754,24.467455863952637
ses_20260701-065151-CHAITANYA0BCF,42,26,1782889723.708,1782889772.4,1782889728.757512,1782889757.210284,0.5843418182460242,48.69200015068054,28.45277190208435
ses_20260701-065151-CHAITANYA0BCF,43,27,1782889774.683,1782889778.19,1782889757.210284,1782889785.915821,0.12217155037424539,3.506999969482422,28.70553708076477
ses_20260701-065151-CHAITANYA0BCF,44,28,1782889780.158,1782889821.745,1782889785.915821,1782889812.771046,0.6457600912969966,41.58699989318848,26.85522484779358
ses_20260701-065151-CHAITANYA0BCF,46,29,1782889834.008,1782889844.448,1782889812.771046,1782889839.14732,0.16224161357460734,10.440000057220459,26.37627410888672
ses_20260701-065151-CHAITANYA0BCF,48,30,1782889868.542,1782889873.835,1782889839.148866,1782889880.686346,0.12742708436010738,5.292999982833862,41.5374801158905
ses_20260701-065151-CHAITANYA0BCF,52,31,1782889915.893,1782889920.509,1782889880.686874,1782889920.886782,0.11482613774629341,4.616000175476074,40.19990801811218
ses_20260701-065151-CHAITANYA0BCF,54,32,1782889931.005,1782889949.14,1782889920.886782,1782889955.766212,0.5199339542402334,18.134999990463257,34.879430055618286
ses_20260701-065151-CHAITANYA0BCF,55,33,1782889950.722,1782889964.207,1782889955.766212,1782889981.22334,0.27673498898355237,13.485000133514404,25.457128047943115
ses_20260701-065151-CHAITANYA0BCF,58,34,1782889985.806,1782890023.739,1782889981.22334,1782890009.845275,0.565421656492663,37.93300008773804,28.62193489074707
ses_20260701-065151-CHAITANYA0BCF,60,35,1782890031.172,1782890036.514,1782890009.845275,1782890036.898091,0.19746557909171272,5.3420000076293945,27.052816152572632
ses_20260701-065151-CHAITANYA0BCF,61,36,1782890042.539,1782890072.993,1782890036.899702,1782890075.554184,0.7878517188399672,30.453999996185303,38.65448188781738
ses_20260701-070320-JAYESH,1,0,1782889452.584,1782889491.473,1782889448.084182,1782889476.188818,0.54402998148873,38.888999938964844,28.1046359539032
ses_20260701-070320-JAYESH,3,1,1782889494.513,1782889497.727,1782889476.188818,1782889504.969605,0.11167172001378117,3.2139999866485596,28.780786991119385
ses_20260701-070320-JAYESH,4,2,1782889499.333,1782889526.804,1782889504.971098,1782889535.177619,0.6090984516502569,27.47099995613098,30.206521034240723
ses_20260701-070320-JAYESH,7,3,1782889540.366,1782889571.939,1782889535.177619,1782889563.421589,0.6271687403839642,31.572999954223633,28.243969917297363
ses_20260701-070320-JAYESH,9,4,1782889583.532,1782889594.102,1782889563.422744,1782889588.978708,0.17753715965680134,10.569999933242798,25.55596399307251
ses_20260701-070320-JAYESH,11,5,1782889618.442,1782889624.693,1782889588.980464,1782889631.275235,0.14779605196199147,6.251000165939331,42.29477095603943
ses_20260701-070320-JAYESH,17,6,1782889664.577,1782889721.223,1782889631.27664,1782889725.957492,0.5982835900368795,56.646000146865845,94.68085217475891
ses_20260701-070320-JAYESH,19,7,1782889725.575,1782889735.081,1782889725.958759,1782889784.729776,0.15420971321253787,9.50600004196167,58.77101683616638
ses_20260701-070320-JAYESH,22,10,1782889784.339,1782889857.695,1782889827.656336,1782889854.714014,0.36885432689809444,73.35599994659424,27.05767798423767
ses_20260701-070320-JAYESH,24,11,1782889912.761,1782889917.736,1782889854.716855,1782889924.603898,0.07118630191727078,4.9750001430511475,69.88704299926758
ses_20260701-070320-JAYESH,25,12,1782889919.582,1782889960.082,1782889924.605192,1782889952.382828,0.6858675568192093,40.5,27.77763605117798
ses_20260701-070320-JAYESH,26,13,1782889960.804,1782889966.104,1782889952.384767,1782889991.627439,0.13505706734883274,5.300000190734863,39.242671966552734
ses_20260701-070320-JAYESH,29,14,1782890033.162,1782890046.661,1782889991.628976,1782890065.816286,0.18195834403548267,13.499000072479248,74.18730998039246
ses_20260701-070320-JAYESH,31,15,1782890053.382,1782890094.403,1782890065.817789,1782890129.638984,0.3748536795042891,41.021000146865845,63.821194887161255
ses_20260701-070320-JAYESH,35,16,1782890131.387,1782890166.64,1782890129.64021,1782890153.315946,0.5926775774844156,35.253000020980835,23.67573618888855
ses_20260701-070320-JAYESH,36,17,1782890178.856,1782890188.161,1782890153.317748,1782890188.470832,0.26469939468900605,9.305000066757202,35.15308403968811
ses_20260701-070320-JAYESH,37,18,1782890193.798,1782890220.787,1782890188.471547,1782890215.455335,0.6701850897567887,26.988999843597412,26.983788013458252
ses_20260701-070320-JAYESH,38,19,1782890226.141,1782890239.287,1782890217.168316,1782890251.977316,0.37766094695867786,13.145999908447266,34.80900001525879
ses_20260701-070320-JAYESH,40,20,1782890245.748,1782890260.424,1782890251.978111,1782890288.581274,0.19718056040425708,14.676000118255615,36.60316300392151
ses_20260701-070320-JAYESH,42,22,1782890283.065,1782890341.712,1782890309.841857,1782890337.956773,0.4793922308870455,58.64699983596802,28.1149160861969
ses_20260701-070320-JAYESH,44,23,1782890357.602,1782890362.277,1782890337.959148,1782890368.999033,0.1506126696563013,4.674999952316284,31.0398850440979
ses_20260701-070320-JAYESH,45,24,1782890364.249,1782890403.115,1782890369.002364,1782890395.439342,0.6802083606376875,38.865999937057495,26.436978101730347
ses_20260701-070320-JAYESH,47,25,1782890415.797,1782890428.88,1782890395.439342,1782890421.430508,0.16846283202359932,13.083000183105469,25.99116587638855
ses_20260701-070320-JAYESH,49,26,1782890475.814,1782890479.71,1782890421.43218,1782890487.063753,0.05936167565468879,3.8960001468658447,65.63157296180725
ses_20260701-070320-JAYESH,50,27,1782890481.481,1782890524.385,1782890487.064786,1782890510.447923,0.5450106508432099,42.90400004386902,23.383136987686157
ses_20260701-070320-JAYESH,51,28,1782890542.402,1782890546.364,1782890512.176453,1782890553.96957,0.09480030287797456,3.9620001316070557,41.79311680793762
ses_20260701-070320-JAYESH,52,29,1782890548.081,1782890570.628,1782890553.970852,1782890584.049803,0.4630998745135473,22.54699993133545,30.078951120376587
ses_20260701-070320-JAYESH,56,30,1782890614.461,1782890620.016,1782890584.051057,1782890626.15416,0.13193802074375305,5.555000066757202,42.103102922439575
ses_20260701-070320-JAYESH,57,31,1782890620.949,1782890642.785,1782890626.156716,1782890655.634093,0.47940721677387227,21.836000204086304,29.47737693786621
ses_20260701-070320-JAYESH,59,32,1782890650.23,1782890664.58,1782890655.635418,1782890692.562834,0.21129183045817318,14.349999904632568,36.9274160861969
ses_20260701-070320-JAYESH,61,33,1782890687.046,1782890700.869,1782890692.564356,1782890727.944295,0.20305599254172274,13.822999954223633,35.37993884086609
ses_20260701-070320-JAYESH,63,34,1782890722.713,1782890753.277,1782890727.946066,1782890753.673996,0.8181563060582807,30.563999891281128,25.727930068969727
ses_20260701-070320-JAYESH,64,35,1782890757.813,1782890768.174,1782890753.675159,1782890796.065428,0.2444193041331952,10.361000061035156,42.3902690410614
ses_20260701-070320-JAYESH,68,36,1782890793.324,1782890821.356,1782890796.067169,1782890838.81091,0.5559584271018226,28.032000064849854,42.743741035461426
ses_20260701-070320-JAYESH,71,37,1782890843.947,1782890856.362,1782890838.811896,1782890881.49048,0.29089531186092743,12.414999961853027,42.67858386039734
ses_20260701-070320-JAYESH,74,40,1782890883.099,1782890950.291,1782890923.179348,1782890950.670005,0.4012320351741245,67.19199991226196,27.490657091140747
ses_20260701-070320-JAYESH,75,41,1782890956.13,1782890967.964,1782890950.671285,1782890988.310526,0.3144059115976629,11.833999872207642,37.639240980148315
ses_20260701-071849-Marcos,2,0,1782890381.446,1782890428.042,1782890376.661215,1782890405.951639,0.47694169801697794,46.59599995613098,29.29042387008667
ses_20260701-071849-Marcos,4,2,1782890470.386,1782890482.179,1782890459.824571,1782890494.047647,0.34459205089019773,11.792999982833862,34.2230761051178
ses_20260701-071849-Marcos,7,3,1782890498.543,1782890532.101,1782890494.048577,1782890518.22129,0.5171363234486878,33.55800008773804,24.172713041305542
ses_20260701-071849-Marcos,9,4,1782890539.19,1782890544.709,1782890518.22129,1782890627.217443,0.0506348151534573,5.519000053405762,108.99615287780762
ses_20260701-071849-Marcos,13,5,1782890687.793,1782890693.113,1782890627.218347,1782890802.203862,0.030402516099201755,5.319999933242798,174.98551487922668
ses_20260701-071849-Marcos,14,6,1782890801.811,1782890821.877,1782890802.204785,1782890822.270955,0.9614984493843759,20.06599998474121,20.06616997718811
ses_20260701-071849-Marcos,16,7,1782890868.654,1782890873.635,1782890822.272174,1782890880.760158,0.08516279055244194,4.980999946594238,58.48798418045044
ses_20260701-071849-Marcos,17,8,1782890875.445,1782890933.746,1782890880.761039,1782890904.619396,0.4092272328823488,58.301000118255615,23.858356952667236
ses_20260701-071849-Marcos,19,10,1782890985.55,1782891002.719,1782890927.634322,1782890991.156454,0.07466841798355882,17.169000148773193,63.52213215827942
ses_20260701-071849-Marcos,20,11,1782891004.771,1782891043.972,1782890991.157119,1782891026.776378,0.41665109633113717,39.20099997520447,35.619258880615234
ses_20260701-071849-Marcos,22,12,1782891051.155,1782891056.641,1782891026.777301,1782891057.027054,0.18135685475957516,5.486000061035156,30.24975299835205
ses_20260701-071849-Marcos,25,13,1782891087.951,1782891092.763,1782891057.028033,1782891099.781126,0.11255326101818872,4.812000036239624,42.753093004226685
ses_20260701-071849-Marcos,26,14,1782891094.402,1782891120.565,1782891099.782361,1782891122.272926,0.7456745039956967,26.163000106811523,22.490565061569214
ses_20260701-071849-Marcos,27,15,1782891173.532,1782891179.548,1782891173.919883,1782891213.02318,0.14251579954345503,6.016000032424927,39.103296995162964
ses_20260701-071849-Marcos,30,16,1782891207.586,1782891249.349,1782891213.02318,1782891245.557411,0.7790204472518575,41.76300001144409,32.53423094749451
ses_20260701-071849-Marcos,31,17,1782891255.493,1782891267.218,1782891245.557411,1782891279.308105,0.3474002606274733,11.724999904632568,33.750694036483765
ses_20260701-071849-Marcos,33,18,1782891273.956,1782891292.755,1782891279.308943,1782891322.578201,0.2765415142489695,18.799000024795532,43.26925802230835
ses_20260701-071849-Marcos,36,19,1782891333.833,1782891346.384,1782891322.579138,1782891358.446018,0.3499328667349949,12.551000118255615,35.86687994003296
ses_20260701-071849-Marcos,38,21,1782891352.891,1782891409.645,1782891382.810654,1782891410.037123,0.4695742191943924,56.75399994850159,27.226469039916992
ses_20260701-071849-Marcos,39,23,1782891415.329,1782891479.195,1782891432.167993,1782891452.562799,0.3193374554270351,63.865999937057495,20.394805908203125
ses_20260701-071849-Marcos,40,25,1782891485.704,1782891489.425,1782891471.067166,1782891497.012404,0.14341745387189556,3.7209999561309814,25.94523787498474
ses_20260701-071849-Marcos,41,26,1782891491.202,1782891518.938,1782891497.013133,1782891568.626476,0.28317746539489114,27.736000061035156,71.61334300041199
ses_20260701-071849-Marcos,42,27,1782891568.235,1782891607.709,1782891568.627674,1782891592.455884,0.6036431511098626,39.474000215530396,23.82820987701416
ses_20260701-071849-Marcos,43,28,1782891609.19,1782891613.33,1782891592.456542,1782891621.292961,0.14356844674660307,4.139999866485596,28.836418867111206
ses_20260701-071849-Marcos,44,29,1782891615.212,1782891655.959,1782891621.293821,1782891658.863881,0.7941279515794646,40.747000217437744,37.57006001472473
ses_20260701-072319-MSI,4,0,1782890696.642,1782890719.601,1782890671.51306,1782890707.863007,0.23334347684480858,22.95900011062622,36.34994697570801
ses_20260701-072319-MSI,6,1,1782890737.607,1782890740.223,1782890707.863783,1782890747.020458,0.06680853086618888,2.615999937057495,39.15667510032654
ses_20260701-072319-MSI,7,4,1782890742.017,1782890830.943,1782890789.689591,1782890818.480139,0.3237584963664184,88.92600011825562,28.790548086166382
ses_20260701-072319-MSI,8,5,1782890849.905,1782890854.203,1782890818.480807,1782890861.078193,0.10089821260502801,4.29800009727478,42.5973858833313
ses_20260701-072319-MSI,9,6,1782890856.11,1782890899.886,1782890861.078882,1782890883.381945,0.5094815173643297,43.776000022888184,22.303062915802002
ses_20260701-072319-MSI,10,7,1782890901.631,1782890905.305,1782890883.381945,1782890912.654112,0.12551171899791008,3.6740000247955322,29.272167205810547
ses_20260701-072319-MSI,11,8,1782890906.837,1782890919.587,1782890912.654906,1782890944.286699,0.18510412669714726,12.75,31.63179302215576
ses_20260701-072319-MSI,13,9,1782890938.728,1782890956.128,1782890944.287557,1782890985.169695,0.25495286381574483,17.40000009536743,40.88213801383972
ses_20260701-072319-MSI,15,10,1782890990.72,1782890999.258,1782890985.170625,1782891028.454197,0.19725728450902486,8.537999868392944,43.28357195854187
ses_20260701-072319-MSI,17,11,1782891022.744,1782891035.76,1782891028.455294,1782891066.890791,0.1654640333822803,13.016000032424927,38.43549704551697
ses_20260701-072319-MSI,19,12,1782891061.181,1782891079.072,1782891066.89204,1782891107.403118,0.2635093449972,17.891000032424927,40.511077880859375
ses_20260701-072319-MSI,20,13,1782891096.716,1782891122.626,1782891107.403736,1782891261.481838,0.09238725700856583,25.90999984741211,154.07810187339783
ses_20260701-072319-MSI,29,14,1782891312.928,1782891338.24,1782891261.482469,1782891332.9551,0.2609138132007811,25.312000036239624,71.47263097763062
ses_20260701-072319-MSI,31,15,1782891359.502,1782891364.108,1782891332.955752,1782891371.027621,0.12098171304049843,4.605999946594238,38.071869134902954
ses_20260701-072319-MSI,32,16,1782891365.791,1782891409.179,1782891371.028242,1782891397.328771,0.6061705770306591,43.38800001144409,26.30052900314331
ses_20260701-072319-MSI,34,17,1782891429.706,1782891434.32,1782891397.329866,1782891434.715882,0.1234151247219878,4.613999843597412,37.38601613044739
ses_20260701-072319-MSI,35,18,1782891439.281,1782891464.708,1782891434.716887,1782891457.146921,0.5957071700474701,25.427000045776367,22.430033922195435
ses_20260701-072319-MSI,37,19,1782891484.001,1782891488.252,1782891459.290462,1782891494.699043,0.12005564876278321,4.251000165939331,35.408581018447876
ses_20260701-072319-MSI,38,20,1782891489.974,1782891557.929,1782891494.699819,1782891518.098009,0.3443188882022565,67.95499992370605,23.398190021514893
ses_20260701-072319-MSI,39,23,1782891562.668,1782891567.121,1782891558.322337,1782891583.163278,0.1792605213496564,4.453000068664551,24.840941190719604
ses_20260701-072319-MSI,41,24,1782891577.722,1782891592.036,1782891583.164101,1782891621.188541,0.2041086986280823,14.314000129699707,38.02444005012512
ses_20260701-072319-MSI,43,25,1782891614.893,1782891630.693,1782891621.189164,1782891657.713548,0.22194569163765498,15.800000190734863,36.52438402175903
ses_20260701-072319-MSI,46,26,1782891662.006,1782891702.581,1782891657.714384,1782891685.558036,0.5249345313090453,40.575000047683716,27.84365200996399
ses_20260701-072319-MSI,47,27,1782891704.168,1782891708.579,1782891685.55892,1782891715.862746,0.14555917789774706,4.41100001335144,30.303826093673706
ses_20260701-072319-MSI,48,28,1782891710.601,1782891743.636,1782891715.862746,1782891744.001208,0.8315293701378706,33.03499984741211,28.13846206665039
ses_20260701-072319-MSI,51,29,1782891763.141,1782891773.143,1782891744.00188,1782891773.540529,0.3386072202291128,10.001999855041504,29.538649082183838
ses_20260701-072319-MSI,52,31,1782891778.78,1782891846.281,1782891803.512822,1782891831.984266,0.42179292396431284,67.50099992752075,28.471444129943848
ses_20260701-072319-MSI,54,32,1782891853.804,1782891864.051,1782891831.984266,1782891866.772551,0.29455318686811804,10.247000217437744,34.78828501701355
ses_20260701-072435-CHAITANYA0BCF,1,0,1782890728.637,1782890730.574,1782890729.035438,1782890753.403285,0.06212323828737682,1.936999797821045,24.367846965789795
ses_20260701-072435-CHAITANYA0BCF,2,1,1782890733.369,1782890783.993,1782890753.40486,1782890776.724192,0.46063787632343295,50.62400007247925,23.319331884384155
ses_20260701-072435-CHAITANYA0BCF,5,2,1782890796.051,1782890804.779,1782890776.726216,1782890801.613447,0.19828502010302332,8.727999925613403,24.88723087310791
ses_20260701-072435-CHAITANYA0BCF,6,3,1782890821.687,1782890833.945,1782890801.614116,1782890862.417672,0.2016000495756166,12.257999897003174,60.803555965423584
ses_20260701-072435-CHAITANYA0BCF,9,4,1782890873.828,1782890892.475,1782890862.417672,1782890899.891981,0.4975942278774208,18.646999835968018,37.47430896759033
ses_20260701-072435-CHAITANYA0BCF,10,5,1782890894.134,1782890965.212,1782890899.891981,1782890925.190951,0.3559325006738248,71.07799983024597,25.298970222473145
ses_20260701-072435-CHAITANYA0BCF,11,8,1782890970.684,1782891005.732,1782890965.59666,1782890989.768939,0.4755145689892572,35.04800009727478,24.172279119491577
ses_20260701-072435-CHAITANYA0BCF,12,9,1782891007.821,1782891011.906,1782890989.770549,1782891018.622009,0.14158728198013493,4.0849997997283936,28.851459980010986
ses_20260701-072435-CHAITANYA0BCF,13,10,1782891013.483,1782891042.054,1782891018.622009,1782891055.647461,0.5557284585918234,28.57099986076355,37.02545189857483
ses_20260701-072435-CHAITANYA0BCF,14,11,1782891053.096,1782891108.753,1782891055.653731,1782891091.659668,0.6469255766405875,55.65700006484985,36.00593686103821
ses_20260701-072435-CHAITANYA0BCF,15,12,1782891110.491,1782891114.625,1782891091.662514,1782891150.05778,0.07079341087295964,4.134000062942505,58.39526605606079
ses_20260701-072435-CHAITANYA0BCF,17,13,1782891154.016,1782891177.021,1782891150.05778,1782891178.65106,0.8045596662602843,23.00499987602234,28.59328007698059
ses_20260701-072435-CHAITANYA0BCF,18,14,1782891203.983,1782891248.713,1782891204.34828,1782891230.909117,0.5938036445134107,44.730000019073486,26.560837030410767
ses_20260701-072435-CHAITANYA0BCF,19,15,1782891250.173,1782891254.043,1782891230.909117,1782891261.533316,0.12637064879576979,3.869999885559082,30.62419891357422
ses_20260701-072435-CHAITANYA0BCF,20,16,1782891255.916,1782891285.597,1782891261.533316,1782891284.057909,0.7588892934603048,29.680999994277954,22.524593114852905
ses_20260701-072435-CHAITANYA0BCF,21,17,1782891290.598,1782891294.163,1782891285.989521,1782891316.015737,0.11872958129803046,3.565000057220459,30.02621603012085
ses_20260701-072435-CHAITANYA0BCF,23,19,1782891304.249,1782891371.715,1782891338.430951,1782891363.475395,0.3712157813493619,67.46599984169006,25.0444438457489
ses_20260701-072435-CHAITANYA0BCF,25,20,1782891412.929,1782891416.223,1782891363.476917,1782891423.856574,0.054554800586740476,3.2940001487731934,60.37965703010559
ses_20260701-072435-CHAITANYA0BCF,26,21,1782891418.014,1782891447.588,1782891423.856574,1782891487.920721,0.33947273770025066,29.574000120162964,64.06414699554443
ses_20260701-072435-CHAITANYA0BCF,27,22,1782891488.844,1782891501.644,1782891487.922313,1782891515.102529,0.47093076513711957,12.799999952316284,27.180216073989868
ses_20260701-072435-CHAITANYA0BCF,31,23,1782891537.508,1782891550.255,1782891515.104298,1782891578.713421,0.20039578629513105,12.747000217437744,63.60912299156189
ses_20260701-072435-CHAITANYA0BCF,33,24,1782891572.895,1782891604.006,1782891578.713421,1782891636.980115,0.39467166366210565,31.111000061035156,58.26669383049011
ses_20260701-072435-CHAITANYA0BCF,35,25,1782891640.835,1782891653.736,1782891636.980115,1782891697.860086,0.2119087740217113,12.901000022888184,60.87997102737427
ses_20260701-072435-CHAITANYA0BCF,39,26,1782891706.517,1782891726.632,1782891697.861649,1782891733.583645,0.5630984329853402,20.115000009536743,35.72199606895447
ses_20260701-072435-CHAITANYA0BCF,40,27,1782891728.462,1782891745.134,1782891733.583645,1782891770.259856,0.27633845458561906,16.67200016975403,36.67621088027954
ses_20260701-072435-CHAITANYA0BCF,43,28,1782891781.088,1782891799.658,1782891770.261172,1782891806.564911,0.5115175607376258,18.569999933242798,36.303738832473755
ses_20260701-072435-CHAITANYA0BCF,46,29,1782891828.718,1782891832.69,1782891806.564911,1782891840.157697,0.1182396754278689,3.9720001220703125,33.59278607368469
ses_20260701-072435-CHAITANYA0BCF,47,30,1782891834.344,1782891866.07,1782891840.159293,1782891946.211628,0.23161934773077764,31.72599983215332,106.05233502388
ses_20260701-072435-CHAITANYA0BCF,49,31,1782891943.769,1782891958.132,1782891946.214246,1782891986.250448,0.28054020082051023,14.36299991607666,40.03620195388794
ses_20260701-072435-CHAITANYA0BCF,52,32,1782891996.125,1782892009.896,1782891986.250448,1782892022.368983,0.3812723825179127,13.770999908447266,36.11853504180908
ses_20260701-072435-CHAITANYA0BCF,54,33,1782892016.742,1782892056.46,1782892022.369651,1782892048.899845,0.6679639923715179,39.71799993515015,26.53019380569458
ses_20260701-072435-CHAITANYA0BCF,56,34,1782892068.075,1782892078.645,1782892048.899845,1782892081.320371,0.3260280207735841,10.569999933242798,32.42052602767944
ses_20260701-074424-SIDDHIGUPTAB00B,1,0,1782891912.408,1782891914.979,1782891912.997793,1782891939.656514,0.07270881402634985,2.571000099182129,26.65872097015381
ses_20260701-074424-SIDDHIGUPTAB00B,2,1,1782891918.437,1782891992.19,1782891939.662172,1782891970.386051,0.41657802193447696,73.75300002098083,30.723878860473633
ses_20260701-074424-SIDDHIGUPTAB00B,3,3,1782892023.884,1782892041.407,1782892023.383708,1782892055.259523,0.5497271222334933,17.52300000190735,31.87581491470337
ses_20260701-074424-SIDDHIGUPTAB00B,6,4,1782892060.604,1782892073.889,1782892055.261277,1782892075.60631,0.6529849272240916,13.28499984741211,20.345032930374146
ses_20260701-074424-SIDDHIGUPTAB00B,11,5,1782892175.586,1782892189.467,1782892103.531923,1782892188.960688,0.155637123080394,13.88100004196167,85.42876505851746
ses_20260701-074424-SIDDHIGUPTAB00B,12,6,1782892189.781,1782892204.818,1782892188.968251,1782892218.958385,0.5013982324620685,15.037000179290771,29.9901340007782
ses_20260701-074424-SIDDHIGUPTAB00B,14,7,1782892212.437,1782892225.105,1782892218.960136,1782892275.385712,0.09761699484528863,12.667999982833862,56.425575971603394
ses_20260701-074424-SIDDHIGUPTAB00B,22,8,1782892301.502,1782892331.057,1782892275.388647,1782892331.605242,0.5257344359400177,29.554999828338623,56.2165949344635
ses_20260701-074424-SIDDHIGUPTAB00B,23,9,1782892332.236,1782892355.663,1782892331.624947,1782892355.292923,0.9591842932670198,23.427000045776367,23.667975902557373
ses_20260701-074424-SIDDHIGUPTAB00B,24,10,1782892355.694,1782892363.093,1782892355.294558,1782892382.022387,0.2768275693138125,7.398999929428101,26.727828979492188
ses_20260701-074424-SIDDHIGUPTAB00B,27,11,1782892383.88,1782892445.387,1782892382.027509,1782892407.379888,0.37089767502275933,61.50699996948242,25.352379083633423
ses_20260701-074424-SIDDHIGUPTAB00B,28,13,1782892447.463,1782892451.43,1782892430.174603,1782892458.887125,0.1381627153303199,3.9670000076293945,28.71252202987671
ses_20260701-074424-SIDDHIGUPTAB00B,29,15,1782892453.501,1782892509.599,1782892482.045487,1782892509.988162,0.48778363117034035,56.098000049591064,27.94267511367798
ses_20260701-074424-SIDDHIGUPTAB00B,30,16,1782892514.817,1782892528.666,1782892509.989703,1782892541.928836,0.43360600629277907,13.848999977111816,31.939133167266846
ses_20260701-074424-SIDDHIGUPTAB00B,32,17,1782892536.787,1782892598.644,1782892541.935809,1782892567.741614,0.41718488060125003,61.85700011253357,25.805805206298828
ses_20260701-074424-SIDDHIGUPTAB00B,33,19,1782892604.203,1782892608.125,1782892588.344281,1782892615.805279,0.14282073517525742,3.921999931335449,27.460998058319092
ses_20260701-074424-SIDDHIGUPTAB00B,34,20,1782892609.935,1782892637.911,1782892615.80753,1782892783.113708,0.12763387793198186,27.9760000705719,167.30617809295654
ses_20260701-074424-SIDDHIGUPTAB00B,35,21,1782892782.637,1782892796.956,1782892783.121679,1782892898.407143,0.11949817681576942,14.319000005722046,115.28546404838562
ses_20260701-074424-SIDDHIGUPTAB00B,41,23,1782892899.537,1782892953.295,1782892921.86647,1782892947.66928,0.47998083799043356,53.75800013542175,25.802809953689575
ses_20260701-074424-SIDDHIGUPTAB00B,43,24,1782892978.519,1782892983.042,1782892947.670865,1782892989.84452,0.10724704791074499,4.523000001907349,42.17365503311157
ses_20260701-074424-SIDDHIGUPTAB00B,44,25,1782892984.616,1782892997.737,1782892989.861974,1782893058.68173,0.10632482765691863,13.121000051498413,68.81975603103638
ses_20260701-074424-SIDDHIGUPTAB00B,49,26,1782893085.702,1782893092.903,1782893058.683976,1782893096.179003,0.19205214070352422,7.201000213623047,37.4950270652771
ses_20260701-074424-SIDDHIGUPTAB00B,52,27,1782893125.358,1782893129.017,1782893096.183704,1782893136.415614,0.09094770595710171,3.6589999198913574,40.23190999031067
ses_20260701-074424-SIDDHIGUPTAB00B,53,28,1782893130.717,1782893181.645,1782893136.418556,1782893165.779015,0.5765091718636827,50.92799997329712,29.360459089279175
ses_20260701-074424-SIDDHIGUPTAB00B,55,29,1782893189.816,1782893195.653,1782893165.779015,1782893196.019722,0.19301797894236047,5.837000131607056,30.24070692062378
ses_20260701-074424-SIDDHIGUPTAB00B,59,30,1782893260.469,1782893273.219,1782893196.024314,1782893275.604126,0.16021651310272872,12.75,79.57981204986572
ses_20260701-075548-CHAITANYA0BCF,1,0,1782892599.974,1782892647.374,1782892602.27015,1782892626.84943,0.5185502128388807,47.40000009536743,24.579280138015747
ses_20260701-075548-CHAITANYA0BCF,2,2,1782892652.737,1782892656.427,1782892647.709689,1782892673.711393,0.14191377713424466,3.690000057220459,26.001704216003418
ses_20260701-075548-CHAITANYA0BCF,5,3,1782892667.338,1782892722.644,1782892673.718046,1782892699.644034,0.46877351393321565,55.305999994277954,25.92598795890808
ses_20260701-075548-CHAITANYA0BCF,6,6,1782892727.342,1782892777.191,1782892747.356083,1782892773.322581,0.520903090301569,49.848999977111816,25.966498136520386
ses_20260701-075548-CHAITANYA0BCF,7,7,1782892781.285,1782892795.367,1782892773.322581,1782892807.595773,0.4108750666233347,14.082000017166138,34.273191928863525
ses_20260701-075548-CHAITANYA0BCF,10,8,1782892804.307,1782892840.21,1782892807.596301,1782892836.382615,0.8017801831973479,35.90300011634827,28.786314010620117
ses_20260701-075548-CHAITANYA0BCF,12,9,1782892857.71,1782892862.216,1782892836.384332,1782892869.013482,0.13809737676103614,4.50600004196167,32.62915015220642
ses_20260701-075548-CHAITANYA0BCF,13,10,1782892864.021,1782892875.916,1782892869.013482,1782892909.778355,0.15085045451976442,11.894999980926514,40.764872789382935
ses_20260701-075548-CHAITANYA0BCF,16,12,1782892914.87,1782892974.958,1782892938.773482,1782892962.304504,0.3916093364775795,60.08800005912781,23.5310218334198
ses_20260701-075548-CHAITANYA0BCF,17,13,1782892988.316,1782892991.814,1782892963.875114,1782893093.010769,0.027087793131465403,3.497999906539917,129.13565492630005
ses_20260701-075548-CHAITANYA0BCF,24,14,1782893117.945,1782893122.537,1782893093.010769,1782893130.337939,0.12302030909910999,4.5920000076293945,37.3271701335907
ses_20260701-075548-CHAITANYA0BCF,25,15,1782893124.402,1782893159.014,1782893130.339451,1782893153.719882,0.6755007206906231,34.61199998855591,23.380430936813354
ses_20260701-075548-CHAITANYA0BCF,26,16,1782893162.158,1782893179.391,1782893153.719882,1782893187.49267,0.5102628783761823,17.23300004005432,33.77278804779053
ses_20260701-075548-CHAITANYA0BCF,27,17,1782893181.234,1782893220.118,1782893187.49464,1782893216.323092,0.7413962510340143,38.884000062942505,28.82845187187195
ses_20260701-075548-CHAITANYA0BCF,29,18,1782893239.997,1782893244.298,1782893216.325247,1782893251.089425,0.12371930996321547,4.301000118255615,34.76417803764343
ses_20260701-075548-CHAITANYA0BCF,30,19,1782893246.017,1782893280.995,1782893251.089937,1782893281.276208,0.8481490266167054,34.9779999256134,30.18627095222473
ses_20260701-075548-CHAITANYA0BCF,31,20,1782893286.118,1782893302.359,1782893281.277743,1782893302.728546,0.7571278374139063,16.240999937057495,21.45080280303955
ses_20260701-075548-CHAITANYA0BCF,35,21,1782893335.867,1782893348.424,1782893302.728546,1782893341.169841,0.11604745045547331,12.556999921798706,38.44129514694214
ses_20260701-075548-CHAITANYA0BCF,36,22,1782893365.863,1782893377.219,1782893341.169841,1782893377.618645,0.3115602974420726,11.356000185012817,36.44880390167236
ses_20260701-075548-CHAITANYA0BCF,37,23,1782893382.8,1782893394.519,1782893377.621174,1782893416.401482,0.3021894539520766,11.719000101089478,38.78030800819397
ses_20260701-075604-LAPTOP-0IM1OHQH,1,0,1782892609.662,1782892642.714,1782892603.819199,1782892632.249229,0.5807261765060854,33.05200004577637,28.43002986907959
ses_20260701-075604-LAPTOP-0IM1OHQH,4,1,1782892653.916,1782892659.068,1782892632.251773,1782892659.461211,0.18934607240956017,5.152000188827515,27.20943784713745
ses_20260701-075604-LAPTOP-0IM1OHQH,5,2,1782892664.907,1782892694.116,1782892659.463319,1782892688.323232,0.6757408454451724,29.20899987220764,28.859912872314453
ses_20260701-075604-LAPTOP-0IM1OHQH,7,3,1782892718.853,1782892722.984,1782892688.325444,1782892729.492663,0.10034683298940611,4.13100004196167,41.167218923568726
ses_20260701-075604-LAPTOP-0IM1OHQH,8,4,1782892724.074,1782892752.038,1782892729.508493,1782892748.392327,0.6752908729661589,27.96400022506714,18.88383412361145
ses_20260701-075604-LAPTOP-0IM1OHQH,10,5,1782892788.354,1782892800.817,1782892748.395632,1782892798.739289,0.1981117504759708,12.462999820709229,50.34365701675415
ses_20260701-075604-LAPTOP-0IM1OHQH,13,6,1782892822.786,1782892828.322,1782892798.756007,1782892835.182148,0.1519787673846453,5.53600001335144,36.426141023635864
ses_20260701-075604-LAPTOP-0IM1OHQH,15,7,1782892836.205,1782892875.546,1782892835.184369,1782892858.585127,0.5544901601669808,39.34100008010864,23.400758028030396
ses_20260701-075604-LAPTOP-0IM1OHQH,17,8,1782892879.301,1782892883.389,1782892858.58758,1782892888.629909,0.13607466354496925,4.0879998207092285,30.04232907295227
ses_20260701-075604-LAPTOP-0IM1OHQH,18,9,1782892884.401,1782892896.833,1782892889.839096,1782892927.764075,0.1612870829031203,12.431999921798706,37.92497897148132
ses_20260701-075604-LAPTOP-0IM1OHQH,19,10,1782892918.226,1782892943.202,1782892927.780784,1782892957.964409,0.38806827909515484,24.97599983215332,30.18362522125244
ses_20260701-075604-LAPTOP-0IM1OHQH,22,11,1782892951.793,1782892971.602,1782892957.984537,1782893006.559884,0.2486441092735603,19.80900001525879,48.57534718513489
ses_20260701-075604-LAPTOP-0IM1OHQH,23,12,1782892995.223,1782893022.463,1782893006.56238,1782893070.81048,0.2103604984492813,27.240000009536743,64.24810004234314
ses_20260701-075604-LAPTOP-0IM1OHQH,30,13,1782893098.035,1782893102.203,1782893070.812611,1782893110.562371,0.10485597880363857,4.167999982833862,39.749759912490845
ses_20260701-075604-LAPTOP-0IM1OHQH,31,14,1782893104.158,1782893132.767,1782893110.5789,1782893159.097242,0.4038661438183014,28.608999967575073,48.51834201812744
ses_20260701-075604-LAPTOP-0IM1OHQH,32,15,1782893158.589,1782893164.498,1782893159.114164,1782893208.369221,0.10815210712140394,5.908999919891357,49.255056858062744
ses_20260701-075604-LAPTOP-0IM1OHQH,36,16,1782893203.708,1782893234.94,1782893208.371748,1782893257.213279,0.4965538457386857,31.23200011253357,48.8415310382843
ses_20260701-075604-LAPTOP-0IM1OHQH,38,17,1782893262.07,1782893273.296,1782893257.230364,1782893287.241257,0.37406418129352775,11.2260000705719,30.010892868041992
ses_20260701-075604-LAPTOP-0IM1OHQH,42,18,1782893326.479,1782893344.749,1782893287.24435,1782893337.783926,0.1965915086133211,18.269999980926514,50.539576053619385
ses_20260701-075604-LAPTOP-0IM1OHQH,44,19,1782893356.303,1782893369.637,1782893337.803021,1782893362.159117,0.1839580589734142,13.33400011062622,24.356096029281616
ses_20260701-075604-LAPTOP-0IM1OHQH,46,20,1782893396.369,1782893401.807,1782893362.162207,1782893402.197716,0.13582941955071565,5.437999963760376,40.03550910949707
ses_20260701-075604-LAPTOP-0IM1OHQH,49,21,1782893429.729,1782893433.477,1782893402.200017,1782893439.702925,0.09993891426762058,3.747999906539917,37.5029079914093
ses_20260701-075604-LAPTOP-0IM1OHQH,50,24,1782893434.191,1782893517.94,1782893479.31546,1782893502.345183,0.2749850494820254,83.74900007247925,23.029722929000854
ses_20260701-075604-LAPTOP-0IM1OHQH,51,25,1782893519.555,1782893523.959,1782893502.347996,1782893530.735945,0.15513625325453537,4.4040000438690186,28.387948989868164
ses_20260701-075604-LAPTOP-0IM1OHQH,52,26,1782893525.461,1782893573.9,1782893530.735945,1782893554.549058,0.4916103327980585,48.43900012969971,23.81311297416687
ses_20260701-075604-LAPTOP-0IM1OHQH,55,27,1782893582.35,1782893587.037,1782893554.551547,1782893587.432256,0.14254558944601134,4.687000036239624,32.88070893287659
ses_20260701-075604-LAPTOP-0IM1OHQH,56,28,1782893592.175,1782893632.811,1782893587.435359,1782893616.538167,0.5369217151059031,40.63600015640259,29.102807998657227
ses_20260701-075604-LAPTOP-0IM1OHQH,58,29,1782893640.627,1782893646.128,1782893616.538167,1782893646.369588,0.18440287997843513,5.500999927520752,29.8314208984375
ses_20260701-075604-LAPTOP-0IM1OHQH,59,30,1782893651.805,1782893680.963,1782893646.390311,1782893683.963969,0.7760223931488738,29.157999992370605,37.57365798950195
ses_20260701-081120-SIDDHIGUPTAB00B,2,0,1782893534.047,1782893566.066,1782893528.126505,1782893554.89243,0.5494387863651615,32.01900005340576,26.76592516899109
ses_20260701-081120-SIDDHIGUPTAB00B,4,1,1782893581.375,1782893583.074,1782893554.896645,1782893592.083056,0.04568872984633206,1.6989998817443848,37.186410903930664
ses_20260701-081120-SIDDHIGUPTAB00B,5,2,1782893586.085,1782893599.942,1782893592.084768,1782893634.358006,0.16276657520596635,13.85699987411499,42.27323794364929
ses_20260701-081120-SIDDHIGUPTAB00B,8,3,1782893628.93,1782893644.743,1782893634.358006,1782893667.364836,0.2701974337577808,15.812999963760376,33.00682997703552
ses_20260701-081120-SIDDHIGUPTAB00B,10,4,1782893661.513,1782893732.214,1782893667.365999,1782893695.449978,0.3972218093045443,70.70099997520447,28.08397912979126
ses_20260701-081120-SIDDHIGUPTAB00B,12,6,1782893748.296,1782893752.594,1782893720.801122,1782894865.625658,0.003754287195811099,4.29800009727478,1144.8245360851288
ses_20260701-081120-SIDDHIGUPTAB00B,14,7,1782894866.959,1782894910.102,1782894865.638371,1782894898.570563,0.7109532818853448,43.14299988746643,32.93219208717346
ses_20260701-081120-SIDDHIGUPTAB00B,15,8,1782894923.811,1782894926.751,1782894898.573242,1782894996.857626,0.029913193721967796,2.93999981880188,98.28438401222229
ses_20260701-081120-SIDDHIGUPTAB00B,19,9,1782894994.179,1782895045.987,1782894996.860081,1782895027.468102,0.5907971928863089,51.80800008773804,30.608021020889282
ses_20260701-081120-SIDDHIGUPTAB00B,20,10,1782895048.461,1782895048.731,1782895027.469272,1782895058.8501,0.008603978827560548,0.26999998092651367,31.380828142166138
ses_20260701-081120-SIDDHIGUPTAB00B,21,11,1782895060.63,1782895097.333,1782895058.8501,1782895078.179239,0.4560269357006845,36.70299983024597,19.32913899421692
ses_20260701-081120-SIDDHIGUPTAB00B,22,13,1782895130.129,1782895143.755,1782895132.483424,1782895168.08279,0.2969815710413937,13.626000165939331,35.59936594963074
ses_20260701-081120-SIDDHIGUPTAB00B,25,14,1782895214.063,1782895237.063,1782895168.08279,1782895231.987513,0.2598500799645115,23.0,63.904723167419434
ses_20260701-081120-SIDDHIGUPTAB00B,27,15,1782895669.501,1782895691.983,1782895232.017574,1782895693.680083,0.04869791173417651,22.48200011253357,461.6625089645386
ses_20260701-081120-SIDDHIGUPTAB00B,28,16,1782895718.426,1782895758.526,1782895717.144255,1782895744.833329,0.6381395656525081,40.09999990463257,27.68907403945923
ses_20260701-081120-SIDDHIGUPTAB00B,29,17,1782895774.739,1782895778.344,1782895744.838493,1782895785.866968,0.0878658062715378,3.6050000190734863,41.02847480773926
ses_20260701-081120-SIDDHIGUPTAB00B,30,18,1782895780.248,1782895795.141,1782895785.870167,1782895822.468613,0.21958072979262752,14.89300012588501,36.598445892333984
ses_20260701-081120-SIDDHIGUPTAB00B,32,20,1782895815.886,1782895883.085,1782895845.068594,1782895869.596363,0.3650019947452402,67.19900012016296,24.527769088745117
ses_20260701-081120-SIDDHIGUPTAB00B,33,21,1782895885.031,1782895888.982,1782895869.602696,1782895896.61906,0.14624470559214642,3.951000213623047,27.016364097595215
ses_20260701-081120-SIDDHIGUPTAB00B,34,22,1782895891.017,1782895914.174,1782895896.625342,1782895941.40037,0.3483025879272964,23.157000064849854,44.77502799034119
ses_20260701-081120-SIDDHIGUPTAB00B,35,23,1782895941.105,1782895971.408,1782895941.404669,1782895971.778558,0.9781496802277627,30.30299997329712,30.373888969421387
ses_20260701-081120-SIDDHIGUPTAB00B,36,24,1782895976.567,1782896006.694,1782895971.780197,1782896001.221216,0.7061452451935243,30.127000093460083,29.44101905822754
ses_20260701-081120-SIDDHIGUPTAB00B,39,25,1782896032.163,1782896036.871,1782896001.222519,1782896057.171437,0.08414818559888908,4.70799994468689,55.94891810417175
ses_20260701-081120-SIDDHIGUPTAB00B,40,26,1782896054.232,1782896065.323,1782896057.171437,1782896093.86136,0.20569504370665767,11.090999841690063,36.68992304801941
ses_20260701-081120-SIDDHIGUPTAB00B,41,27,1782896084.971,1782896109.407,1782896093.868883,1782896174.012001,0.1745051940298549,24.436000108718872,80.14311814308167
ses_20260701-081120-SIDDHIGUPTAB00B,45,28,1782896178.763,1782896214.267,1782896174.015772,1782896198.714469,0.49567354854574847,35.50399994850159,24.698696851730347
ses_20260701-081120-SIDDHIGUPTAB00B,46,29,1782896215.935,1782896219.654,1782896198.716046,1782896227.797567,0.12788189885942106,3.7190001010894775,29.081520795822144
ses_20260701-081120-SIDDHIGUPTAB00B,47,30,1782896221.797,1782896272.246,1782896227.797567,1782896275.983604,0.8202845327219979,50.449000120162964,48.18603706359863
ses_20260701-081732-CHAITANYA0BCF,2,0,1782893912.232,1782893950.099,1782893906.72967,1782893928.864436,0.3835068659289661,37.86699986457825,22.13476586341858
ses_20260701-081732-CHAITANYA0BCF,5,2,1782894009.239,1782894014.987,1782893982.573677,1782894022.457073,0.14412012255608364,5.747999906539917,39.88339591026306
ses_20260701-081732-CHAITANYA0BCF,6,3,1782894017.078,1782894026.399,1782894022.458129,1782894061.13379,0.08945182925979228,9.32099986076355,38.67566108703613
ses_20260701-081732-CHAITANYA0BCF,9,4,1782894055.112,1782894111.287,1782894061.135424,1782894092.967785,0.5666641924328536,56.174999952316284,31.832360982894897
ses_20260701-081732-CHAITANYA0BCF,10,5,1782894113.741,1782894117.118,1782894092.970961,1782894123.695975,0.10991044940162939,3.377000093460083,30.725013971328735
ses_20260701-081732-CHAITANYA0BCF,11,6,1782894118.832,1782894166.923,1782894123.695975,1782894150.895221,0.5655787129485824,48.09100008010864,27.199245929718018
ses_20260701-081732-CHAITANYA0BCF,13,7,1782894175.28,1782894181.175,1782894150.896637,1782894181.547922,0.19232472615079338,5.894999980926514,30.65128493309021
ses_20260701-081732-CHAITANYA0BCF,14,9,1782894186.962,1782894230.289,1782894206.695926,1782894231.498692,0.5297446430876983,43.3270001411438,24.80276608467102
ses_20260701-081732-CHAITANYA0BCF,17,10,1782894333.532,1782894345.707,1782894328.033743,1782894359.734629,0.38405866473398087,12.174999952316284,31.700886011123657
ses_20260701-081732-CHAITANYA0BCF,19,11,1782894354.563,1782894398.142,1782894359.736021,1782894389.050127,0.6726658709496511,43.5789999961853,29.314105987548828
ses_20260701-081732-CHAITANYA0BCF,21,12,1782894408.452,1782894418.364,1782894389.050127,1782894414.435385,0.20411445036020157,9.912000179290771,25.385257959365845
ses_20260701-081732-CHAITANYA0BCF,23,13,1782894440.425,1782894445.501,1782894414.436982,1782894451.776499,0.13594176805663857,5.075999975204468,37.33951711654663
ses_20260701-081732-CHAITANYA0BCF,24,14,1782894446.943,1782894456.754,1782894451.777606,1782894520.923173,0.06726658974747397,9.810999870300293,69.14556694030762
ses_20260701-081732-CHAITANYA0BCF,27,15,1782894515.815,1782894574.769,1782894520.924265,1782894546.220488,0.42908408530789366,58.9539999961853,25.296223163604736
ses_20260701-081732-CHAITANYA0BCF,29,17,1782894596.467,1782894601.379,1782894571.177968,1782894608.380815,0.13203290437294785,4.911999940872192,37.20284700393677
ses_20260701-081732-CHAITANYA0BCF,31,18,1782894603.894,1782894615.732,1782894608.380815,1782894641.845813,0.19369786330807245,11.838000059127808,33.46499800682068
ses_20260701-081732-CHAITANYA0BCF,37,19,1782894697.875,1782894718.394,1782894641.846395,1782894735.295933,0.21957304973575706,20.51900005340576,93.44953799247742
ses_20260701-081732-CHAITANYA0BCF,39,20,1782894734.804,1782894741.448,1782894735.295933,1782894798.845128,0.09606431246490238,6.644000053405762,63.54919505119324
ses_20260701-081732-CHAITANYA0BCF,43,21,1782894807.645,1782894846.45,1782894798.846714,1782894825.226477,0.3693332623402535,38.8050000667572,26.379762887954712
ses_20260701-081732-CHAITANYA0BCF,44,22,1782894882.915,1782894891.72,1782894825.228508,1782894891.408936,0.127744705407467,8.805000066757202,66.18042802810669
ses_20260701-081732-CHAITANYA0BCF,45,23,1782894897.157,1782894927.127,1782894891.411417,1782894912.16865,0.4203109273304625,29.97000002861023,20.757232904434204
ses_20260701-081732-CHAITANYA0BCF,46,24,1782894929.361,1782894933.288,1782894912.169066,1782894941.029935,0.1360665908982127,3.927000045776367,28.86086893081665
ses_20260701-081732-CHAITANYA0BCF,47,25,1782894935.207,1782894964.442,1782894941.029935,1782894997.368153,0.376634986158267,29.234999895095825,56.338218212127686
ses_20260701-083656-LAPTOP-0IM1OHQH,1,0,1782895056.686,1782895102.457,1782895055.511261,1782895084.335255,0.5889619669364826,45.770999908447266,28.823993921279907
ses_20260701-083656-LAPTOP-0IM1OHQH,2,1,1782895104.879,1782895108.926,1782895084.337817,1782895116.152632,0.1272048938240169,4.047000169754028,31.814815044403076
ses_20260701-083656-LAPTOP-0IM1OHQH,3,3,1782895110.776,1782895165.533,1782895137.321455,1782895165.772464,0.5129701608330783,54.75699996948242,28.451009035110474
ses_20260701-083656-LAPTOP-0IM1OHQH,4,4,1782895170.919,1782895193.593,1782895165.791029,1782895192.370941,0.7715978498501302,22.674000024795532,26.579911947250366
ses_20260701-083656-LAPTOP-0IM1OHQH,5,5,1782895200.039,1782895211.97,1782895193.989969,1782895224.947221,0.3854024247504273,11.930999994277954,30.957252025604248
ses_20260701-083656-LAPTOP-0IM1OHQH,10,6,1782895262.069,1782895272.74,1782895224.963615,1782895276.451508,0.2072526056202333,10.671000003814697,51.48789310455322
ses_20260701-083656-LAPTOP-0IM1OHQH,11,7,1782895272.763,1782895302.465,1782895276.453394,1782895302.856628,0.8643559373694362,29.70199990272522,26.403234004974365
ses_20260701-083656-LAPTOP-0IM1OHQH,12,8,1782895308.156,1782895320.289,1782895302.858939,1782895333.574949,0.3950057347426985,12.133000135421753,30.716010093688965
ses_20260701-083656-LAPTOP-0IM1OHQH,14,9,1782895327.582,1782895342.426,1782895333.593928,1782895367.509786,0.22120114667961296,14.844000101089478,33.915857791900635
ses_20260701-083656-LAPTOP-0IM1OHQH,16,12,1782895361.505,1782895443.837,1782895414.334817,1782895444.213004,0.35670287680130724,82.33199977874756,29.87818717956543
ses_20260701-083656-LAPTOP-0IM1OHQH,19,13,1782895465.353,1782895470.5,1782895444.215528,1782895580.379208,0.03780009523458196,5.147000074386597,136.16368007659912
ses_20260701-083656-LAPTOP-0IM1OHQH,23,14,1782895579.976,1782895582.026,1782895580.396705,1782895602.251339,0.07314344885535831,2.049999952316284,21.854634046554565
ses_20260701-083656-LAPTOP-0IM1OHQH,24,15,1782895586.748,1782895634.611,1782895602.255249,1782895625.018772,0.4755974926333601,47.86300015449524,22.76352286338806
ses_20260701-083656-LAPTOP-0IM1OHQH,25,16,1782895650.795,1782895656.006,1782895625.034344,1782895663.432703,0.13570892332888956,5.210999965667725,38.398359060287476
ses_20260701-083656-LAPTOP-0IM1OHQH,26,17,1782895657.221,1782895672.121,1782895663.435336,1782895703.452086,0.1878749708707353,14.900000095367432,40.0167498588562
ses_20260701-083656-LAPTOP-0IM1OHQH,30,18,1782895708.037,1782895728.748,1782895703.454391,1782895744.508851,0.5044762479183035,20.710999965667725,41.05446004867554
ses_20260701-083656-LAPTOP-0IM1OHQH,31,19,1782895742.456,1782895770.681,1782895744.525429,1782895766.772587,0.7882075509550555,28.22499990463257,22.24715805053711
ses_20260701-083656-LAPTOP-0IM1OHQH,34,20,1782895792.292,1782895797.779,1782895766.796161,1782895798.175827,0.1748584568368771,5.486999988555908,31.379666090011597
ses_20260701-083656-LAPTOP-0IM1OHQH,35,22,1782895803.11,1782895847.807,1782895826.056375,1782895848.196871,0.48241593044027253,44.69700002670288,22.140496015548706
ses_20260701-083656-LAPTOP-0IM1OHQH,37,23,1782895876.591,1782895880.02,1782895848.19914,1782895887.744659,0.0867102012656873,3.428999900817871,39.54551887512207
ses_20260701-083656-LAPTOP-0IM1OHQH,38,24,1782895882.261,1782895910.148,1782895887.761447,1782895910.542017,0.7915752463073363,27.88700008392334,22.780570030212402
ses_20260701-083656-LAPTOP-0IM1OHQH,39,25,1782895915.285,1782895948.237,1782895910.544463,1782895938.622322,0.6191496728853504,32.95199990272522,28.0778591632843
ses_20260701-083656-LAPTOP-0IM1OHQH,40,26,1782895953.356,1782895957.217,1782895938.625349,1782895964.359467,0.15003428768454077,3.8610000610351562,25.73411798477173
ses_20260701-083656-LAPTOP-0IM1OHQH,41,28,1782895959.169,1782896013.405,1782895987.969353,1782896013.791721,0.4656605612872439,54.236000061035156,25.822368144989014
ses_20260701-083656-LAPTOP-0IM1OHQH,44,29,1782896035.309,1782896040.563,1782896013.793918,1782896040.960082,0.1934023485097406,5.253999948501587,27.16616415977478
ses_20260701-083656-LAPTOP-0IM1OHQH,45,31,1782896045.367,1782896095.426,1782896068.015951,1782896095.816611,0.543315373194943,50.05900001525879,27.800660133361816
ses_20260701-083656-LAPTOP-0IM1OHQH,46,32,1782896101.644,1782896114.309,1782896095.819183,1782896127.356615,0.4015862794341931,12.664999961853027,31.537431955337524
ses_20260701-083656-LAPTOP-0IM1OHQH,48,33,1782896121.301,1782896159.943,1782896127.356615,1782896162.526846,0.7904358144376389,38.64199995994568,35.170230865478516
ses_20260701-090300-Marcos,2,0,1782896615.693,1782896653.75,1782896610.625658,1782896636.171208,0.4748642389341684,38.056999921798706,25.545549869537354
ses_20260701-090300-Marcos,3,1,1782896655.798,1782896659.871,1782896636.172124,1782896703.825192,0.06020421646320059,4.072999954223633,67.65306806564331
ses_20260701-090300-Marcos,6,2,1782896716.267,1782896733.378,1782896703.82628,1782896740.998121,0.46032156718413464,17.111000061035156,37.17184090614319
ses_20260701-090300-Marcos,7,3,1782896735.141,1782896756.317,1782896740.999076,1782896769.217235,0.44951926166537726,21.175999879837036,28.218159198760986
ses_20260701-090300-Marcos,9,4,1782896763.65,1782896792.881,1782896769.2179,1782896794.196736,0.7746523230066661,29.23099994659424,24.978836059570312
ses_20260701-090300-Marcos,13,5,1782896871.707,1782896905.701,1782896866.245936,1782896890.902682,0.4865201085577157,33.99399995803833,24.65674614906311
ses_20260701-090300-Marcos,14,6,1782896907.806,1782896911.507,1782896890.902682,1782896918.840882,0.13247095287487157,3.7009999752044678,27.938199996948242
ses_20260701-090300-Marcos,15,7,1782896913.15,1782896937.645,1782896918.841878,1782896959.758941,0.4034230708706968,24.494999885559082,40.91706299781799
ses_20260701-090300-Marcos,19,8,1782896993.62,1782897011.156,1782896959.758941,1782897004.546251,0.21258514384490698,17.53600001335144,44.7873101234436
ses_20260701-090300-Marcos,21,9,1782897022.12,1782897027.197,1782897004.546251,1782897027.584754,0.22037022788408855,5.077000141143799,23.03850293159485
ses_20260701-090300-Marcos,22,10,1782897032.963,1782897041.307,1782897027.585871,1782897068.504551,0.20391664326249456,8.343999862670898,40.91867995262146
ses_20260701-090300-Marcos,23,11,1782897058.103,1782897127.68,1782897068.505414,1782897090.740424,0.3195741389190428,69.5770001411438,22.235009908676147
ses_20260701-090300-Marcos,25,13,1782897135.874,1782897144.382,1782897111.95255,1782897157.91347,0.18511378534927553,8.507999897003174,45.960920095443726
ses_20260701-090300-Marcos,27,14,1782897148.034,1782897166.225,1782897157.914366,1782897206.867284,0.14125735150288668,18.19099998474121,48.95291805267334
ses_20260701-090300-Marcos,29,15,1782897201.28,1782897228.714,1782897206.868133,1782897252.663937,0.4251497285496014,27.43400001525879,45.795804023742676
ses_20260701-090300-Marcos,30,16,1782897255.764,1782897271.689,1782897252.663937,1782897300.929592,0.32994476129121164,15.924999952316284,48.26565480232239
ses_20260701-090300-Marcos,31,17,1782897300.57,1782897330.899,1782897300.930472,1782897326.524364,0.8438752382436702,30.328999996185303,25.593892097473145
ses_20260701-090300-Marcos,32,18,1782897400.797,1782897405.846,1782897326.525549,1782897412.702709,0.05858861006038881,5.049000024795532,86.17716002464294
ses_20260701-090300-Marcos,33,19,1782897407.712,1782897418.819,1782897412.702709,1782897486.470253,0.0776590491229937,11.10700011253357,73.76754403114319
ses_20260701-090300-Marcos,38,20,1782897500.099,1782897503.613,1782897486.471104,1782897510.86985,0.14402379273919094,3.5139999389648438,24.398746013641357
ses_20260701-090300-Marcos,39,21,1782897505.233,1782897557.517,1782897510.870871,1782897552.579645,0.7977349459739139,52.28399991989136,41.70877385139465
ses_20260701-090300-Marcos,40,22,1782897563.3,1782897579.796,1782897552.58066,1782897587.236674,0.4759924227832251,16.496000051498413,34.65601396560669
ses_20260701-090300-Marcos,41,23,1782897581.435,1782897594.19,1782897587.237444,1782897664.681131,0.08351806930229438,12.755000114440918,77.44368696212769
ses_20260701-090300-Marcos,43,24,1782897658.783,1782897686.226,1782897664.682337,1782897721.739533,0.34219900641992523,27.443000078201294,57.05719590187073
ses_20260701-090300-Marcos,44,25,1782897714.59,1782897728.067,1782897721.740419,1782897745.021157,0.20789814130208292,13.476999998092651,23.28073811531067
ses_20260701-090300-Marcos,46,26,1782897739.935,1782897753.912,1782897745.022197,1782897894.686519,0.05744565864173013,13.976999998092651,149.66432189941406
ses_20260701-090300-Marcos,51,27,1782897940.749,1782897955.96,1782897894.686519,1782897952.3507,0.18934291989014598,15.210999965667725,57.66418099403381
ses_20260701-090300-Marcos,53,28,1782897998.222,1782898002.563,1782897952.3507,1782898009.819328,0.07553686626050019,4.341000080108643,57.46862816810608
ses_20260701-090300-Marcos,54,29,1782898004.406,1782898017.767,1782898009.820093,1782898060.056774,0.1427995780105537,13.361000061035156,50.23668098449707
ses_20260701-090300-Marcos,58,30,1782898104.996,1782898115.079,1782898060.056774,1782898118.126063,0.17363739219649024,10.08299994468689,58.069289207458496
ses_20260701-092027-SIDDHIGUPTAB00B,2,0,1782897661.034,1782897682.278,1782897660.451545,1782897720.584233,0.35328539080743937,21.24400019645691,60.13268804550171
ses_20260701-092027-SIDDHIGUPTAB00B,3,1,1782897719.986,1782897730.248,1782897720.588798,1782897777.114651,0.16907806691794233,10.26199984550476,56.52585291862488
ses_20260701-092027-SIDDHIGUPTAB00B,5,2,1782897771.322,1782897796.956,1782897777.118322,1782897797.380759,0.7612671890392644,25.634000062942505,20.262437105178833
ses_20260701-092027-SIDDHIGUPTAB00B,6,3,1782897798.068,1782897835.181,1782897797.392033,1782897829.122875,0.8217974040939148,37.11299991607666,31.730841875076294
ses_20260701-092027-SIDDHIGUPTAB00B,8,4,1782897865.746,1782897870.199,1782897829.15201,1782897876.90582,0.09324910068697216,4.452999830245972,47.75380992889404
ses_20260701-092027-SIDDHIGUPTAB00B,9,5,1782897870.753,1782897885.051,1782897876.907711,1782897917.557577,0.17398488851129615,14.29800009727478,40.6498658657074
ses_20260701-092027-SIDDHIGUPTAB00B,12,6,1782897911.824,1782897934.679,1782897917.559382,1782897948.642095,0.4649783711689909,22.855000019073486,31.08271312713623
ses_20260701-092027-SIDDHIGUPTAB00B,14,7,1782897943.073,1782897986.178,1782897948.642095,1782897976.671346,0.6502552104816518,43.105000019073486,28.029250860214233
ses_20260701-092027-SIDDHIGUPTAB00B,16,8,1782897998.889,1782898004.101,1782897976.672952,1782898004.518695,0.1871740358317164,5.212000131607056,27.84574317932129
ses_20260701-092027-SIDDHIGUPTAB00B,17,9,1782898010.858,1782898030.711,1782898004.521396,1782898105.84692,0.19593286196716167,19.852999925613403,101.32552409172058
ses_20260701-092027-SIDDHIGUPTAB00B,18,11,1782898102.561,1782898161.51,1782898126.679149,1782898148.140121,0.36405998598358086,58.948999881744385,21.46097207069397
ses_20260701-092027-SIDDHIGUPTAB00B,20,12,1782898182.956,1782898194.744,1782898148.142101,1782898189.076791,0.13134209338566274,11.787999868392944,40.93468999862671
ses_20260701-092027-SIDDHIGUPTAB00B,22,13,1782898218.825,1782898223.504,1782898189.079342,1782898230.857988,0.11199500996228762,4.678999900817871,41.77864623069763
ses_20260701-092027-SIDDHIGUPTAB00B,23,14,1782898225.22,1782898250.016,1782898230.860383,1782898270.391651,0.42406280538182006,24.796000003814697,39.53126788139343
ses_20260701-092027-SIDDHIGUPTAB00B,25,15,1782898271.148,1782898285.561,1782898270.393302,1782898405.274927,0.10685666126529354,14.413000106811523,134.8816249370575
ses_20260701-092027-SIDDHIGUPTAB00B,28,16,1782898405.982,1782898413.11,1782898405.280143,1782898451.027413,0.15581257205068116,7.127999782562256,45.74726986885071
ses_20260701-092027-SIDDHIGUPTAB00B,32,17,1782898479.258,1782898484.195,1782898451.029866,1782898491.339856,0.12247584395111508,4.937000036239624,40.30998992919922
ses_20260701-092027-SIDDHIGUPTAB00B,34,18,1782898502.477,1782898516.024,1782898491.341264,1782898528.478396,0.36478314903504183,13.54699993133545,37.13713192939758
ses_20260701-092027-SIDDHIGUPTAB00B,37,19,1782898529.43,1782898545.987,1782898528.480968,1782898565.881681,0.4426920935021594,16.556999921798706,37.400712966918945
ses_20260701-092027-SIDDHIGUPTAB00B,38,20,1782898558.826,1782898587.308,1782898565.884854,1782898588.921251,0.7118447342438124,28.48200011253357,23.036396980285645
ses_20260701-092027-SIDDHIGUPTAB00B,40,21,1782898626.712,1782898630.812,1782898628.956456,1782898655.502835,0.06444912351831684,4.1000001430511475,26.54637908935547
ses_20260701-092027-SIDDHIGUPTAB00B,41,23,1782898634.054,1782898725.539,1782898680.132077,1782898709.600701,0.32211427088575545,91.4850001335144,29.468624114990234
ses_20260701-092027-SIDDHIGUPTAB00B,42,24,1782898727.624,1782898731.56,1782898709.600701,1782898738.527723,0.13606654265975796,3.935999870300293,28.927021980285645
ses_20260701-092027-SIDDHIGUPTAB00B,44,25,1782898772.452,1782898788.173,1782898738.529651,1782898782.603491,0.20448844275711658,15.72100019454956,44.07384014129639
ses_20260701-092027-SIDDHIGUPTAB00B,46,26,1782898825.808,1782898829.148,1782898782.605907,1782898836.39039,0.062099693640373606,3.3399999141693115,53.78448295593262
ses_20260701-092027-SIDDHIGUPTAB00B,47,27,1782898830.952,1782898847.819,1782898836.391841,1782898872.978877,0.2719012175505746,16.867000102996826,36.5870361328125
ses_20260701-092027-SIDDHIGUPTAB00B,48,28,1782898862.03,1782898914.489,1782898872.980515,1782898893.095282,0.38343786637501054,52.45900011062622,20.11476707458496
ses_20260701-092027-SIDDHIGUPTAB00B,49,30,1782898957.034,1782898973.687,1782898957.443375,1782898987.846949,0.5271687831763563,16.653000116348267,30.403573989868164
ses_20260701-092027-SIDDHIGUPTAB00B,52,31,1782898993.399,1782899017.714,1782898987.849628,1782899012.737572,0.647546582114175,24.31500005722046,24.887943983078003
ses_20260701-092027-SIDDHIGUPTAB00B,55,32,1782899063.516,1782899075.843,1782899012.739091,1782899068.23803,0.07482943605318026,12.32699990272522,55.498939037323
ses_20260701-092027-SIDDHIGUPTAB00B,57,33,1782899117.065,1782899128.019,1782899068.23803,1782899130.742208,0.17525228454195285,10.953999996185303,62.504178047180176
ses_20260701-093900-Marcos,2,0,1782898774.638,1782898805.382,1782898769.390972,1782898794.42039,0.5496478133523747,30.74399995803833,25.029417991638184
ses_20260701-093900-Marcos,3,1,1782898822.359,1782898823.191,1782898794.421614,1782898833.564762,0.021255316850318975,0.8320000171661377,39.14314818382263
ses_20260701-093900-Marcos,4,2,1782898828.172,1782898861.105,1782898833.565908,1782898880.772358,0.5235533199035388,32.93300008773804,47.20644998550415
ses_20260701-093900-Marcos,5,3,1782898880.381,1782898914.751,1782898880.773071,1782898901.412525,0.6005078253320373,34.36999988555908,20.639453887939453
ses_20260701-093900-Marcos,6,7,1782898931.591,1782899012.658,1782898976.933437,1782899002.602142,0.31663568424085337,81.06699991226196,25.668704986572266
ses_20260701-093900-Marcos,7,8,1782899018.932,1782899022.549,1782899004.338438,1782899059.85924,0.065146755294115,3.617000102996826,55.52080202102661
ses_20260701-093900-Marcos,11,9,1782899061.232,1782899072.26,1782899059.859933,1782899097.663623,0.2917175498217336,11.027999877929688,37.80369019508362
ses_20260701-093900-Marcos,12,10,1782899086.2,1782899113.075,1782899097.664963,1782899147.377902,0.25188894259444844,26.875,49.71293902397156
ses_20260701-093900-Marcos,15,11,1782899144.506,1782899190.361,1782899147.378731,1782899175.31243,0.6091745476169295,45.855000019073486,27.933698892593384
ses_20260701-093900-Marcos,16,12,1782899192.213,1782899195.77,1782899175.313115,1782899203.480007,0.1262830103964002,3.556999921798706,28.166892051696777
ses_20260701-093900-Marcos,17,13,1782899197.348,1782899216.426,1782899203.481097,1782899240.413778,0.30058444851911187,19.07800006866455,36.9326810836792
ses_20260701-093900-Marcos,18,14,1782899229.863,1782899255.088,1782899240.414677,1782899268.732885,0.3774984970139073,25.225000143051147,28.31820797920227
ses_20260701-093900-Marcos,21,15,1782899273.937,1782899293.531,1782899268.734067,1782899292.542752,0.7503247292520735,19.5939998626709,23.808685064315796
ses_20260701-093900-Marcos,22,16,1782899299.321,1782899338.379,1782899293.921651,1782899322.305241,0.5169953110951903,39.05799984931946,28.38359022140503
ses_20260701-093900-Marcos,23,17,1782899340.685,1782899344.961,1782899322.30615,1782899351.768826,0.14513277802333183,4.276000022888184,29.46267604827881
ses_20260701-093900-Marcos,24,18,1782899346.524,1782899360.048,1782899351.769615,1782899442.277993,0.08645472528109287,13.52400016784668,90.50837802886963
ses_20260701-093900-Marcos,27,19,1782899436.885,1782899448.098,1782899442.277993,1782899527.82695,0.06399694618932816,11.213000059127808,85.5489571094513
ses_20260701-093900-Marcos,30,20,1782899522.104,1782899562.732,1782899527.828003,1782899549.279642,0.5280013577911078,40.628000020980835,21.45163917541504
ses_20260701-093900-Marcos,31,21,1782899564.913,1782899569.135,1782899549.279642,1782899576.521274,0.15498336832467752,4.221999883651733,27.241631984710693
ses_20260701-093900-Marcos,32,22,1782899571.038,1782899601.575,1782899576.52209,1782899601.96414,0.8100884955561186,30.536999940872192,25.442049980163574
ses_20260701-093900-Marcos,33,23,1782899607.554,1782899618.57,1782899601.965051,1782899706.777987,0.1051015308389228,11.016000032424927,104.81293606758118
ses_20260701-093900-Marcos,37,24,1782899710.598,1782899731.774,1782899706.777987,1782899748.922052,0.5024669530204562,21.175999879837036,42.14406490325928
ses_20260701-093900-Marcos,39,25,1782899772.879,1782899784.294,1782899748.923229,1782899830.263106,0.14033706915742605,11.414999961853027,81.33987712860107
ses_20260701-093900-Marcos,42,26,1782899824.528,1782899860.087,1782899830.26419,1782899878.881348,0.5486839569891477,35.55899977684021,48.61715793609619
ses_20260701-093900-Marcos,44,27,1782899884.464,1782899896.11,1782899878.882346,1782899917.679247,0.3001786125175807,11.645999908447266,38.79690098762512
ses_20260701-095337-LAPTOP-0IM1OHQH,2,0,1782899641.115,1782899664.393,1782899635.71668,1782899705.332562,0.33437772008298966,23.277999877929688,69.61588191986084
ses_20260701-095337-LAPTOP-0IM1OHQH,3,1,1782899709.142,1782899729.591,1782899705.332562,1782899731.197581,0.7906044861024286,20.449000120162964,25.86501908302307
ses_20260701-095337-LAPTOP-0IM1OHQH,5,2,1782899797.804,1782899810.392,1782899786.074473,1782899830.732175,0.2818774687649585,12.588000059127808,44.65770220756531
ses_20260701-095337-LAPTOP-0IM1OHQH,7,4,1782899825.019,1782899877.7,1782899850.985485,1782899872.648209,0.4112056342979416,52.680999994277954,21.662724018096924
ses_20260701-095337-LAPTOP-0IM1OHQH,9,5,1782899915.66,1782899935.856,1782899872.651098,1782899924.381682,0.13799059197054245,20.19599986076355,51.730583906173706
ses_20260701-095337-LAPTOP-0IM1OHQH,10,6,1782899957.021,1782899971.335,1782899924.381682,1782899967.686096,0.22714254224801103,14.314000129699707,43.30441403388977
ses_20260701-095337-LAPTOP-0IM1OHQH,12,7,1782900008.186,1782900011.293,1782899967.686096,1782900018.826938,0.06075378806805799,3.1069998741149902,51.14084196090698
ses_20260701-095337-LAPTOP-0IM1OHQH,13,8,1782900013.738,1782900051.735,1782900018.829807,1782900046.943471,0.7398916737464274,37.996999979019165,28.113663911819458
ses_20260701-095337-LAPTOP-0IM1OHQH,14,9,1782900052.36,1782900062.351,1782900046.943471,1782900072.768181,0.3868775341490556,9.991000175476074,25.82471013069153
ses_20260701-095337-LAPTOP-0IM1OHQH,19,10,1782900136.286,1782900150.786,1782900095.784222,1782900146.401282,0.1839082735759374,14.5,50.61706018447876
ses_20260701-095337-LAPTOP-0IM1OHQH,20,11,1782900221.275,1782900225.561,1782900146.403715,1782900249.891893,0.041415358696723276,4.28600001335144,103.48817801475525
ses_20260701-095337-LAPTOP-0IM1OHQH,22,12,1782900249.5,1782900271.687,1782900249.894633,1782900316.948432,0.32309671767644416,22.187000036239624,67.05379891395569
ses_20260701-095337-LAPTOP-0IM1OHQH,23,13,1782900316.557,1782900342.897,1782900316.951949,1782900337.13245,0.7661541801710183,26.34000015258789,20.180501222610474
ses_20260701-095337-LAPTOP-0IM1OHQH,24,14,1782900411.527,1782900416.008,1782900337.135919,1782900434.493794,0.0460260657143945,4.480999946594238,97.3578748703003
ses_20260701-095337-LAPTOP-0IM1OHQH,26,15,1782900435.276,1782900460.286,1782900434.496989,1782900460.670143,0.9555592767975242,25.009999990463257,26.1731538772583
ses_20260701-095337-LAPTOP-0IM1OHQH,28,16,1782900475.739,1782900479.581,1782900460.673025,1782900547.193213,0.0444058212574783,3.8420000076293945,86.52018809318542
ses_20260701-095337-LAPTOP-0IM1OHQH,30,17,1782900546.922,1782900554.914,1782900547.196317,1782900689.991275,0.05394367916706982,7.992000102996826,142.79495811462402
ses_20260701-095337-LAPTOP-0IM1OHQH,36,18,1782900728.802,1782900743.044,1782900689.994337,1782900739.471179,0.20111681005796447,14.241999864578247,49.47684192657471
ses_20260701-095337-LAPTOP-0IM1OHQH,38,19,1782900780.462,1782900784.647,1782900739.475871,1782900791.061163,0.08112777945221634,4.18500018119812,51.58529186248779
ses_20260701-095337-LAPTOP-0IM1OHQH,39,20,1782900786.39,1782900798.052,1782900791.061163,1782900836.500193,0.13950928297551407,11.661999940872192,45.439030170440674
ses_20260701-095337-LAPTOP-0IM1OHQH,42,21,1782900845.449,1782900856.944,1782900836.504087,1782900882.271429,0.25116162745961385,11.495000123977661,45.76734209060669
ses_20260701-095337-LAPTOP-0IM1OHQH,43,22,1782900866.919,1782900898.315,1782900882.275128,1782900917.865172,0.3148395952068097,31.396000146865845,35.590044021606445
ses_20260701-095337-LAPTOP-0IM1OHQH,45,23,1782900906.35,1782900933.458,1782900917.865172,1782900947.183424,0.3818643276271778,27.10800004005432,29.318252086639404
ses_20260701-095337-LAPTOP-0IM1OHQH,47,24,1782900941.708,1782900979.238,1782900947.187615,1782900971.795076,0.6556744203145741,37.52999997138977,24.607460975646973
ses_20260701-095337-LAPTOP-0IM1OHQH,49,25,1782900990.971,1782900996.034,1782900971.798437,1782900996.396362,0.20583036880213879,5.062999963760376,24.597924947738647
ses_20260701-095337-LAPTOP-0IM1OHQH,50,26,1782901001.552,1782901021.359,1782900996.399482,1782901021.751411,0.7812817699736331,19.806999921798706,25.35192894935608
ses_20260701-095337-LAPTOP-0IM1OHQH,53,27,1782901041.188,1782901046.347,1782901021.754766,1782901046.738521,0.20649417578851248,5.158999919891357,24.983755111694336
ses_20260701-095337-LAPTOP-0IM1OHQH,54,28,1782901051.984,1782901070.434,1782901046.741597,1782901152.717578,0.17409605340847098,18.450000047683716,105.97598099708557
ses_20260701-095337-LAPTOP-0IM1OHQH,55,29,1782901149.462,1782901160.164,1782901152.720569,1782901247.367486,0.07602670120923706,10.702000141143799,94.64691710472107
ses_20260701-095337-LAPTOP-0IM1OHQH,58,30,1782901248.107,1782901271.556,1782901247.370922,1782901295.999341,0.48220773780763837,23.448999881744385,48.628418922424316
ses_20260701-095337-LAPTOP-0IM1OHQH,62,31,1782901341.956,1782901352.349,1782901296.003259,1782901355.249613,0.17542007512196717,10.39299988746643,59.24635410308838
ses_20260701-100550-Marcos,2,0,1782900385.151,1782900409.331,1782900379.979701,1782900402.139873,0.5788116218446444,24.180000066757202,22.16017198562622
ses_20260701-100550-Marcos,4,1,1782900451.301,1782900453.734,1782900402.140975,1782900461.015003,0.04132552049376475,2.432999849319458,58.874027967453
ses_20260701-100550-Marcos,5,2,1782900455.573,1782900468.042,1782900461.015003,1782900519.889666,0.10925623967498957,12.469000101089478,58.87466311454773
ses_20260701-100550-Marcos,8,3,1782900566.515,1782900576.646,1782900519.890333,1782900577.032875,0.1772934739514235,10.13099980354309,57.142542123794556
ses_20260701-100550-Marcos,9,4,1782900581.373,1782900596.762,1782900577.033874,1782900597.152104,0.7649281412859136,15.389000177383423,20.118229866027832
ses_20260701-100550-Marcos,12,5,1782900639.522,1782900644.325,1782900597.153419,1782900721.574666,0.038602731357340006,4.802999973297119,124.42124700546265
ses_20260701-100550-Marcos,17,6,1782900772.207,1782900789.583,1782900721.576221,1782900793.59807,0.2412601202107925,17.375999927520752,72.02184891700745
ses_20260701-100550-Marcos,19,7,1782900797.943,1782900837.583,1782900793.599535,1782900817.670609,0.44852330162599774,39.639999866485596,24.07107400894165
ses_20260701-100550-Marcos,20,8,1782900852.696,1782900865.284,1782900817.671347,1782900859.777328,0.14872785838370994,12.587999820709229,42.10598111152649
ses_20260701-100550-Marcos,21,9,1782900871.327,1782900875.477,1782900859.777328,1782900900.274778,0.10247559064063021,4.150000095367432,40.49744987487793
ses_20260701-100550-Marcos,23,10,1782900894.863,1782900929.144,1782900900.275859,1782900949.265924,0.5306358331699917,34.2810001373291,48.99006485939026
ses_20260701-100550-Marcos,24,11,1782900948.873,1782900956.6,1782900949.266747,1782900975.091911,0.27969326639779596,7.726999998092651,25.825164079666138
ses_20260701-100550-Marcos,26,12,1782900969.333,1782900997.383,1782900975.092871,1782901036.093159,0.33388370062266026,28.049999952316284,61.000288009643555
ses_20260701-100550-Marcos,29,13,1782901077.352,1782901082.275,1782901036.094033,1782901090.010819,0.09130737320552516,4.92300009727478,53.91678595542908
ses_20260701-100550-Marcos,30,14,1782901084.121,1782901124.774,1782901090.01158,1782901118.94436,0.7117009842881727,40.65299987792969,28.932780027389526
ses_20260701-100550-Marcos,31,15,1782901130.462,1782901134.486,1782901118.945337,1782901140.274173,0.18866478107855184,4.02400016784668,21.32883596420288
ses_20260701-100550-Marcos,32,16,1782901136.352,1782901171.403,1782901142.154317,1782901171.792405,0.8252920163679212,35.051000118255615,29.63808798789978
ses_20260701-100550-Marcos,33,17,1782901176.962,1782901189.806,1782901171.793422,1782901191.2042,0.6616942438309423,12.844000101089478,19.410778045654297
ses_20260701-100550-Marcos,34,18,1782901243.766,1782901262.648,1782901238.33537,1782901263.037313,0.7643933123038305,18.881999969482422,24.701942920684814
ses_20260701-100550-Marcos,35,19,1782901267.809,1782901279.364,1782901263.038416,1782901292.45131,0.39285491807147604,11.555000066757202,29.412894010543823
ses_20260701-100550-Marcos,37,20,1782901287.643,1782901319.985,1782901292.45131,1782901320.376977,0.8411348828454173,32.342000007629395,27.92566704750061
ses_20260701-100550-Marcos,40,21,1782901342.439,1782901346.779,1782901320.378326,1782901347.163904,0.1620274966837746,4.340000152587891,26.78557801246643
ses_20260701-100550-Marcos,41,22,1782901352.109,1782901365.241,1782901347.165113,1782901406.13888,0.22267527797731532,13.131999969482422,58.973767042160034
ses_20260701-100550-Marcos,42,23,1782901411.492,1782901442.057,1782901406.139953,1782901434.974143,0.6537882390420298,30.56499981880188,28.834190130233765
ses_20260701-100550-Marcos,45,24,1782901515.153,1782901521.471,1782901434.975394,1782901521.177031,0.06964551387307459,6.317999839782715,86.20163702964783
ses_20260701-100550-Marcos,46,25,1782901526.993,1782901554.249,1782901521.17786,1782901554.635878,0.814632832985467,27.25600004196167,33.4580180644989
ses_20260701-100550-Marcos,48,26,1782901568.653,1782901572.701,1782901554.636743,1782901624.436736,0.057994273103181046,4.047999858856201,69.79999303817749
ses_20260701-100550-Marcos,52,27,1782901690.966,1782901694.47,1782901624.437818,1782901701.616082,0.045401383385881386,3.503999948501587,77.17826390266418
ses_20260701-100550-Marcos,53,28,1782901696.068,1782901724.017,1782901701.61678,1782901743.846533,0.46883440154590206,27.948999881744385,42.22975301742554
ses_20260701-100550-Marcos,55,29,1782901759.451,1782901769.057,1782901743.847788,1782901817.853308,0.12980112785999126,9.605999946594238,74.00551986694336
ses_20260701-100550-Marcos,57,30,1782901812.309,1782901849.099,1782901817.854171,1782901841.45156,0.6414076925045009,36.78999996185303,23.597388982772827
ses_20260701-100550-Marcos,58,31,1782901855.656,1782901860.391,1782901841.45156,1782901867.187719,0.1839823929301213,4.735000133514404,25.736159086227417
ses_20260701-100550-Marcos,59,32,1782901862.342,1782901892.512,1782901867.188681,1782901908.332603,0.550619421388142,30.170000076293945,41.143922090530396
ses_20260701-100550-Marcos,60,33,1782901905.986,1782901923.947,1782901908.332603,1782901937.052169,0.5026173982743657,17.960999965667725,28.719566106796265
ses_20260701-100550-Marcos,63,34,1782901942.289,1782901958.423,1782901937.052978,1782901992.235756,0.2923738289789079,16.134000062942505,55.182777881622314
ses_20260701-103521-LAPTOP-0IM1OHQH,1,0,1782902140.298,1782902142.475,1782902140.686024,1782902167.049751,0.06687322850993703,2.176999807357788,26.36372709274292
ses_20260701-103521-LAPTOP-0IM1OHQH,2,1,1782902146.228,1782902198.732,1782902167.053398,1782902191.646092,0.4683965784808851,52.504000186920166,24.59269404411316
ses_20260701-103521-LAPTOP-0IM1OHQH,3,2,1782902204.122,1782902208.186,1782902191.646092,1782902215.599623,0.16966183921468395,4.064000129699707,23.95353102684021
ses_20260701-103521-LAPTOP-0IM1OHQH,4,3,1782902209.988,1782902246.311,1782902215.602744,1782902240.843423,0.6948952083628912,36.32300019264221,25.240678787231445
ses_20260701-103521-LAPTOP-0IM1OHQH,6,4,1782902285.636,1782902304.015,1782902240.846667,1782902296.249775,0.16802366790133785,18.379000186920166,55.40310788154602
ses_20260701-103521-LAPTOP-0IM1OHQH,9,5,1782902335.696,1782902341.477,1782902296.252684,1782902341.868834,0.1267314297959525,5.7809998989105225,45.61614990234375
ses_20260701-103521-LAPTOP-0IM1OHQH,10,6,1782902347.259,1782902355.572,1782902341.872263,1782902391.476011,0.1675881417233099,8.312999963760376,49.603748083114624
ses_20260701-103521-LAPTOP-0IM1OHQH,11,7,1782902380.82,1782902415.199,1782902391.478996,1782902415.592602,0.6821463572915767,34.37899994850159,24.113605976104736
ses_20260701-103521-LAPTOP-0IM1OHQH,13,8,1782902425.639,1782902438.61,1782902415.596249,1782902468.080128,0.2471425557735704,12.970999956130981,52.48387885093689
ses_20260701-103521-LAPTOP-0IM1OHQH,15,9,1782902455.588,1782902484.364,1782902468.083303,1782902496.073483,0.40213666550569166,28.776000022888184,27.990180015563965
ses_20260701-103521-LAPTOP-0IM1OHQH,17,10,1782902491.843,1782902553.11,1782902497.63402,1782902525.536046,0.4554168794991671,61.26699995994568,27.902025938034058
ses_20260701-103521-LAPTOP-0IM1OHQH,19,12,1782902588.551,1782902592.229,1782902548.4289,1782902598.997453,0.07273294878369664,3.677999973297119,50.56855297088623
ses_20260701-103521-LAPTOP-0IM1OHQH,20,13,1782902594.008,1782902627.884,1782902599.000869,1782902623.898243,0.734956128018671,33.87600016593933,24.897373914718628
ses_20260701-103521-LAPTOP-0IM1OHQH,22,14,1782902660.954,1782902664.295,1782902623.901267,1782902684.487114,0.05514489358498692,3.3410000801086426,60.58584690093994
ses_20260701-103521-LAPTOP-0IM1OHQH,24,15,1782902686.283,1782902717.947,1782902684.490515,1782902710.45938,0.722621635093469,31.664000034332275,25.968864917755127
ses_20260701-103521-LAPTOP-0IM1OHQH,26,16,1782902730.045,1782902735.128,1782902710.46256,1782902735.517317,0.20287564236611422,5.08299994468689,25.054757118225098
ses_20260701-103521-LAPTOP-0IM1OHQH,28,17,1782902746.825,1782902760.593,1782902735.521366,1782902785.189012,0.2772025845645182,13.76799988746643,49.667646169662476
ses_20260701-103521-LAPTOP-0IM1OHQH,32,18,1782902790.374,1782902811.604,1782902785.192316,1782902834.591211,0.42976669838911297,21.230000019073486,49.398895025253296
ses_20260701-103521-LAPTOP-0IM1OHQH,33,19,1782902838.191,1782902842.482,1782902834.591211,1782902858.018035,0.18316610712800177,4.291000127792358,23.42682385444641
ses_20260701-103521-LAPTOP-0IM1OHQH,35,20,1782902852.753,1782902872.628,1782902858.021283,1782902913.056624,0.24221955765605385,19.875,55.035341024398804
ses_20260701-103521-LAPTOP-0IM1OHQH,38,21,1782902910.287,1782902929.103,1782902913.060382,1782902942.697501,0.4949821057889181,18.81599998474121,29.63711905479431
ses_20260701-103521-LAPTOP-0IM1OHQH,40,24,1782902937.274,1782903006.565,1782902984.359426,1782903006.957437,0.31866358717226106,69.29100012779236,22.598011016845703
ses_20260701-103521-LAPTOP-0IM1OHQH,42,25,1782903021.15,1782903025.009,1782903006.96159,1782903114.301463,0.03595122544473969,3.8589999675750732,107.33987283706665
ses_20260701-103521-LAPTOP-0IM1OHQH,44,26,1782903112.21,1782903156.506,1782903114.30544,1782903143.078688,0.6495676348824208,44.2960000038147,28.773247957229614
ses_20260701-103521-LAPTOP-0IM1OHQH,45,27,1782903158.608,1782903162.395,1782903143.078688,1782903169.778585,0.1418357506644604,3.7869999408721924,26.699897050857544
ses_20260701-103521-LAPTOP-0IM1OHQH,46,28,1782903164.281,1782903194.79,1782903169.782512,1782903203.610644,0.6358432301883886,30.509000062942505,33.82813215255737
ses_20260701-103521-LAPTOP-0IM1OHQH,49,29,1782903209.215,1782903230.673,1782903203.610644,1782903252.163482,0.44195151373003033,21.45800018310547,48.55283784866333
ses_20260701-103521-LAPTOP-0IM1OHQH,50,30,1782903249.179,1782903267.604,1782903252.167286,1782903301.408165,0.2955573605196149,18.425000190734863,49.24087905883789
ses_20260701-103521-LAPTOP-0IM1OHQH,53,31,1782903295.485,1782903336.652,1782903301.408165,1782903339.323293,0.8039508954336757,41.16700005531311,37.915127992630005
ses_20260701-103853-Marcos,2,0,1782902368.028,1782902402.984,1782902362.70611,1782902420.042905,0.6096608608026343,34.95599985122681,57.33679509162903
ses_20260701-103853-Marcos,6,1,1782902421.892,1782902475.14,1782902420.044109,1782902448.922702,0.49061194263423696,53.248000144958496,28.87859296798706
ses_20260701-103853-Marcos,7,3,1782902477.476,1782902489.489,1782902467.034815,1782902502.127996,0.34231721676750165,12.013000011444092,35.093180894851685
ses_20260701-103853-Marcos,10,4,1782902496.759,1782902520.165,1782902502.129592,1782902563.849864,0.268820625641599,23.405999898910522,61.720272064208984
ses_20260701-103853-Marcos,11,5,1782902568.554,1782902587.771,1782902563.851267,1782902588.163733,0.7904175611727525,19.217000007629395,24.31246590614319
ses_20260701-103853-Marcos,12,6,1782902593.175,1782902629.362,1782902588.1648,1782902615.655695,0.5456850217138564,36.187000036239624,27.49089503288269
ses_20260701-103853-Marcos,14,7,1782902646.834,1782902651.994,1782902617.329613,1782902652.380343,0.14721518920956717,5.159999847412109,35.05072999000549
ses_20260701-103853-Marcos,15,8,1782902657.151,1782902672.731,1782902652.381227,1782902673.116748,0.751367658667314,15.579999923706055,20.73552107810974
ses_20260701-103853-Marcos,16,9,1782902678.502,1782902695.329,1782902673.118175,1782902696.793019,0.7107544144258622,16.82699990272522,23.67484402656555
ses_20260701-103853-Marcos,17,10,1782902735.035,1782902742.41,1782902729.795962,1782902764.786996,0.2107682797751938,7.375,34.99103379249573
ses_20260701-103853-Marcos,18,11,1782902754.625,1782902777.668,1782902764.788077,1782902800.300147,0.28198974052270537,23.042999982833862,35.51206994056702
ses_20260701-103853-Marcos,20,12,1782902794.414,1782902837.068,1782902800.301531,1782902825.08101,0.5809415061028063,42.65400004386902,24.779479026794434
ses_20260701-103853-Marcos,22,13,1782902852.781,1782902857.368,1782902825.081921,1782902857.755489,0.1403887120671,4.587000131607056,32.6735680103302
ses_20260701-103853-Marcos,23,14,1782902862.322,1782902882.59,1782902857.756504,1782902882.975566,0.8036777897136462,20.26799988746643,25.219061851501465
ses_20260701-103853-Marcos,24,15,1782902888.492,1782902897.109,1782902882.976725,1782903007.985016,0.06893142682958985,8.616999864578247,125.00829100608826
ses_20260701-103853-Marcos,27,16,1782903005.171,1782903050.372,1782903007.98585,1782903034.023372,0.5760386242212568,45.20099997520447,26.037521839141846
ses_20260701-103853-Marcos,28,17,1782903052.927,1782903056.622,1782903034.024397,1782903073.129693,0.0944884785040803,3.694999933242798,39.10529613494873
ses_20260701-103853-Marcos,30,18,1782903070.716,1782903118.145,1782903073.129693,1782903095.509373,0.4718564583923109,47.42899990081787,22.379679918289185
ses_20260701-103853-Marcos,31,19,1782903165.072,1782903166.45,1782903095.510546,1782903173.002346,0.017782526922067304,1.378000020980835,77.49180006980896
ses_20260701-103853-Marcos,33,20,1782903177.972,1782903198.938,1782903173.002346,1782903249.100854,0.27551131636968695,20.966000080108643,76.09850788116455
ses_20260701-103853-Marcos,34,21,1782903248.714,1782903259.591,1782903249.10156,1782903276.539842,0.3769675685142426,10.877000093460083,27.438281774520874
ses_20260701-103853-Marcos,36,22,1782903271.291,1782903312.367,1782903276.54076,1782903299.508978,0.5591639334472963,41.07600021362305,22.968217849731445
ses_20260701-103853-Marcos,37,23,1782903324.867,1782903328.737,1782903299.510501,1782903336.192514,0.105501295195699,3.869999885559082,36.68201303482056
ses_20260701-103853-Marcos,38,24,1782903330.63,1782903359.538,1782903336.193953,1782903359.924066,0.7968865471785389,28.907999992370605,23.73011302947998
ses_20260701-103853-Marcos,40,25,1782903373.032,1782903377.084,1782903359.924923,1782903384.22003,0.1667825552166702,4.052000045776367,24.295107126235962
ses_20260701-103853-Marcos,41,26,1782903378.981,1782903421.671,1782903384.22003,1782903408.1291,0.5600625435208849,42.69000005722046,23.909070014953613
ses_20260701-103853-Marcos,42,28,1782903442.063,1782903454.25,1782903448.12052,1782903470.802099,0.21328016858198667,12.187000036239624,22.681578874588013
ses_20260701-103853-Marcos,44,29,1782903465.884,1782903517.468,1782903470.803467,1782903500.443646,0.5746002441118956,51.58399987220764,29.6401789188385
ses_20260701-103853-Marcos,45,30,1782903519.588,1782903523.968,1782903500.444512,1782903548.123646,0.09186408176029594,4.379999876022339,47.679134130477905
ses_20260701-103853-Marcos,47,31,1782903542.872,1782903572.085,1782903548.123646,1782903607.129146,0.3728978870689855,29.213000059127808,59.005500078201294
ses_20260701-110548-LAPTOP-0IM1OHQH,2,0,1782903971.798,1782903990.75,1782903966.619754,1782904027.62994,0.3106366519862206,18.95199990272522,61.010185956954956
ses_20260701-110548-LAPTOP-0IM1OHQH,3,1,1782904027.235,1782904084.07,1782904027.632636,1782904054.934702,0.4803741678715471,56.83500003814697,27.3020658493042
ses_20260701-110548-LAPTOP-0IM1OHQH,7,3,1782904156.815,1782904162.237,1782904081.521937,1782904162.634524,0.0668453580091445,5.421999931335449,81.11258721351624
ses_20260701-110548-LAPTOP-0IM1OHQH,8,4,1782904168.044,1782904181.008,1782904162.637224,1782904182.875388,0.6405719421939883,12.96399998664856,20.238163948059082
ses_20260701-110548-LAPTOP-0IM1OHQH,9,5,1782904211.564,1782904220.237,1782904211.95819,1782904238.123129,0.31171240684707113,8.67300009727478,26.164938926696777
ses_20260701-110548-LAPTOP-0IM1OHQH,11,6,1782904232.241,1782904253.271,1782904238.143456,1782904280.009297,0.31668585421522233,21.02999997138977,41.865840911865234
ses_20260701-110548-LAPTOP-0IM1OHQH,13,7,1782904274.26,1782904294.481,1782904280.025594,1782904308.425188,0.42310336238130036,20.22099995613098,28.39959406852722
ses_20260701-110548-LAPTOP-0IM1OHQH,16,8,1782904314.095,1782904348.029,1782904308.427475,1782904339.517508,0.641957802319296,33.93400001525879,31.090033054351807
ses_20260701-110548-LAPTOP-0IM1OHQH,20,9,1782904417.02,1782904422.887,1782904339.519353,1782904423.279549,0.07004520506447584,5.867000102996826,83.76019597053528
ses_20260701-110548-LAPTOP-0IM1OHQH,21,10,1782904428.823,1782904441.265,1782904423.282257,1782904471.000688,0.2607378300375977,12.442000150680542,47.71843099594116
ses_20260701-110548-LAPTOP-0IM1OHQH,22,11,1782904470.607,1782904493.719,1782904471.003149,1782904494.112956,0.9663870353442057,23.111999988555908,23.109807014465332
ses_20260701-110548-LAPTOP-0IM1OHQH,23,12,1782904499.778,1782904511.656,1782904494.115384,1782904552.394353,0.20381279945216102,11.877999782562256,58.278968811035156
ses_20260701-110548-LAPTOP-0IM1OHQH,26,13,1782904557.246,1782904580.417,1782904552.411178,1782904594.022271,0.5568467070047779,23.171000003814697,41.61109280586243
ses_20260701-110548-LAPTOP-0IM1OHQH,27,14,1782904583.464,1782904614.789,1782904594.025345,1782904630.833997,0.43832924322384864,31.325000047683716,36.8086519241333
ses_20260701-110548-LAPTOP-0IM1OHQH,28,15,1782904630.438,1782904638.065,1782904630.837148,1782904794.752871,0.043987814729766025,7.627000093460083,163.91572308540344
ses_20260701-110548-LAPTOP-0IM1OHQH,34,16,1782904800.439,1782904831.117,1782904794.771428,1782904815.494899,0.41424300999804664,30.6780002117157,20.72347092628479
ses_20260701-110548-LAPTOP-0IM1OHQH,36,17,1782904855.737,1782904874.188,1782904815.497943,1782904868.477675,0.21708404481548335,18.450999975204468,52.979732036590576
ses_20260701-110548-LAPTOP-0IM1OHQH,37,18,1782904907.416,1782904911.741,1782904868.493871,1782904919.71264,0.0844417022493923,4.325000047683716,51.21876907348633
ses_20260701-110548-LAPTOP-0IM1OHQH,38,19,1782904913.535,1782904926.761,1782904919.71264,1782904972.68061,0.11916962033382626,13.22599983215332,52.96796989440918
ses_20260701-110548-LAPTOP-0IM1OHQH,40,20,1782904966.5,1782904979.862,1782904972.68061,1782905019.380067,0.13580523701164027,13.361999988555908,46.6994571685791
ses_20260701-110548-LAPTOP-0IM1OHQH,42,21,1782905014.1,1782905061.508,1782905019.382453,1782905045.649323,0.554059863863635,47.407999992370605,26.26687002182007
ses_20260701-110548-LAPTOP-0IM1OHQH,43,22,1782905063.759,1782905069.175,1782905045.651981,1782905077.095935,0.1722429657203716,5.415999889373779,31.44395399093628
ses_20260701-110548-LAPTOP-0IM1OHQH,44,23,1782905070.776,1782905112.357,1782905077.098249,1782905098.8563,0.5232690678456272,41.581000089645386,21.75805115699768
ses_20260701-110548-LAPTOP-0IM1OHQH,45,24,1782905114.383,1782905118.626,1782905098.859099,1782905125.52889,0.1590938614101004,4.243000030517578,26.669790983200073
ses_20260701-110548-LAPTOP-0IM1OHQH,46,25,1782905120.647,1782905162.629,1782905125.531839,1782905148.751326,0.5530819698887931,41.98199987411499,23.219487190246582
ses_20260701-110548-LAPTOP-0IM1OHQH,48,26,1782905170.488,1782905181.503,1782905148.754693,1782905183.949073,0.3129761084252635,11.015000104904175,35.194380044937134
ses_20260701-110917-Marcos,2,0,1782904190.883,1782904222.271,1782904186.11064,1782904209.924443,0.5265833410816403,31.388000011444092,23.81380295753479
ses_20260701-110917-Marcos,3,2,1782904238.736,1782904296.69,1782904264.176448,1782904287.980713,0.4107441209480988,57.9539999961853,23.804264783859253
ses_20260701-110917-Marcos,4,3,1782904303.287,1782904304.144,1782904287.981535,1782904315.055805,0.031653673846689365,0.8570001125335693,27.074270009994507
ses_20260701-110917-Marcos,6,4,1782904309.282,1782904344.109,1782904315.057125,1782904343.800812,0.8253276766510907,34.82699990272522,28.74368691444397
ses_20260701-110917-Marcos,7,5,1782904348.87,1782904383.093,1782904343.801706,1782904366.734062,0.45465700709002194,34.223000049591064,22.932355880737305
ses_20260701-110917-Marcos,8,6,1782904385.395,1782904388.903,1782904366.735291,1782904396.12443,0.11936382834972119,3.508000135421753,29.38913893699646
ses_20260701-110917-Marcos,9,7,1782904390.71,1782904415.364,1782904396.125421,1782904486.168545,0.2015385740578844,24.65400004386902,90.043123960495
ses_20260701-110917-Marcos,12,8,1782904490.911,1782904520.505,1782904486.169517,1782904513.651487,0.6623028151244813,29.594000101089478,27.481970071792603
ses_20260701-110917-Marcos,13,9,1782904526.734,1782904530.24,1782904513.651487,1782904547.524119,0.10350539231431868,3.50600004196167,33.872631788253784
ses_20260701-110917-Marcos,18,10,1782904630.237,1782904635.774,1782904547.525024,1782904636.160273,0.06246950276248444,5.536999940872192,88.63524913787842
ses_20260701-110917-Marcos,19,12,1782904641.663,1782904691.476,1782904661.046696,1782904684.831631,0.47748449229844525,49.812999963760376,23.784934997558594
ses_20260701-110917-Marcos,20,13,1782904697.238,1782904699.932,1782904684.83287,1782904725.074613,0.06694541038757551,2.694000005722046,40.241743087768555
ses_20260701-110917-Marcos,21,14,1782904719.64,1782904745.039,1782904725.074613,1782904767.314254,0.4187666358635544,25.3989999294281,42.239640951156616
ses_20260701-110917-Marcos,22,15,1782904761.65,1782904807.709,1782904767.315651,1782904796.425741,0.632017412615882,46.05900001525879,29.110090017318726
ses_20260701-110917-Marcos,23,16,1782904824.926,1782904828.903,1782904796.426466,1782904836.329711,0.09966607981031311,3.9769999980926514,39.903244972229004
ses_20260701-110917-Marcos,24,17,1782904830.679,1782904879.603,1782904836.330664,1782904860.283067,0.48958390680244845,48.92400002479553,23.95240306854248
ses_20260701-110917-Marcos,25,19,1782905030.329,1782905037.658,1782905024.732167,1782905088.440379,0.11504011457466323,7.328999996185303,63.70821189880371
ses_20260701-110917-Marcos,28,20,1782905088.051,1782905125.898,1782905088.44154,1782905112.47519,0.6350212697254963,37.84699988365173,24.033649921417236
ses_20260701-110917-Marcos,29,21,1782905127.791,1782905131.881,1782905112.476124,1782905136.977886,0.16692677722771593,4.090000152587891,24.50176191329956
ses_20260701-110917-Marcos,34,22,1782905257.415,1782905268.871,1782905183.511123,1782905262.725627,0.06221455751193699,11.456000089645386,79.21450400352478
ses_20260701-110917-Marcos,37,23,1782905340.082,1782905344.561,1782905262.725627,1782905374.727051,0.03999056376806884,4.479000091552734,112.00142407417297
ses_20260701-110917-Marcos,38,24,1782905380.028,1782905401.555,1782905374.728211,1782905399.993758,0.7442470189822478,21.526999950408936,25.265547037124634
ses_20260701-110917-Marcos,39,25,1782905404.352,1782905416.12,1782905399.994924,1782905469.843513,0.16847870609080742,11.76799988746643,69.84858894348145
ses_20260701-110917-Marcos,42,26,1782905474.989,1782905498.276,1782905469.844835,1782905498.661396,0.8081116950103271,23.286999940872192,28.816560983657837
ses_20260701-110917-Marcos,43,27,1782905503.416,1782905515.192,1782905498.662627,1782905576.209658,0.15185623333746198,11.776000022888184,77.54703092575073
ses_20260701-110917-Marcos,47,28,1782905603.684,1782905621.025,1782905576.210678,1782905613.512481,0.21931562325283196,17.341000080108643,37.30180287361145
ses_20260701-110917-Marcos,49,29,1782905632.569,1782905643.648,1782905613.513252,1782905646.488454,0.3359797452674148,11.078999996185303,32.97520208358765
ses_20260701-115141-SIDDHIGUPTAB00B,4,0,1782906759.548,1782906826.162,1782906758.558074,1782906787.779103,0.41759561370839493,66.61399984359741,29.221029043197632
ses_20260701-115141-SIDDHIGUPTAB00B,7,2,1782906834.36,1782906844.24,1782906811.133515,1782906839.616657,0.15878028438168096,9.880000114440918,28.483142137527466
ses_20260701-115141-SIDDHIGUPTAB00B,9,3,1782906918.088,1782906921.897,1782906839.618251,1782906930.10055,0.042096631757009534,3.809000015258789,90.48229885101318
ses_20260701-115141-SIDDHIGUPTAB00B,10,4,1782906923.693,1782906958.779,1782906930.101645,1782906959.169228,0.8083541196111496,35.085999965667725,29.067583084106445
ses_20260701-115141-SIDDHIGUPTAB00B,12,5,1782906978.131,1782906988.184,1782906959.169848,1782907028.129915,0.1457800203177654,10.05299997329712,68.9600670337677
ses_20260701-115141-SIDDHIGUPTAB00B,15,6,1782907021.956,1782907088.752,1782907028.132647,1782907052.392588,0.3631945155588682,66.7960000038147,24.25994086265564
ses_20260701-115141-SIDDHIGUPTAB00B,16,8,1782907107.503,1782907118.676,1782907071.130038,1782907115.360539,0.1652619611057482,11.17300009727478,44.23050093650818
ses_20260701-115141-SIDDHIGUPTAB00B,17,9,1782907829.18,1782907836.245,1782907115.455019,1782907864.560216,0.009431251908998368,7.06499981880188,749.1051969528198
ses_20260701-115141-SIDDHIGUPTAB00B,20,10,1782907858.69,1782907886.909,1782907864.561723,1782907887.207904,0.7836226986453845,28.2189998626709,22.646181106567383
ses_20260701-115141-SIDDHIGUPTAB00B,21,11,1782907891.94,1782907895.472,1782907887.209621,1782907928.416346,0.08571415991197819,3.5319998264312744,41.206725120544434
ses_20260701-115141-SIDDHIGUPTAB00B,23,12,1782907923.223,1782907949.581,1782907928.418557,1782907953.052386,0.7094495060657436,26.35800004005432,24.63382911682129
ses_20260701-115141-SIDDHIGUPTAB00B,24,13,1782907952.651,1782907961.962,1782907953.053262,1782907979.401628,0.3330291124265249,9.310999870300293,26.348366022109985
ses_20260701-115141-SIDDHIGUPTAB00B,26,14,1782907973.956,1782908038.524,1782907979.404307,1782908002.576737,0.35888412365183353,64.56799983978271,23.17243003845215
ses_20260701-115141-SIDDHIGUPTAB00B,28,16,1782908054.773,1782908067.403,1782908025.659666,1782908060.512478,0.1374944824414886,12.630000114440918,34.85281205177307
ses_20260701-115141-SIDDHIGUPTAB00B,29,17,1782908093.723,1782908097.787,1782908060.521386,1782908105.325583,0.09070578554641136,4.063999891281128,44.80419707298279
ses_20260701-115141-SIDDHIGUPTAB00B,30,18,1782908099.856,1782908145.136,1782908105.327642,1782908127.092907,0.48068164756400106,45.27999997138977,21.765264987945557
ses_20260701-115141-SIDDHIGUPTAB00B,31,19,1782908147.24,1782908150.971,1782908128.698691,1782908158.909715,0.12349796355529762,3.7309999465942383,30.211024045944214
ses_20260701-115141-SIDDHIGUPTAB00B,32,20,1782908152.893,1782908171.593,1782908158.911149,1782908197.052829,0.28718070602277246,18.700000047683716,38.141680002212524
ses_20260701-115141-SIDDHIGUPTAB00B,35,21,1782908211.773,1782908215.452,1782908197.053989,1782908222.387589,0.1452221513875533,3.678999900817871,25.33360004425049
ses_20260701-115141-SIDDHIGUPTAB00B,36,22,1782908216.989,1782908235.606,1782908222.38946,1782908262.874306,0.28803425423170803,18.616999864578247,40.484845876693726
ses_20260701-115141-SIDDHIGUPTAB00B,38,23,1782908268.471,1782908275.058,1782908262.875349,1782908301.845849,0.1690252917693285,6.587000131607056,38.970499992370605
ses_20260701-115141-SIDDHIGUPTAB00B,40,24,1782908296.688,1782908313.474,1782908301.845849,1782908340.722606,0.26406846799637657,16.78600001335144,38.8767569065094
ses_20260701-115141-SIDDHIGUPTAB00B,41,25,1782908330.175,1782908348.241,1782908340.72386,1782908390.286703,0.12505285188751308,18.06599998474121,49.56284308433533
ses_20260701-115141-SIDDHIGUPTAB00B,44,26,1782908390.696,1782908398.538,1782908390.289994,1782908477.625431,0.08979173027204919,7.8420000076293945,87.33543705940247
ses_20260701-115141-SIDDHIGUPTAB00B,47,27,1782908471.504,1782908497.623,1782908477.62663,1782908508.462557,0.5410484443148057,26.11899995803833,30.83592700958252
ses_20260701-115141-SIDDHIGUPTAB00B,51,28,1782908537.765,1782908555.296,1782908508.464019,1782908548.036861,0.2193343230620407,17.530999898910522,39.57284188270569
ses_20260701-115141-SIDDHIGUPTAB00B,53,29,1782908566.073,1782908570.546,1782908548.039497,1782908570.97677,0.19501010624130563,4.4730000495910645,22.937273025512695
ses_20260701-115141-SIDDHIGUPTAB00B,54,30,1782908575.888,1782908596.374,1782908570.977746,1782908595.985813,0.791369185448576,20.486000061035156,25.0080668926239
ses_20260701-115141-SIDDHIGUPTAB00B,57,31,1782908616.088,1782908631.012,1782908595.987515,1782908621.900324,0.16595030672482064,14.924000024795532,25.912809133529663
ses_20260701-115141-SIDDHIGUPTAB00B,58,32,1782908662.0,1782908666.065,1782908621.902387,1782908673.348996,0.07901395513981802,4.065000057220459,51.446609020233154
ses_20260701-115141-SIDDHIGUPTAB00B,59,33,1782908667.837,1782908719.715,1782908673.350166,1782908700.873223,0.5305342721927735,51.878000020980835,27.523056983947754
ses_20260701-115141-SIDDHIGUPTAB00B,62,35,1782908777.256,1782908793.791,1782908751.087581,1782908801.54008,0.3277340097236599,16.53499984741211,50.45249915122986
ses_20260701-115141-SIDDHIGUPTAB00B,63,36,1782908795.935,1782908823.705,1782908801.541334,1782908854.497994,0.3784585536841848,27.769999980926514,52.95666003227234
ses_20260701-115141-SIDDHIGUPTAB00B,66,37,1782908875.635,1782908881.143,1782908854.500577,1782908881.538469,0.20371410152762126,5.507999897003174,27.03789210319519
ses_20260701-115141-SIDDHIGUPTAB00B,67,38,1782908886.753,1782908907.63,1782908881.543202,1782909036.428525,0.13479004777643755,20.877000093460083,154.88532304763794
ses_20260701-115141-SIDDHIGUPTAB00B,69,39,1782909042.37,1782909056.255,1782909036.435017,1782909056.551884,0.6902168388487969,13.885000228881836,20.11686682701111
ses_20260701-115141-SIDDHIGUPTAB00B,70,40,1782909061.85,1782909065.579,1782909056.553321,1782909081.450932,0.14977340879829815,3.7290000915527344,24.897611141204834
ses_20260701-115141-SIDDHIGUPTAB00B,72,41,1782909075.817,1782909119.625,1782909081.452682,1782909110.735928,0.6684451694141749,43.80800008773804,29.28324604034424
ses_20260701-115141-SIDDHIGUPTAB00B,73,42,1782909125.681,1782909129.452,1782909110.737458,1782909136.412294,0.1468753264927673,3.7709999084472656,25.674835920333862
ses_20260701-115141-SIDDHIGUPTAB00B,74,43,1782909129.608,1782909161.956,1782909136.412294,1782909256.91985,0.20063887347822812,32.348000049591064,120.50755620002747
ses_20260701-120612-Marcos,2,0,1782907604.588,1782907626.45,1782907599.824012,1782907651.739742,0.42110551057933066,21.861999988555908,51.915729999542236
ses_20260701-120612-Marcos,3,1,1782907651.351,1782907685.267,1782907651.740624,1782907681.453015,0.8760582390314835,33.91599988937378,29.712391138076782
ses_20260701-120612-Marcos,5,2,1782907721.114,1782907725.625,1782907681.454085,1782907733.021462,0.08747778524642845,4.510999917984009,51.56737685203552
ses_20260701-120612-Marcos,6,5,1782907727.46,1782907822.37,1782907775.256676,1782907808.629844,0.35162962854591306,94.90999984741211,33.373167991638184
ses_20260701-120612-Marcos,7,6,1782907831.51,1782907835.7,1782907808.630819,1782907842.934758,0.12214340964251967,4.190000057220459,34.30393886566162
ses_20260701-120612-Marcos,8,7,1782907837.634,1782907865.703,1782907842.936295,1782907866.088946,0.8000965808641358,28.069000005722046,23.152651071548462
ses_20260701-120612-Marcos,9,8,1782907870.44,1782907906.895,1782907866.089843,1782907893.886884,0.5746058996361381,36.454999923706055,27.797040939331055
ses_20260701-120612-Marcos,10,9,1782907923.614,1782907927.469,1782907893.887783,1782908016.940895,0.031327936006467924,3.8550000190734863,123.0531120300293
ses_20260701-120612-Marcos,12,10,1782908013.682,1782908060.404,1782908016.941896,1782908044.458925,0.5889522917494701,46.72200012207031,27.51702904701233
ses_20260701-120612-Marcos,13,11,1782908062.487,1782908066.385,1782908044.460252,1782908072.241621,0.14030986039580837,3.8980000019073486,27.78136897087097
ses_20260701-120612-Marcos,15,12,1782908098.716,1782908104.077,1782908097.629333,1782908150.89374,0.10064882221857617,5.360999822616577,53.26440691947937
ses_20260701-120612-Marcos,17,13,1782908146.23,1782908192.943,1782908150.894652,1782908175.162915,0.5195184011058972,46.71300005912781,24.26826310157776
ses_20260701-120612-Marcos,19,14,1782908200.403,1782908212.843,1782908175.163675,1782908205.636372,0.13889240297539315,12.43999981880188,30.472697019577026
ses_20260701-120612-Marcos,21,15,1782908275.306,1782908278.236,1782908205.637356,1782908285.0908,0.036876942258255344,2.930000066757202,79.45344400405884
ses_20260701-120612-Marcos,22,16,1782908279.7,1782908298.29,1782908285.091653,1782908312.806523,0.3986630320110306,18.58999991416931,27.7148699760437
ses_20260701-120612-Marcos,24,17,1782908306.906,1782908354.756,1782908312.807341,1782908341.29011,0.5952511792539145,47.85000014305115,28.482769012451172
ses_20260701-120612-Marcos,25,18,1782908371.182,1782908387.533,1782908341.290998,1782908381.130726,0.2151447979045069,16.3510000705719,39.839728116989136
ses_20260701-120612-Marcos,27,19,1782908398.542,1782908410.636,1782908381.131767,1782908404.550292,0.2036416938375021,12.093999862670898,23.418524980545044
ses_20260701-120612-Marcos,29,20,1782908451.755,1782908456.953,1782908404.551,1782908457.344129,0.09845978171600189,5.197999954223633,52.793128967285156
ses_20260701-120612-Marcos,30,21,1782908461.726,1782908483.569,1782908457.34546,1782908505.505773,0.45354771420297274,21.842999935150146,48.16031312942505
ses_20260701-120612-Marcos,31,22,1782908505.14,1782908523.077,1782908505.506598,1782908535.537569,0.578019970643149,17.936999797821045,30.03097105026245
ses_20260701-120612-Marcos,34,23,1782908540.316,1782908547.989,1782908535.538599,1782908577.110088,0.18457361677887757,7.67300009727478,41.571489095687866
ses_20260701-120612-Marcos,35,24,1782908565.9,1782908589.617,1782908577.110088,1782908611.043312,0.2770490565533116,23.717000007629395,33.93322396278381
ses_20260701-120612-Marcos,37,25,1782908605.642,1782908649.193,1782908611.043312,1782908641.846792,0.7072967285769567,43.551000118255615,30.80347990989685
ses_20260701-120612-Marcos,39,26,1782908708.696,1782908713.188,1782908641.847494,1782908720.08439,0.05741536400413024,4.491999864578247,78.23689603805542
ses_20260701-120612-Marcos,40,27,1782908714.765,1782908752.925,1782908720.085567,1782908747.809322,0.7265135018891049,38.15999984741211,27.72375512123108
ses_20260701-120612-Marcos,42,28,1782908824.597,1782908829.549,1782908747.810076,1782908850.047537,0.0484362589636325,4.952000141143799,102.23746109008789
ses_20260701-120612-Marcos,45,29,1782908876.845,1782908892.682,1782908850.048473,1782908895.259366,0.35029168389115906,15.836999893188477,45.21089315414429
ses_20260701-120828-LAPTOP-0IM1OHQH,2,0,1782907732.132,1782907759.219,1782907726.974019,1782907753.964381,0.6770784258135848,27.087000131607056,26.99036192893982
ses_20260701-120828-LAPTOP-0IM1OHQH,4,1,1782907790.933,1782907796.566,1782907753.966567,1782907803.162134,0.11450218490820467,5.632999897003174,49.1955668926239
ses_20260701-120828-LAPTOP-0IM1OHQH,5,2,1782907797.765,1782907808.666,1782907803.165071,1782907856.896471,0.09302878472872034,10.900999784469604,53.73140001296997
ses_20260701-120828-LAPTOP-0IM1OHQH,8,3,1782907850.341,1782907885.488,1782907856.89969,1782907885.874273,0.8045504284969535,35.14699983596802,28.9745831489563
ses_20260701-120828-LAPTOP-0IM1OHQH,10,4,1782907902.228,1782907906.934,1782907885.890022,1782907913.128493,0.1727703469206057,4.706000089645386,27.238471031188965
ses_20260701-120828-LAPTOP-0IM1OHQH,13,5,1782907950.522,1782907958.883,1782907914.528109,1782907987.244361,0.11498117146974263,8.360999822616577,72.71625185012817
ses_20260701-120828-LAPTOP-0IM1OHQH,14,6,1782907986.849,1782908011.537,1782907987.246234,1782908011.929481,0.9685127629728827,24.687999963760376,24.683247089385986
ses_20260701-120828-LAPTOP-0IM1OHQH,16,7,1782908021.573,1782908033.416,1782908011.931518,1782908059.380009,0.24959697813305481,11.842999935150146,47.448490858078
ses_20260701-120828-LAPTOP-0IM1OHQH,19,8,1782908064.999,1782908089.983,1782908059.396343,1782908086.41248,0.7000922006715767,24.983999967575073,27.01613712310791
ses_20260701-120828-LAPTOP-0IM1OHQH,20,9,1782908093.813,1782908098.005,1782908086.414908,1782908134.437168,0.08729285450100657,4.192000150680542,48.02225995063782
ses_20260701-120828-LAPTOP-0IM1OHQH,23,10,1782908128.878,1782908168.208,1782908134.439274,1782908162.613942,0.7163658248128647,39.329999923706055,28.174667835235596
ses_20260701-120828-LAPTOP-0IM1OHQH,26,11,1782908207.899,1782908212.09,1782908162.630424,1782908245.532903,0.05055337353797809,4.190999984741211,82.90247893333435
ses_20260701-120828-LAPTOP-0IM1OHQH,30,12,1782908283.594,1782908301.722,1782908245.555623,1782908293.588032,0.1779362043688309,18.127999782562256,48.03240895271301
ses_20260701-120828-LAPTOP-0IM1OHQH,31,13,1782908307.401,1782908308.643,1782908293.611498,1782908338.506115,0.027664783707628385,1.241999864578247,44.8946168422699
ses_20260701-120828-LAPTOP-0IM1OHQH,32,14,1782908327.654,1782908378.54,1782908338.522264,1782908360.231271,0.426620427224673,50.88599991798401,21.709007024765015
ses_20260701-120828-LAPTOP-0IM1OHQH,35,15,1782908462.983,1782908472.249,1782908360.231271,1782908463.303526,0.0028613853125205543,9.266000032424927,103.07225489616394
ses_20260701-120828-LAPTOP-0IM1OHQH,38,16,1782908519.705,1782908537.134,1782908463.323739,1782908530.88658,0.15149086202250084,17.42900013923645,67.56284093856812
ses_20260701-120828-LAPTOP-0IM1OHQH,40,17,1782908548.514,1782908553.977,1782908530.889351,1782908554.12875,0.23507492656564086,5.463000059127808,23.239399194717407
ses_20260701-120828-LAPTOP-0IM1OHQH,41,18,1782908558.676,1782908580.347,1782908554.146625,1782908580.715789,0.8156447728141791,21.670999765396118,26.569164037704468
ses_20260701-120828-LAPTOP-0IM1OHQH,42,19,1782908586.011,1782908597.51,1782908580.71878,1782908611.697795,0.37118675721073285,11.499000072479248,30.97901487350464
ses_20260701-120828-LAPTOP-0IM1OHQH,45,20,1782908605.83,1782908643.123,1782908611.701245,1782908637.151805,0.6824487133301814,37.29299998283386,25.450559854507446
ses_20260701-120828-LAPTOP-0IM1OHQH,47,21,1782908671.866,1782908676.163,1782908637.154381,1782908758.942919,0.035282467800791854,4.297000169754028,121.78853797912598
ses_20260701-120828-LAPTOP-0IM1OHQH,50,22,1782908755.846,1782908791.751,1782908758.945595,1782908784.703813,0.7173991942773432,35.90499997138977,25.75821805000305
ses_20260701-120828-LAPTOP-0IM1OHQH,51,23,1782908798.273,1782908802.105,1782908784.707619,1782908809.627752,0.1537712499230071,3.8320000171661377,24.920133113861084
ses_20260701-120828-LAPTOP-0IM1OHQH,52,24,1782908804.033,1782908850.54,1782908809.627752,1782908833.713806,0.5179016892956266,46.50699996948242,24.0860538482666
ses_20260701-120828-LAPTOP-0IM1OHQH,53,26,1782908874.034,1782908892.69,1782908880.340073,1782908906.147549,0.3845706044769467,18.6560001373291,25.807475805282593
ses_20260701-120828-LAPTOP-0IM1OHQH,55,27,1782908900.39,1782908948.506,1782908906.164967,1782908933.475567,0.56759913704525,48.115999937057495,27.31060004234314
ses_20260701-120828-LAPTOP-0IM1OHQH,56,28,1782908950.578,1782908954.018,1782908933.475567,1782908961.617388,0.1222379969689081,3.43999981880188,28.141820907592773
ses_20260701-120828-LAPTOP-0IM1OHQH,57,29,1782908956.08,1782909005.222,1782908961.617388,1782908989.036707,0.5579609893118351,49.14199995994568,27.419318914413452
ses_20260701-120828-LAPTOP-0IM1OHQH,59,30,1782909012.937,1782909024.11,1782908989.036707,1782909026.53758,0.29793972616019443,11.172999858856201,37.50087308883667
ses_20260701-123729-Marcos,4,0,1782909521.44,1782909524.154,1782909477.79602,1782909530.906265,0.05110125150412093,2.7139999866485596,53.11024498939514
ses_20260701-123729-Marcos,5,1,1782909525.995,1782909578.427,1782909530.907441,1782909564.235172,0.6356372259434554,52.432000160217285,33.327731132507324
ses_20260701-123729-Marcos,6,2,1782909590.531,1782909594.416,1782909564.236242,1782909602.281584,0.10211499724923394,3.884999990463257,38.04534196853638
ses_20260701-123729-Marcos,7,3,1782909596.204,1782909666.528,1782909602.282358,1782909625.873148,0.33545859156235075,70.32400012016296,23.590790033340454
ses_20260701-123729-Marcos,8,6,1782909698.766,1782909717.18,1782909699.154456,1782909729.752633,0.5817199994038503,18.414000034332275,30.598177194595337
ses_20260701-123729-Marcos,10,7,1782909724.495,1782909760.718,1782909729.75353,1782909761.105992,0.8457697553304921,36.223000049591064,31.35246205329895
ses_20260701-123729-Marcos,11,8,1782909765.538,1782909795.154,1782909761.107017,1782909781.718829,0.4752500040317668,29.615999937057495,20.611811876296997
ses_20260701-123729-Marcos,13,9,1782909812.808,1782909818.152,1782909781.719646,1782909818.539325,0.14513977320393598,5.343999862670898,36.81967902183533
ses_20260701-123729-Marcos,14,11,1782909823.112,1782909862.768,1782909842.585907,1782909864.087682,0.4925383034528016,39.65599989891052,21.50177502632141
ses_20260701-123729-Marcos,15,12,1782909910.485,1782909936.081,1782909910.875898,1782909937.82331,0.9219700194434783,25.59600019454956,26.94741201400757
ses_20260701-123729-Marcos,17,13,1782909949.826,1782909960.363,1782909948.944883,1782909983.282174,0.3068675376917332,10.536999940872192,34.33729100227356
ses_20260701-123729-Marcos,19,14,1782909978.392,1782910016.565,1782909983.283218,1782910007.719021,0.6401331598958353,38.17300009727478,24.435803174972534
ses_20260701-123729-Marcos,21,15,1782910029.195,1782910033.968,1782910007.720133,1782910055.785913,0.09930141588080461,4.773000001907349,48.0657799243927
ses_20260701-123729-Marcos,22,16,1782910052.602,1782910084.24,1782910055.786959,1782910171.389826,0.23952825824078422,31.638000011444092,115.60286712646484
ses_20260701-123729-Marcos,24,17,1782910176.204,1782910192.941,1782910171.390859,1782910236.130989,0.25852589329754466,16.736999988555908,64.74013018608093
ses_20260701-123729-Marcos,25,18,1782910235.739,1782910244.855,1782910236.131953,1782910261.65532,0.33658509655354907,9.115999937057495,25.523366928100586
ses_20260701-123729-Marcos,28,19,1782910266.657,1782910291.683,1782910261.656408,1782910292.068883,0.8228860074460349,25.026000022888184,30.412474870681763
ses_20260701-123729-Marcos,29,20,1782910296.988,1782910307.871,1782910292.070013,1782910368.582222,0.14223873923383137,10.883000135421753,76.51220893859863
ses_20260701-123729-Marcos,32,21,1782910369.608,1782910379.902,1782910368.583495,1782910414.912062,0.2221955171659636,10.293999910354614,46.328567028045654
ses_20260701-123729-Marcos,33,22,1782910396.89,1782910431.535,1782910414.9131,1782910445.004526,0.3454653206489204,34.644999980926514,30.091425895690918
ses_20260701-123729-Marcos,36,23,1782910482.858,1782910497.301,1782910445.005413,1782910493.613693,0.20567113905630888,14.443000078201294,48.60827994346619
ses_20260701-123729-Marcos,37,24,1782910529.877,1782910534.42,1782910493.613693,1782910542.00861,0.09387349464359561,4.542999982833862,48.394917011260986
ses_20260701-123729-Marcos,38,25,1782910536.141,1782910581.915,1782910542.009757,1782910567.017774,0.5463367217568246,45.7739999294281,25.00801706314087
ses_20260701-123729-Marcos,39,26,1782910583.52,1782910587.041,1782910567.017774,1782910594.258028,0.12925723519684307,3.5209999084472656,27.240253925323486
ses_20260701-123729-Marcos,40,27,1782910588.821,1782910614.174,1782910594.258783,1782910671.833546,0.23990610967372658,25.352999925613403,77.57476282119751
ses_20260701-123729-Marcos,42,28,1782910672.858,1782910678.454,1782910671.834753,1782910695.082139,0.24071523401635442,5.5959999561309814,23.24738597869873
ses_20260701-123729-Marcos,45,29,1782910700.091,1782910727.876,1782910695.083629,1782910720.432059,0.6202985123589138,27.78499984741211,25.348430156707764
ses_20260701-123729-Marcos,46,30,1782910733.962,1782910737.301,1782910720.432059,1782910744.608439,0.138110016315381,3.3390002250671387,24.176379919052124
ses_20260701-123729-Marcos,47,31,1782910739.28,1782910765.907,1782910744.609774,1782910788.270338,0.4347229838318717,26.627000093460083,43.660563945770264
ses_20260701-123729-Marcos,51,32,1782910929.883,1782910936.359,1782910788.270338,1782910938.925497,0.04298558452099754,6.476000070571899,150.65515899658203
ses_20260701-124033-SIDDHIGUPTAB00B,2,0,1782909661.687,1782909704.942,1782909660.593568,1782909689.359144,0.6239711935013668,43.25499987602234,28.765575885772705
ses_20260701-124033-SIDDHIGUPTAB00B,4,1,1782909712.898,1782909717.314,1782909689.360313,1782909747.343782,0.07615963592412733,4.415999889373779,57.983469009399414
ses_20260701-124033-SIDDHIGUPTAB00B,5,2,1782909752.464,1782909786.968,1782909747.344907,1782909771.777813,0.4874382982882672,34.50399994850159,24.432905912399292
ses_20260701-124033-SIDDHIGUPTAB00B,6,3,1782909788.732,1782909792.815,1782909771.778641,1782909799.988703,0.14473558905266778,4.08299994468689,28.21006202697754
ses_20260701-124033-SIDDHIGUPTAB00B,7,4,1782909794.766,1782909828.988,1782909799.990901,1782909826.190895,0.7655892167697451,34.22199988365173,26.19999408721924
ses_20260701-124033-SIDDHIGUPTAB00B,9,5,1782909895.27,1782909898.474,1782909826.192529,1782909906.032184,0.04013043392153936,3.2039999961853027,79.83965492248535
ses_20260701-124033-SIDDHIGUPTAB00B,10,6,1782909900.33,1782909928.319,1782909906.033331,1782909956.13323,0.3993616331797176,27.98900008201599,50.09989905357361
ses_20260701-124033-SIDDHIGUPTAB00B,14,7,1782910006.746,1782910012.049,1782909956.134593,1782910012.434334,0.09419226227871812,5.302999973297119,56.29974102973938
ses_20260701-124033-SIDDHIGUPTAB00B,15,8,1782910017.08,1782910058.255,1782910012.435355,1782910041.210565,0.5266423403944233,41.17500019073486,28.77521014213562
ses_20260701-124033-SIDDHIGUPTAB00B,19,10,1782910138.978,1782910166.01,1782910097.339943,1782910185.430096,0.3068674437575974,27.032000064849854,88.0901529788971
ses_20260701-124033-SIDDHIGUPTAB00B,21,11,1782910189.762,1782910202.094,1782910185.431392,1782910215.076901,0.41598206376741836,12.332000017166138,29.645509004592896
ses_20260701-124033-SIDDHIGUPTAB00B,23,12,1782910209.795,1782910237.337,1782910215.079567,1782910238.682031,0.7704991579426609,27.54199981689453,23.602463960647583
ses_20260701-124033-SIDDHIGUPTAB00B,24,13,1782910262.633,1782910299.588,1782910263.0154,1782910294.194223,0.843697006019432,36.955000162124634,31.178822994232178
ses_20260701-124033-SIDDHIGUPTAB00B,26,14,1782910332.311,1782910337.005,1782910294.195206,1782910343.890231,0.09445613537413074,4.694000005722046,49.6950249671936
ses_20260701-124033-SIDDHIGUPTAB00B,27,15,1782910338.846,1782910364.123,1782910343.891655,1782910398.078764,0.34155665834443655,25.276999950408936,54.18710899353027
ses_20260701-124033-SIDDHIGUPTAB00B,28,16,1782910397.757,1782910406.494,1782910398.080042,1782910450.347794,0.1599891809739606,8.736999988555908,52.267752170562744
ses_20260701-124033-SIDDHIGUPTAB00B,30,17,1782910443.96,1782910492.131,1782910450.348478,1782910485.031098,0.7199896163118438,48.1710000038147,34.68261981010437
ses_20260701-124033-SIDDHIGUPTAB00B,32,18,1782910502.776,1782910508.438,1782910485.031098,1782910508.818502,0.23802512987563074,5.661999940872192,23.78740406036377
ses_20260701-124033-SIDDHIGUPTAB00B,33,19,1782910513.56,1782910531.484,1782910508.819265,1782910559.155239,0.3560872776141465,17.924000024795532,50.33597421646118
ses_20260701-124033-SIDDHIGUPTAB00B,34,20,1782910558.754,1782910576.278,1782910559.157622,1782910617.489988,0.2914802076128753,17.52400016784668,58.33236598968506
ses_20260701-124033-SIDDHIGUPTAB00B,37,21,1782910618.438,1782910640.611,1782910617.494574,1782910641.004645,0.9431277370580605,22.17300009727478,23.51007103919983
ses_20260701-124033-SIDDHIGUPTAB00B,40,22,1782910683.571,1782910688.808,1782910641.005336,1782910695.393029,0.09629016614951005,5.236999988555908,54.38769292831421
ses_20260701-124033-SIDDHIGUPTAB00B,42,23,1782910740.158,1782910749.812,1782910695.393029,1782910767.552669,0.13378669896355827,9.654000043869019,72.15964007377625
ses_20260701-124033-SIDDHIGUPTAB00B,45,24,1782910796.511,1782910800.194,1782910767.560194,1782910807.903218,0.09129211747561876,3.683000087738037,40.343024015426636
ses_20260701-124033-SIDDHIGUPTAB00B,47,25,1782910804.209,1782910815.511,1782910807.907252,1782910896.093196,0.0827535984628568,11.301999807357788,88.1859438419342
ses_20260701-124033-SIDDHIGUPTAB00B,52,26,1782910926.419,1782910937.827,1782910896.094777,1782911011.092105,0.09920230504623695,11.407999992370605,114.99732780456543
ses_20260701-124033-SIDDHIGUPTAB00B,57,27,1782911087.859,1782911092.723,1782911011.09362,1782911093.108781,0.05930610902288261,4.864000082015991,82.01516103744507
ses_20260701-124033-SIDDHIGUPTAB00B,61,28,1782911123.57,1782911126.263,1782911093.109819,1782911148.426601,0.048683238267804636,2.693000078201294,55.316781997680664
ses_20260701-124033-SIDDHIGUPTAB00B,65,29,1782911172.071,1782911175.869,1782911148.426601,1782911182.820396,0.1104268911695676,3.797999858856201,34.393795013427734
ses_20260701-124033-SIDDHIGUPTAB00B,66,30,1782911177.674,1782911217.218,1782911182.821719,1782911219.463552,0.8230832679396286,39.543999910354614,36.64183306694031
ses_20260701-124550-LAPTOP-0IM1OHQH,2,0,1782909973.251,1782909988.125,1782909968.865884,1782910018.469905,0.29985472593571383,14.874000072479248,49.604020833969116
ses_20260701-124550-LAPTOP-0IM1OHQH,6,1,1782910062.246,1782910067.133,1782910018.488581,1782910067.526614,0.09965733830820978,4.886999845504761,49.03803300857544
ses_20260701-124550-LAPTOP-0IM1OHQH,7,2,1782910072.554,1782910085.78,1782910067.528884,1782910107.330188,0.33230067127187213,13.2260000705719,39.80130410194397
ses_20260701-124550-LAPTOP-0IM1OHQH,10,3,1782910124.402,1782910135.573,1782910107.332718,1782910130.080781,0.20108797145705595,11.171000003814697,22.74806308746338
ses_20260701-124550-LAPTOP-0IM1OHQH,12,4,1782910167.367,1782910176.099,1782910130.08324,1782910200.38955,0.12419937672396472,8.73199987411499,70.30630993843079
ses_20260701-124550-LAPTOP-0IM1OHQH,13,5,1782910200.007,1782910209.431,1782910200.392147,1782910233.485227,0.2699919829287815,9.424000024795532,33.093080043792725
ses_20260701-124550-LAPTOP-0IM1OHQH,15,6,1782910221.517,1782910286.193,1782910233.487951,1782910259.004799,0.3945334869539924,64.67600011825562,25.516847848892212
ses_20260701-124550-LAPTOP-0IM1OHQH,16,8,1782910319.698,1782910329.929,1782910320.094265,1782910345.6156,0.3794616344845681,10.230999946594238,25.521335124969482
ses_20260701-124550-LAPTOP-0IM1OHQH,21,9,1782910426.817,1782910432.346,1782910347.181777,1782910432.458195,0.06483621352120447,5.5290000438690186,85.27641797065735
ses_20260701-124550-LAPTOP-0IM1OHQH,22,10,1782910437.953,1782910460.959,1782910432.477937,1782910461.353669,0.7967243942335855,23.00600004196167,28.875731945037842
ses_20260701-124550-LAPTOP-0IM1OHQH,24,11,1782910489.474,1782910499.436,1782910461.356111,1782910554.290451,0.10719396222742529,9.962000131607056,92.93434000015259
ses_20260701-124550-LAPTOP-0IM1OHQH,28,12,1782910548.236,1782910580.218,1782910554.293824,1782910580.609851,0.8007751725269124,31.98199987411499,26.31602692604065
ses_20260701-124550-LAPTOP-0IM1OHQH,30,13,1782910595.91,1782910599.951,1782910580.612545,1782910606.823373,0.15417291965053798,4.040999889373779,26.210828065872192
ses_20260701-124550-LAPTOP-0IM1OHQH,31,14,1782910601.704,1782910614.459,1782910606.841573,1782910690.119916,0.08615447826835075,12.755000114440918,83.27834296226501
ses_20260701-124550-LAPTOP-0IM1OHQH,35,15,1782910684.844,1782910728.918,1782910690.1364,1782910714.425836,0.5511057804393703,44.073999881744385,24.289436101913452
ses_20260701-124550-LAPTOP-0IM1OHQH,36,16,1782910749.508,1782910767.076,1782910714.428238,1782910761.431924,0.22648492055675265,17.568000078201294,47.00368618965149
ses_20260701-124550-LAPTOP-0IM1OHQH,38,17,1782910798.292,1782910801.517,1782910761.434667,1782910809.482638,0.06712041846574851,3.2249999046325684,48.04797077178955
ses_20260701-124550-LAPTOP-0IM1OHQH,39,18,1782910803.578,1782910832.003,1782910809.485179,1782910833.740996,0.7465379503891045,28.424999952316284,24.25581693649292
ses_20260701-124550-LAPTOP-0IM1OHQH,44,19,1782910904.473,1782910913.4,1782910861.952957,1782910909.724273,0.10207142319867504,8.927000045776367,47.771316051483154
ses_20260701-124550-LAPTOP-0IM1OHQH,47,20,1782910943.169,1782910953.621,1782910909.724273,1782910953.849632,0.236870596957982,10.452000141143799,44.12535905838013
ses_20260701-124550-LAPTOP-0IM1OHQH,48,21,1782910958.029,1782910990.08,1782910953.868214,1782910973.476498,0.42658757099590167,32.050999879837036,19.60828399658203
ses_20260701-124550-LAPTOP-0IM1OHQH,49,22,1782910992.006,1782910995.424,1782910973.478774,1782911037.313522,0.05354450496527559,3.4179999828338623,63.83474802970886
ses_20260701-124550-LAPTOP-0IM1OHQH,51,23,1782911036.919,1782911058.659,1782911037.316118,1782911125.973373,0.2396612450659516,21.740000009536743,88.65725493431091
ses_20260701-124550-LAPTOP-0IM1OHQH,55,24,1782911171.874,1782911177.377,1782911125.993613,1782911177.566155,0.10670406795322246,5.503000020980835,51.57254195213318
ses_20260701-124550-LAPTOP-0IM1OHQH,56,26,1782911182.065,1782911254.065,1782911206.430201,1782911236.711536,0.42057409551408553,72.0,30.28133487701416
ses_20260701-124550-LAPTOP-0IM1OHQH,58,27,1782911262.505,1782911268.091,1782911236.715391,1782911268.446426,0.17604216082777974,5.585999965667725,31.731034994125366
ses_20260701-124550-LAPTOP-0IM1OHQH,59,29,1782911273.867,1782911321.65,1782911294.332722,1782911322.017153,0.5673352313372583,47.782999992370605,27.684431076049805
ses_20260701-124550-LAPTOP-0IM1OHQH,61,30,1782911335.553,1782911338.876,1782911322.021033,1782911354.645234,0.10185689906028039,3.322999954223633,32.62420105934143
ses_20260701-124550-LAPTOP-0IM1OHQH,62,31,1782911340.728,1782911382.198,1782911354.645234,1782911384.862201,0.6242951088014399,41.47000002861023,30.2169668674469
ses_20260701-124636-MSI,3,0,1782910068.397,1782910070.369,1782910068.790838,1782910094.653244,0.060106158300311435,1.9719998836517334,25.862406015396118
ses_20260701-124636-MSI,4,1,1782910074.013,1782910124.401,1782910094.653897,1782910116.68285,0.4371864894813677,50.38800001144409,22.028952836990356
ses_20260701-124636-MSI,7,2,1782910135.68,1782910144.591,1782910116.683632,1782910140.586755,0.17582292025357008,8.91100001335144,23.903123140335083
ses_20260701-124636-MSI,10,3,1782910171.018,1782910192.572,1782910140.587379,1782910184.713537,0.2634536294428825,21.55400013923645,44.126157999038696
ses_20260701-124636-MSI,11,4,1782910198.363,1782910202.276,1782910184.714229,1782910209.634075,0.15702344770342697,3.9130001068115234,24.919845819473267
ses_20260701-124636-MSI,12,5,1782910204.225,1782910235.774,1782910209.63466,1782910236.163428,0.8184291283848473,31.549000024795532,26.528768062591553
ses_20260701-124636-MSI,14,6,1782910249.703,1782910253.908,1782910236.164166,1782910260.014097,0.176310779406985,4.204999923706055,23.849931001663208
ses_20260701-124636-MSI,15,7,1782910255.618,1782910297.913,1782910261.571571,1782910291.255631,0.7018337818838273,42.295000076293945,29.684059858322144
ses_20260701-124636-MSI,17,8,1782910317.081,1782910322.404,1782910291.256666,1782910329.837011,0.13797180748389842,5.322999954223633,38.580345153808594
ses_20260701-124636-MSI,18,9,1782910324.181,1782910347.04,1782910329.837897,1782910360.645515,0.4717491213947635,22.858999967575073,30.807617902755737
ses_20260701-124636-MSI,20,10,1782910355.489,1782910372.029,1782910360.646147,1782910472.803344,0.09702865523434431,16.539999961853027,112.15719699859619
ses_20260701-124636-MSI,25,11,1782910477.643,1782910506.304,1782910472.804049,1782910496.92744,0.5756557705515444,28.66100001335144,24.123390913009644
ses_20260701-124636-MSI,26,12,1782910513.145,1782910516.695,1782910496.928014,1782910523.633338,0.13293229323920694,3.549999952316284,26.705323934555054
ses_20260701-124636-MSI,27,13,1782910518.626,1782910555.572,1782910523.634091,1782910550.006715,0.713815408652128,36.94600009918213,26.372624158859253
ses_20260701-124636-MSI,29,14,1782910574.589,1782910579.298,1782910550.007281,1782910587.309488,0.1262391823491004,4.709000110626221,37.30220699310303
ses_20260701-124636-MSI,30,15,1782910581.228,1782910610.172,1782910587.310057,1782910609.247592,0.7579303152015691,28.944000005722046,21.937535047531128
ses_20260701-124636-MSI,33,16,1782910719.618,1782910727.442,1782910714.446684,1782910756.944558,0.1841033242693649,7.823999881744385,42.49787402153015
ses_20260701-124636-MSI,35,17,1782910751.376,1782910796.661,1782910756.945311,1782910785.063745,0.6209215832844742,45.28500008583069,28.118433952331543
ses_20260701-124636-MSI,36,18,1782910808.061,1782910811.487,1782910785.064912,1782910819.804237,0.098620220708382,3.425999879837036,34.73932480812073
ses_20260701-124636-MSI,37,19,1782910813.793,1782910832.452,1782910819.80533,1782910857.018271,0.29257583760637695,18.658999919891357,37.21294093132019
ses_20260701-124636-MSI,39,20,1782910861.638,1782910882.358,1782910857.01889,1782910892.141626,0.5899312639561075,20.72000002861023,35.12273597717285
ses_20260701-124636-MSI,44,21,1782910928.003,1782910943.926,1782910892.142491,1782910940.694132,0.24508057313581585,15.92300009727478,48.55164098739624
ses_20260701-124636-MSI,47,22,1782910972.268,1782910985.988,1782910940.694132,1782910982.703559,0.2303967299575777,13.72000002861023,42.0094268321991
ses_20260701-124636-MSI,49,23,1782911010.31,1782911015.205,1782910982.703559,1782911022.434272,0.12320443292894775,4.894999980926514,39.73071312904358
ses_20260701-124636-MSI,50,24,1782911016.865,1782911045.651,1782911022.435269,1782911061.805547,0.5165876354595222,28.78600001335144,39.370277881622314
ses_20260701-124636-MSI,52,25,1782911058.129,1782911086.203,1782911061.806325,1782911086.591612,0.8571481415511473,28.074000120162964,24.785287141799927
ses_20260701-124636-MSI,53,26,1782911091.989,1782911104.394,1782911086.592675,1782911117.834976,0.3970578215879419,12.40499997138977,31.242300987243652
ses_20260701-124636-MSI,55,27,1782911112.224,1782911126.481,1782911117.836073,1782911151.944165,0.2176457983428861,14.256999969482422,34.108092069625854
ses_20260701-124636-MSI,58,28,1782911156.771,1782911188.292,1782911151.944925,1782911177.423789,0.5682104852768057,31.521000146865845,25.478863954544067
ses_20260701-124636-MSI,60,29,1782911206.817,1782911219.39,1782911177.424644,1782911212.58896,0.1375410708949028,12.573000192642212,35.164315938949585
ses_20260701-124636-MSI,61,30,1782911234.704,1782911253.016,1782911212.589952,1782911245.004889,0.25480821189610336,18.312000036239624,32.414937019348145
ses_20260701-124636-MSI,62,31,1782911258.249,1782911262.748,1782911245.005735,1782911269.776213,0.18162749351111168,4.498999834060669,24.770478010177612
ses_20260701-124636-MSI,64,32,1782911298.325,1782911313.936,1782911269.777073,1782911316.567873,0.33363396286175667,15.611000061035156,46.79080009460449
ses_20260701-131015-SIDDHIGUPTAB00B,2,0,1782911442.492,1782911480.184,1782911441.969415,1782911474.666587,0.8419452142657626,37.69199991226196,32.69717216491699
ses_20260701-131015-SIDDHIGUPTAB00B,4,1,1782911523.298,1782911528.277,1782911474.667452,1782911536.302581,0.0807818517774272,4.978999853134155,61.63512897491455
ses_20260701-131015-SIDDHIGUPTAB00B,5,2,1782911529.972,1782911554.765,1782911536.303891,1782911575.842365,0.402462659799989,24.79300022125244,39.53847408294678
ses_20260701-131015-SIDDHIGUPTAB00B,6,3,1782911568.46,1782911590.169,1782911575.842365,1782911647.106294,0.18216541654211502,21.70899987220764,71.26392889022827
ses_20260701-131015-SIDDHIGUPTAB00B,10,4,1782911646.709,1782911681.899,1782911647.107868,1782911676.394077,0.8322310104360332,35.18999981880188,29.286209106445312
ses_20260701-131015-SIDDHIGUPTAB00B,12,5,1782911709.081,1782911713.046,1782911676.395052,1782911720.56996,0.0897568343482187,3.9649999141693115,44.17490816116333
ses_20260701-131015-SIDDHIGUPTAB00B,13,6,1782911714.838,1782911729.485,1782911720.5714,1782911772.812239,0.15375104772924203,14.646999835968018,52.2408390045166
ses_20260701-131015-SIDDHIGUPTAB00B,16,7,1782911778.371,1782911785.623,1782911772.813501,1782911884.521828,0.06491906240322104,7.251999855041504,111.70832705497742
ses_20260701-131015-SIDDHIGUPTAB00B,21,8,1782911884.201,1782911901.236,1782911884.524322,1782911914.573526,0.5502235166874062,17.03500008583069,30.049203872680664
ses_20260701-131015-SIDDHIGUPTAB00B,23,9,1782911909.254,1782911938.964,1782911914.574722,1782911939.344326,0.8105355148911945,29.710000038146973,24.769603967666626
ses_20260701-131015-SIDDHIGUPTAB00B,25,10,1782911950.611,1782911969.447,1782911939.345468,1782911976.917679,0.5013279615633741,18.835999965667725,37.572211027145386
ses_20260701-131015-SIDDHIGUPTAB00B,27,11,1782911981.389,1782912004.285,1782911976.920794,1782911999.270625,0.6534677134804957,22.896000146865845,22.349831104278564
ses_20260701-131015-SIDDHIGUPTAB00B,30,12,1782912032.87,1782912038.607,1782911999.272001,1782912038.992125,0.14443560715139458,5.737000226974487,39.72012400627136
ses_20260701-131015-SIDDHIGUPTAB00B,31,13,1782912043.303,1782912079.21,1782912038.993321,1782912060.479286,0.42709359320883233,35.90700006484985,21.48596501350403
ses_20260701-131015-SIDDHIGUPTAB00B,32,15,1782912120.969,1782912151.089,1782912119.941963,1782912151.325032,0.959753166547003,30.119999885559082,31.383069038391113
ses_20260701-131015-SIDDHIGUPTAB00B,34,16,1782912166.023,1782912169.545,1782912151.329201,1782912176.653551,0.13907563502664702,3.5220000743865967,25.324350118637085
ses_20260701-131015-SIDDHIGUPTAB00B,35,17,1782912171.236,1782912185.904,1782912176.654526,1782912228.882283,0.16045221966603654,14.667999982833862,52.2277569770813
ses_20260701-131015-SIDDHIGUPTAB00B,37,18,1782912223.353,1782912249.146,1782912228.883511,1782912250.381891,0.7496603829252974,25.792999982833862,21.498379945755005
ses_20260701-131015-SIDDHIGUPTAB00B,41,19,1782912333.486,1782912342.659,1782912301.228823,1782912339.07578,0.13492049182935884,9.172999858856201,37.846956968307495
ses_20260701-131015-SIDDHIGUPTAB00B,43,20,1782912363.236,1782912367.371,1782912339.07578,1782912374.833258,0.11564014639426508,4.134999990463257,35.75747799873352
ses_20260701-131015-SIDDHIGUPTAB00B,44,21,1782912369.268,1782912413.024,1782912374.834929,1782912403.648737,0.658511014185317,43.75600004196167,28.81380796432495
ses_20260701-131015-SIDDHIGUPTAB00B,46,22,1782912425.085,1782912430.33,1782912403.649866,1782912430.648788,0.19426701223787854,5.244999885559082,26.998921871185303
ses_20260701-131015-SIDDHIGUPTAB00B,47,23,1782912436.236,1782912475.512,1782912430.650178,1782912459.671795,0.5223995307925868,39.276000022888184,29.02161693572998
ses_20260701-131015-SIDDHIGUPTAB00B,48,24,1782912520.977,1782912524.095,1782912459.672998,1782912523.740499,0.04289681991290324,3.118000030517578,64.06750106811523
ses_20260701-131015-SIDDHIGUPTAB00B,50,25,1782912538.176,1782912542.341,1782912523.744974,1782912549.437786,0.16210759370070366,4.164999961853027,25.692812204360962
ses_20260701-131015-SIDDHIGUPTAB00B,51,26,1782912544.034,1782912560.191,1782912549.439061,1782912583.181674,0.27465077581142866,16.157000064849854,33.742613077163696
ses_20260701-131015-SIDDHIGUPTAB00B,52,27,1782912572.991,1782912599.46,1782912583.182714,1782912612.580773,0.41114875752073704,26.469000101089478,29.398059129714966
ses_20260701-131015-SIDDHIGUPTAB00B,54,28,1782912607.65,1782912632.677,1782912612.582819,1782912665.180167,0.3492807713934706,25.026999950408936,52.59734797477722
ses_20260701-131015-SIDDHIGUPTAB00B,57,29,1782912871.363,1782912887.417,1782912665.199071,1782912914.915469,0.06428893043375687,16.05400013923645,249.71639800071716
ses_20260701-131015-SIDDHIGUPTAB00B,58,30,1782912914.623,1782912923.008,1782912914.916832,1782912939.270286,0.3282782481116838,8.384999990463257,24.353454113006592
ses_20260701-131015-SIDDHIGUPTAB00B,60,31,1782912933.745,1782912975.741,1782912939.270286,1782912961.904331,0.5389571592027798,41.99600005149841,22.634044885635376
ses_20260701-131015-SIDDHIGUPTAB00B,62,32,1782912983.913,1782912994.758,1782912961.904331,1782912997.699386,0.30297480522607395,10.84499979019165,35.79505491256714
ses_20260701-131247-MSI,9,0,1782911658.79,1782911693.166,1782911653.581728,1782911687.785519,0.7325010041952443,34.37599992752075,34.20379090309143
ses_20260701-131247-MSI,12,1,1782911718.025,1782911720.729,1782911687.786096,1782911736.141458,0.05591934147087251,2.7039999961853027,48.35536193847656
ses_20260701-131247-MSI,13,3,1782911722.757,1782911790.649,1782911760.765214,1782911786.654649,0.38133263224158553,67.89199995994568,25.889435052871704
ses_20260701-131247-MSI,16,4,1782911821.879,1782911826.615,1782911786.656134,1782911827.004533,0.11737764469875613,4.736000061035156,40.34839916229248
ses_20260701-131247-MSI,18,5,1782911850.618,1782911854.57,1782911827.005445,1782911875.001911,0.08233939367946243,3.9519999027252197,47.99646592140198
ses_20260701-131247-MSI,19,6,1782911856.351,1782911913.088,1782911875.002546,1782911900.292499,0.4457400461514362,56.73699998855591,25.289952993392944
ses_20260701-131247-MSI,21,7,1782911934.573,1782911939.864,1782911900.293496,1782911940.258631,0.13239039765244906,5.291000127792358,39.96513509750366
ses_20260701-131247-MSI,22,8,1782911946.097,1782911968.933,1782911940.259212,1782911969.32059,0.7857851820510268,22.836000204086304,29.061378002166748
ses_20260701-131247-MSI,23,9,1782911973.908,1782911977.797,1782911969.321159,1782911992.37939,0.16865994271249193,3.8889999389648438,23.058231115341187
ses_20260701-131247-MSI,26,10,1782911998.922,1782912061.71,1782911993.865608,1782912025.31551,0.38903009226472285,62.78800010681152,31.449902057647705
ses_20260701-131247-MSI,27,12,1782912063.507,1782912067.134,1782912046.712687,1782912073.77462,0.13402590598447267,3.627000093460083,27.061933040618896
ses_20260701-131247-MSI,28,13,1782912068.883,1782912081.753,1782912073.775446,1782912107.9769,0.20406135078112442,12.870000123977661,34.201454162597656
ses_20260701-131247-MSI,32,14,1782912132.875,1782912146.541,1782912107.977805,1782912142.807962,0.2575762185498485,13.66599988937378,34.83015704154968
ses_20260701-131247-MSI,34,15,1782912169.665,1782912174.368,1782912142.808947,1782912181.885785,0.12035262593860659,4.703000068664551,39.07683801651001
ses_20260701-131247-MSI,35,16,1782912176.464,1782912202.508,1782912181.886627,1782912202.900368,0.780038050123192,26.043999910354614,21.01374101638794
ses_20260701-131247-MSI,36,17,1782912207.839,1782912244.784,1782912202.901075,1782912227.382747,0.46662803356207316,36.9449999332428,24.481672048568726
ses_20260701-131247-MSI,38,18,1782912252.887,1782912314.015,1782912227.38337,1782912289.585594,0.4236165679636084,61.128000020980835,62.202224016189575
ses_20260701-131247-MSI,39,20,1782912319.318,1782912331.049,1782912314.406907,1782912343.434963,0.4041262695808006,11.730999946594238,29.028055906295776
ses_20260701-131247-MSI,41,21,1782912338.386,1782912380.225,1782912343.434963,1782912370.886153,0.6561148689875974,41.83899998664856,27.45118999481201
ses_20260701-131247-MSI,43,22,1782912392.177,1782912397.216,1782912370.886945,1782912397.610785,0.1885582324494964,5.039000034332275,26.72383999824524
ses_20260701-131247-MSI,44,23,1782912403.051,1782912438.343,1782912397.611748,1782912426.342319,0.5718291919714728,35.29199981689453,28.730571031570435
ses_20260701-131247-MSI,45,24,1782912448.474,1782912452.92,1782912426.343097,1782912477.071269,0.08764360942452362,4.446000099182129,50.728172063827515
ses_20260701-131247-MSI,48,25,1782912482.055,1782912518.208,1782912477.071849,1782912507.091238,0.6086188776954847,36.15299987792969,30.019388914108276
ses_20260701-131247-MSI,50,26,1782912538.329,1782912543.712,1782912507.092025,1782912544.100946,0.1454514145491691,5.382999897003174,37.00892090797424
ses_20260701-131247-MSI,52,27,1782912570.077,1782912580.477,1782912544.101604,1782912580.869408,0.2828561673566769,10.400000095367432,36.76780390739441
ses_20260701-131247-MSI,57,28,1782912643.159,1782912654.724,1782912580.870491,1782912692.879992,0.10325017035158934,11.565000057220459,112.0095009803772
ses_20260701-131247-MSI,62,29,1782912719.899,1782912724.718,1782912692.8807,1782912731.996704,0.12319765605230706,4.819000005722046,39.11600399017334
ses_20260701-131247-MSI,63,30,1782912726.513,1782912742.847,1782912731.997542,1782912771.1581,0.24301565029027963,16.33399987220764,39.160557985305786
ses_20260701-131247-MSI,64,31,1782912761.103,1782912786.193,1782912771.159273,1782912815.809746,0.2748057276369029,25.09000015258789,44.65047311782837
ses_20260701-131247-MSI,67,32,1782912819.739,1782912845.209,1782912815.809746,1782912847.872611,0.7943769221384461,25.47000002861023,32.062865018844604
ses_20260701-134215-SIDDHIGUPTAB00B,3,0,1782913373.599,1782913393.388,1782913362.913658,1782913400.299504,0.5293179659833334,19.789000034332275,37.38584613800049
ses_20260701-134215-SIDDHIGUPTAB00B,4,1,1782913394.944,1782913406.922,1782913400.300805,1782913424.310615,0.22546673583686216,11.977999925613403,24.009809970855713
ses_20260701-134215-SIDDHIGUPTAB00B,6,2,1782913418.427,1782913518.646,1782913424.313509,1782913453.009718,0.2863350162462163,100.2189998626709,28.696208953857422
ses_20260701-134215-SIDDHIGUPTAB00B,7,5,1782913520.469,1782913524.378,1782913501.746517,1782913532.258099,0.1281152810250195,3.9089999198913574,30.511582136154175
ses_20260701-134215-SIDDHIGUPTAB00B,8,6,1782913526.41,1782913545.299,1782913532.260733,1782913595.349526,0.1891261504376455,18.888999938964844,63.0887930393219
ses_20260701-134215-SIDDHIGUPTAB00B,10,7,1782913596.447,1782913615.614,1782913595.351587,1782913844.314981,0.07698722190846416,19.16700005531311,248.96339392662048
ses_20260701-134215-SIDDHIGUPTAB00B,12,8,1782913841.71,1782913851.367,1782913844.317427,1782913867.552648,0.2727883448731539,9.657000064849854,23.23522114753723
ses_20260701-134215-SIDDHIGUPTAB00B,15,11,1782913872.381,1782913947.056,1782913911.241422,1782913933.828342,0.30246963558603757,74.67499995231628,22.586920022964478
ses_20260701-134215-SIDDHIGUPTAB00B,16,12,1782913967.339,1782913972.776,1782913933.831844,1782913995.28102,0.08847962502978429,5.437000036239624,61.44917583465576
ses_20260701-134215-SIDDHIGUPTAB00B,18,13,1782914000.809,1782914004.613,1782913995.282526,1782914020.905329,0.14846150535743405,3.803999900817871,25.62280297279358
ses_20260701-134215-SIDDHIGUPTAB00B,20,14,1782914015.593,1782914060.279,1782914020.905329,1782914079.546469,0.6156612244355193,44.68600010871887,58.64113998413086
ses_20260701-134215-SIDDHIGUPTAB00B,23,15,1782914077.145,1782914100.045,1782914079.549751,1782914101.670886,0.835657842649656,22.90000009536743,22.121134996414185
ses_20260701-134215-SIDDHIGUPTAB00B,25,16,1782914141.506,1782914150.806,1782914130.059077,1782914209.695182,0.11678120050248544,9.299999952316284,79.63610506057739
ses_20260701-134215-SIDDHIGUPTAB00B,28,17,1782914204.385,1782914243.072,1782914209.697213,1782914236.051481,0.6812176712939378,38.687000036239624,26.354268074035645
ses_20260701-134215-SIDDHIGUPTAB00B,30,18,1782914255.083,1782914266.22,1782914236.052659,1782914260.333963,0.17406118005912527,11.13700008392334,24.281303882598877
ses_20260701-134215-SIDDHIGUPTAB00B,32,19,1782914336.271,1782914340.745,1782914260.337645,1782914347.351003,0.05141739252723189,4.473999977111816,87.01335787773132
ses_20260701-134215-SIDDHIGUPTAB00B,33,20,1782914342.533,1782914352.961,1782914347.351003,1782914436.196917,0.059894964997029364,10.42799997329712,88.8459141254425
ses_20260701-134215-SIDDHIGUPTAB00B,38,21,1782914462.74,1782914468.017,1782914436.201089,1782914476.098518,0.1322641604753419,5.2769999504089355,39.8974289894104
ses_20260701-134215-SIDDHIGUPTAB00B,39,22,1782914470.084,1782914492.086,1782914476.100683,1782914536.216433,0.2417167535161427,22.001999855041504,60.1157500743866
ses_20260701-134215-SIDDHIGUPTAB00B,42,23,1782914515.332,1782914558.189,1782914536.21966,1782914557.882877,0.5054767513206816,42.85699987411499,21.663217067718506
ses_20260701-134215-SIDDHIGUPTAB00B,43,24,1782914563.049,1782914569.938,1782914557.88464,1782914592.104913,0.20131341253077364,6.888999938964844,34.2202730178833
ses_20260701-134215-SIDDHIGUPTAB00B,45,26,1782914586.781,1782914642.178,1782914612.244409,1782914636.711308,0.4416646909633721,55.3970000743866,24.466898918151855
ses_20260701-134215-SIDDHIGUPTAB00B,48,27,1782914672.616,1782914677.729,1782914636.712124,1782914678.104638,0.12352475512071585,5.113000154495239,41.39251399040222
ses_20260701-134215-SIDDHIGUPTAB00B,50,28,1782914685.912,1782914690.944,1782914678.105921,1782914719.33108,0.12206138667447061,5.0320000648498535,41.22515892982483
ses_20260701-134215-SIDDHIGUPTAB00B,51,29,1782914709.026,1782914741.659,1782914719.332279,1782914767.508564,0.38176713598768547,32.632999897003174,48.17628502845764
ses_20260701-134215-SIDDHIGUPTAB00B,52,30,1782914767.233,1782914776.469,1782914767.510802,1782914792.399828,0.35595260952373303,9.236000061035156,24.889025926589966
ses_20260701-134215-SIDDHIGUPTAB00B,54,31,1782914786.831,1782914834.036,1782914792.400984,1782914818.056358,0.5434884883297376,47.204999923706055,25.65537405014038
ses_20260701-134215-SIDDHIGUPTAB00B,56,32,1782914842.248,1782914848.392,1782914818.057796,1782914848.047693,0.19119318626384021,6.144000053405762,29.98989701271057
ses_20260701-134215-SIDDHIGUPTAB00B,58,33,1782914857.534,1782914875.654,1782914848.050206,1782914883.026302,0.5180681127070018,18.12000012397766,34.97609615325928
ses_20260701-134215-SIDDHIGUPTAB00B,61,34,1782914902.848,1782914913.863,1782914883.027533,1782914916.642587,0.3276805654344823,11.014999866485596,33.61505389213562
ses_20260701-141430-SIDDHIGUPTAB00B,4,0,1782915303.412,1782915338.947,1782915297.930334,1782915329.629657,0.6391952268975503,35.53500008583069,31.699322938919067
ses_20260701-141430-SIDDHIGUPTAB00B,5,1,1782915344.824,1782915348.506,1782915329.631528,1782915397.908446,0.05392745101494862,3.682000160217285,68.2769181728363
ses_20260701-141430-SIDDHIGUPTAB00B,7,2,1782915401.713,1782915422.286,1782915397.908446,1782915423.843331,0.7932558765682929,20.572999954223633,25.934885025024414
ses_20260701-141430-SIDDHIGUPTAB00B,8,3,1782915471.013,1782915531.494,1782915488.944731,1782915512.271954,0.3856950626331178,60.48099994659424,23.32722306251526
ses_20260701-141430-SIDDHIGUPTAB00B,11,5,1782915572.637,1782915577.166,1782915531.885948,1782915600.865883,0.0656567709775314,4.5289998054504395,68.97993516921997
ses_20260701-141430-SIDDHIGUPTAB00B,12,6,1782915578.977,1782915681.638,1782915600.867233,1782915628.632564,0.27045646376210036,102.66100001335144,27.765331029891968
ses_20260701-141430-SIDDHIGUPTAB00B,14,9,1782915693.509,1782915732.251,1782915674.736862,1782915714.906629,0.37204120191809387,38.74199986457825,40.16976714134216
ses_20260701-141430-SIDDHIGUPTAB00B,16,10,1782915798.75,1782915798.909,1782915714.907717,1782915801.499228,0.0018362067832599905,0.15899991989135742,86.59151101112366
ses_20260701-141430-SIDDHIGUPTAB00B,17,11,1782915801.105,1782915826.303,1782915801.504537,1782915871.309319,0.3532327244375176,25.197999954223633,69.80478191375732
ses_20260701-141430-SIDDHIGUPTAB00B,18,12,1782915870.892,1782915906.815,1782915871.311073,1782915891.362232,0.5581704994219131,35.92300009727478,20.051158905029297
ses_20260701-141430-SIDDHIGUPTAB00B,20,13,1782915913.591,1782915917.643,1782915891.364632,1782915947.837897,0.07175076197710097,4.051999807357788,56.473265171051025
ses_20260701-141430-SIDDHIGUPTAB00B,21,14,1782915947.561,1782915989.567,1782915947.839567,1782915973.377903,0.6079687701287707,42.00599980354309,25.538336038589478
ses_20260701-141430-SIDDHIGUPTAB00B,22,15,1782915991.805,1782915996.136,1782915973.379156,1782916030.542483,0.07576535656928893,4.330999851226807,57.16332697868347
ses_20260701-141430-SIDDHIGUPTAB00B,27,16,1782916059.345,1782916064.575,1782916030.545347,1782916071.34616,0.12818372085485172,5.230000019073486,40.80081295967102
ses_20260701-141430-SIDDHIGUPTAB00B,31,17,1782916117.141,1782916122.036,1782916071.348605,1782916250.102018,0.02738409238339596,4.894999980926514,178.75341320037842
ses_20260701-141430-SIDDHIGUPTAB00B,32,18,1782916255.457,1782916279.584,1782916250.103873,1782916279.973615,0.8077404940685463,24.127000093460083,29.869741916656494
ses_20260701-141430-SIDDHIGUPTAB00B,36,19,1782916328.955,1782916334.07,1782916279.974937,1782916334.446511,0.09390218838076668,5.115000009536743,54.47157406806946
ses_20260701-141430-SIDDHIGUPTAB00B,37,20,1782916339.889,1782916380.696,1782916334.448471,1782916364.359439,0.5291188409530415,40.807000160217285,29.91096782684326
ses_20260701-141430-SIDDHIGUPTAB00B,38,21,1782916382.714,1782916386.433,1782916364.360904,1782916393.929861,0.1257738001960068,3.7190001010894775,29.568957090377808
ses_20260701-141430-SIDDHIGUPTAB00B,39,22,1782916388.323,1782916422.343,1782916393.929861,1782916417.762475,0.7005471475123222,34.019999980926514,23.832613945007324
ses_20260701-141430-SIDDHIGUPTAB00B,40,23,1782916429.689,1782916436.978,1782916417.763563,1782916502.84297,0.0856729059751024,7.289000034332275,85.07940697669983
ses_20260701-141430-SIDDHIGUPTAB00B,44,24,1782916521.411,1782916533.213,1782916502.84297,1782916580.066625,0.1528288192467215,11.802000045776367,77.22365522384644
ses_20260701-141430-SIDDHIGUPTAB00B,46,25,1782916574.607,1782916621.757,1782916580.069875,1782916607.503188,0.5818306039479396,47.14999985694885,27.43331289291382
ses_20260701-141430-SIDDHIGUPTAB00B,48,26,1782916642.123,1782916647.339,1782916607.504063,1782916647.731058,0.12966417405119118,5.216000080108643,40.22699499130249
ses_20260701-141430-SIDDHIGUPTAB00B,49,28,1782916652.439,1782916698.867,1782916672.330957,1782916699.242885,0.5669624015515523,46.4280002117157,26.911928176879883
ses_20260701-141430-SIDDHIGUPTAB00B,51,29,1782916710.095,1782916722.928,1782916699.253374,1782916735.460281,0.35443513628955575,12.83299994468689,36.20690679550171
ses_20260701-141430-SIDDHIGUPTAB00B,53,30,1782916729.639,1782916750.84,1782916735.461689,1782916777.112108,0.3239373099728824,21.200999975204468,41.65041899681091
ses_20260701-141430-SIDDHIGUPTAB00B,54,31,1782916771.859,1782916783.213,1782916777.114852,1782916859.511238,0.06957207525545096,11.354000091552734,82.39638614654541
ses_20260701-141430-SIDDHIGUPTAB00B,57,32,1782916854.219,1782916874.093,1782916859.513603,1782916904.13065,0.2921040875215559,19.87399983406067,44.61704707145691
ses_20260701-141430-SIDDHIGUPTAB00B,62,33,1782916934.514,1782916949.733,1782916904.143757,1782916949.976014,0.33205871073514004,15.219000101089478,45.83225679397583
ses_20260701-141430-SIDDHIGUPTAB00B,65,34,1782916968.203,1782916980.023,1782916949.981127,1782916982.83224,0.3598051580202581,11.819999933242798,32.851113080978394
ses_20260701-145907-MSI,3,0,1782918020.634,1782918022.193,1782918020.455812,1782918046.123392,0.06073809870278219,1.559000015258789,25.667580127716064
ses_20260701-145907-MSI,5,1,1782918027.694,1782918080.214,1782918046.124383,1782918080.607622,0.6442503043312306,52.519999980926514,34.48323893547058
ses_20260701-145907-MSI,6,2,1782918085.952,1782918110.26,1782918080.608424,1782918100.091325,0.47684902555585884,24.308000087738037,19.482901096343994
ses_20260701-145907-MSI,9,3,1782918120.475,1782918130.675,1782918101.67543,1782918210.709071,0.09354910986270024,10.200000047683716,109.03364086151123
ses_20260701-145907-MSI,15,4,1782918239.231,1782918244.27,1782918210.71052,1782918251.856366,0.1224667989035416,5.039000034332275,41.145845890045166
ses_20260701-145907-MSI,16,5,1782918245.976,1782918259.465,1782918251.856366,1782918290.66911,0.17024176650272285,13.488999843597412,38.812744140625
ses_20260701-145907-MSI,18,6,1782918285.028,1782918314.497,1782918290.669963,1782918314.882602,0.7981026579326334,29.4689998626709,24.212639093399048
ses_20260701-145907-MSI,22,7,1782918343.432,1782918357.171,1782918314.883363,1782918361.205648,0.29659590628419424,13.739000082015991,46.32228493690491
ses_20260701-145907-MSI,24,8,1782918390.177,1782918400.081,1782918361.206614,1782918400.473166,0.25222484650737054,9.904000043869019,39.26655197143555
ses_20260701-145907-MSI,28,9,1782918429.248,1782918434.051,1782918400.473844,1782918434.443517,0.1413908289097909,4.803000211715698,33.9696729183197
ses_20260701-145907-MSI,31,10,1782918472.362,1782918486.974,1782918434.444218,1782918507.962802,0.19875246762063672,14.611999988555908,73.51858401298523
ses_20260701-145907-MSI,37,11,1782918534.898,1782918549.089,1782918507.963602,1782918545.224155,0.2510894840997101,14.190999984741211,37.26055288314819
ses_20260701-145907-MSI,40,12,1782918573.4,1782918584.4,1782918545.224155,1782918584.792735,0.277998350158946,11.0,39.56858015060425
ses_20260701-145907-MSI,41,13,1782918589.27,1782918627.918,1782918584.793606,1782918610.981707,0.5034669506404077,38.64800000190735,26.188101053237915
ses_20260701-145907-MSI,42,14,1782918629.581,1782918633.76,1782918612.563758,1782918640.824423,0.14787337362557476,4.178999900817871,28.26066517829895
ses_20260701-145907-MSI,44,15,1782918670.818,1782918711.426,1782918640.825141,1782918696.138208,0.35863880600942316,40.60800004005432,55.3130669593811
ses_20260701-145907-MSI,46,16,1782918719.187,1782918744.697,1782918696.138944,1782918734.363642,0.31254632402875926,25.509999990463257,38.224698066711426
ses_20260701-145907-MSI,47,17,1782918760.597,1782918801.73,1782918734.364452,1782918785.026257,0.36263725051157736,41.13300013542175,50.661805152893066
ses_20260701-145907-MSI,48,18,1782918803.396,1782918806.869,1782918785.027129,1782918814.503518,0.11782311699025641,3.4730000495910645,29.476389169692993
ses_20260701-145907-MSI,49,19,1782918808.815,1782918878.483,1782918814.504184,1782918839.71347,0.361848854290551,69.66799998283386,25.209285974502563
ses_20260701-145907-MSI,50,21,1782918880.183,1782918884.11,1782918862.799443,1782918895.634636,0.11959728140083667,3.926999807357788,32.835192918777466
ses_20260701-145907-MSI,51,22,1782918885.868,1782918911.56,1782918895.635578,1782918925.083482,0.4060748769347545,25.691999912261963,29.447904109954834
ses_20260701-145907-MSI,53,23,1782918919.827,1782918955.411,1782918925.084356,1782918955.799573,0.8430490615294454,35.58400011062622,30.715216875076294
ses_20260701-145907-MSI,54,24,1782918960.827,1782918968.343,1782918955.800157,1782918989.727816,0.22153016878445414,7.516000032424927,33.927659034729004
ses_20260701-145907-MSI,56,25,1782918984.025,1782919025.505,1782918989.728489,1782919014.683723,0.6016208784781998,41.480000019073486,24.955234050750732
ses_20260701-145907-MSI,58,26,1782919049.39,1782919053.365,1782919014.684977,1782919076.707085,0.06409004858257342,3.9749999046325684,62.02210783958435
ses_20260701-145907-MSI,60,27,1782919081.664,1782919113.634,1782919076.707764,1782919106.465889,0.6716603566144752,31.97000002861023,29.758125066757202
ses_20260701-145907-MSI,62,28,1782919126.446,1782919131.701,1782919106.465889,1782919132.092273,0.20506209038120676,5.254999876022339,25.626384019851685
ses_20260701-145907-MSI,63,29,1782919136.704,1782919165.78,1782919132.09301,1782919158.780773,0.6553501192415273,29.075999975204468,26.68776297569275
ses_20260701-145907-MSI,64,30,1782919171.7,1782919175.422,1782919158.780773,1782919182.676966,0.15575702286004242,3.7219998836517334,23.896193027496338
ses_20260701-145907-MSI,65,31,1782919177.156,1782919191.001,1782919182.67782,1782919215.626634,0.2163515153869419,13.84500002861023,32.948813915252686
ses_20260701-145907-MSI,68,32,1782919220.554,1782919241.975,1782919215.627358,1782919268.132496,0.4079791189012462,21.421000003814697,52.50513815879822
ses_20260701-152030-CHAITANYA0BCF,2,0,1782919270.52,1782919305.649,1782919266.052089,1782919289.394475,0.4766653394867948,35.12899994850159,23.34238600730896
ses_20260701-152030-CHAITANYA0BCF,5,1,1782919313.568,1782919327.801,1782919289.394475,1782919318.995491,0.1413168968175919,14.233000040054321,29.6010160446167
ses_20260701-152030-CHAITANYA0BCF,6,2,1782919368.384,1782919372.041,1782919318.995491,1782919379.448146,0.0604936180515883,3.6569998264312744,60.45265507698059
ses_20260701-152030-CHAITANYA0BCF,7,4,1782919374.051,1782919431.444,1782919403.964688,1782919431.790951,0.4759150556410761,57.39299988746643,27.826262950897217
ses_20260701-152030-CHAITANYA0BCF,10,5,1782919470.271,1782919475.231,1782919431.791482,1782919555.493944,0.040096211179966326,4.960000038146973,123.70246195793152
ses_20260701-152030-CHAITANYA0BCF,13,6,1782919552.919,1782919563.459,1782919555.493944,1782919612.184771,0.13439555457256244,10.540000200271606,56.69082713127136
ses_20260701-152030-CHAITANYA0BCF,15,7,1782919607.035,1782919646.706,1782919612.185102,1782919640.91762,0.7242700702005119,39.6710000038147,28.732517957687378
ses_20260701-152030-CHAITANYA0BCF,19,8,1782919675.186,1782919685.727,1782919640.91762,1782919681.401485,0.1387094588232009,10.54099988937378,40.4838650226593
ses_20260701-152030-CHAITANYA0BCF,21,9,1782919749.558,1782919753.255,1782919681.402535,1782919759.954236,0.04706454445157287,3.697000026702881,78.55170106887817
ses_20260701-152030-CHAITANYA0BCF,22,10,1782919755.099,1782919768.261,1782919759.955875,1782919802.950383,0.17356081438981402,13.161999940872192,42.994508028030396
ses_20260701-155031-CHAITANYA0BCF,2,0,1782921069.693,1782921099.752,1782921065.349623,1782921094.388641,0.7178469368115498,30.05900001525879,29.039018154144287
ses_20260701-155031-CHAITANYA0BCF,5,1,1782921123.065,1782921127.297,1782921094.392468,1782921133.954695,0.10697071913993929,4.23199987411499,39.56222701072693
ses_20260701-155031-CHAITANYA0BCF,6,2,1782921129.107,1782921153.79,1782921133.956412,1782921202.73154,0.2693882763102367,24.682999849319458,68.77512788772583
ses_20260701-155031-CHAITANYA0BCF,10,3,1782921242.792,1782921247.585,1782921202.732079,1782921254.634663,0.09234607617652012,4.792999982833862,51.902584075927734
ses_20260701-155031-CHAITANYA0BCF,13,4,1782921268.887,1782921272.864,1782921254.636316,1782921280.362663,0.15458860143616387,3.9769999980926514,25.726346969604492
ses_20260701-155031-CHAITANYA0BCF,14,5,1782921274.506,1782921321.922,1782921280.362663,1782921314.437794,0.7186420410617576,47.41599988937378,34.07513093948364
ses_20260701-155031-CHAITANYA0BCF,15,6,1782921327.158,1782921330.477,1782921314.441377,1782921338.439119,0.13830467805565583,3.319000005722046,23.997742176055908
ses_20260701-155031-CHAITANYA0BCF,16,7,1782921332.26,1782921376.389,1782921338.44084,1782921361.613873,0.5251202843046876,44.12899994850159,23.173032999038696
ses_20260701-155031-CHAITANYA0BCF,18,8,1782921384.272,1782921393.061,1782921361.613873,1782921389.31381,0.1603265703433824,8.789000034332275,27.699937105178833
ses_20260701-155031-CHAITANYA0BCF,21,9,1782921422.456,1782921432.4,1782921389.314164,1782921427.995783,0.1285755016757178,9.944000005722046,38.68161916732788
ses_20260701-155031-CHAITANYA0BCF,23,10,1782921503.967,1782921508.674,1782921427.999009,1782921516.727652,0.05304938572850134,4.707000017166138,88.72864317893982
ses_20260701-155031-CHAITANYA0BCF,24,11,1782921510.789,1782921534.003,1782921516.729246,1782921535.624433,0.6955286068698912,23.21399998664856,18.89518713951111
ses_20260701-155031-CHAITANYA0BCF,25,12,1782921568.331,1782921577.682,1782921568.67766,1782921622.096053,0.16747570150557117,9.35099983215332,53.41839289665222
ses_20260701-155031-CHAITANYA0BCF,27,13,1782921616.324,1782921628.73,1782921622.096053,1782921751.654094,0.04902048711473384,12.406000137329102,129.55804109573364
ses_20260701-155031-CHAITANYA0BCF,31,14,1782921757.336,1782921782.344,1782921751.654094,1782921782.737206,0.8045526501426253,25.008000135421753,31.083112001419067
ses_20260701-155031-CHAITANYA0BCF,33,15,1782921806.118,1782921815.407,1782921782.737733,1782921860.204516,0.11990945885451079,9.289000034332275,77.46678304672241
ses_20260701-155031-CHAITANYA0BCF,39,16,1782921907.603,1782921913.211,1782921860.206087,1782921913.596944,0.10503671147329353,5.608000040054321,53.390856981277466
ses_20260701-155031-CHAITANYA0BCF,41,17,1782921968.142,1782921980.945,1782921913.597801,1782922006.394654,0.1379680404060846,12.80299997329712,92.79685306549072
ses_20260701-155031-CHAITANYA0BCF,43,18,1782922001.019,1782922055.576,1782922006.395332,1782922034.218931,0.5099913650233026,54.556999921798706,27.823598861694336
ses_20260701-155031-CHAITANYA0BCF,46,20,1782922119.036,1782922124.114,1782922097.699203,1782922124.501828,0.18945905782985248,5.078000068664551,26.802624940872192
ses_20260701-155031-CHAITANYA0BCF,47,21,1782922129.954,1782922149.576,1782922124.503055,1782922183.684767,0.33155512649151775,19.621999979019165,59.18171191215515
ses_20260701-155031-CHAITANYA0BCF,48,22,1782922184.522,1782922197.586,1782922183.687154,1782922210.961561,0.4789838303145199,13.063999891281128,27.274406909942627
ses_20260701-155031-CHAITANYA0BCF,50,23,1782922206.002,1782922217.653,1782922210.962896,1782922382.968937,0.03780425952827675,11.651000022888184,172.0060408115387
ses_20260701-155031-CHAITANYA0BCF,53,24,1782922383.875,1782922420.73,1782922382.969538,1782922406.440196,0.5975879217261936,36.855000019073486,23.47065806388855
ses_20260701-155031-CHAITANYA0BCF,55,25,1782922427.85,1782922446.272,1782922406.440722,1782922439.263016,0.28653401621454094,18.42200016975403,32.82229399681091
ses_20260701-155031-CHAITANYA0BCF,57,26,1782922484.815,1782922495.22,1782922439.263016,1782922497.992216,0.17716910751874007,10.40499997138977,58.7292001247406
ses_20260701-172430-yuvraj,0,0,1782926730.263,1782926748.376,1782926730.515886,1782926777.519232,0.3779419791741667,18.11299991607666,47.00334596633911
ses_20260701-172430-yuvraj,1,1,1782926778.472,1782926807.54,1782926777.519762,1782926819.585025,0.6910214743090412,29.068000078201294,42.06526303291321
ses_20260701-172430-yuvraj,2,2,1782926821.096,1782926866.069,1782926819.586572,1782926847.998673,0.5787708198740475,44.973000049591064,28.41210103034973
ses_20260701-172430-yuvraj,3,3,1782926870.602,1782926871.546,1782926847.999691,1782926954.330882,0.008877921861736532,0.9440000057220459,106.33119106292725
ses_20260701-172430-yuvraj,7,4,1782926989.703,1782927006.918,1782926954.331943,1782927000.891873,0.2127726143320604,17.21499991416931,46.559929847717285
ses_20260701-172430-yuvraj,9,5,1782927029.389,1782927032.46,1782927000.891873,1782927040.558352,0.0774205366352355,3.071000099182129,39.66647911071777
ses_20260701-172430-yuvraj,10,6,1782927035.326,1782927054.031,1782927040.558908,1782927061.194299,0.5207954303203766,18.704999923706055,20.635390996932983
ses_20260701-172430-yuvraj,12,7,1782927093.451,1782927121.397,1782927093.842573,1782927121.786346,0.9724401164168519,27.94600009918213,27.94377303123474
ses_20260701-172430-yuvraj,13,8,1782927127.102,1782927159.972,1782927121.787757,1782927146.626522,0.5113240580579513,32.86999988555908,24.838765144348145
ses_20260701-172430-yuvraj,14,9,1782927173.464,1782927176.369,1782927146.627035,1782927185.39568,0.07493168687691944,2.9049999713897705,38.76864504814148
ses_20260701-172430-yuvraj,15,10,1782927179.337,1782927219.192,1782927185.396721,1782927214.388109,0.7274216050339933,39.855000019073486,28.991388082504272
ses_20260701-172430-yuvraj,16,11,1782927235.764,1782927240.172,1782927214.38921,1782927247.511312,0.13308334082842968,4.4079999923706055,33.12210202217102
ses_20260701-172430-yuvraj,17,12,1782927242.198,1782927279.477,1782927247.512334,1782927275.964925,0.7632337484616137,37.27900004386902,28.452590942382812
ses_20260701-172430-yuvraj,18,13,1782927301.577,1782927306.168,1782927275.965951,1782927313.34188,0.12283306899775703,4.591000080108643,37.37592911720276
ses_20260701-172430-yuvraj,19,14,1782927307.799,1782927320.5,1782927313.34188,1782927352.322002,0.16077352402035086,12.700999975204468,38.98012185096741
ses_20260701-172430-yuvraj,22,15,1782927357.479,1782927376.723,1782927352.32355,1782927376.423396,0.7764271723141012,19.24399995803833,24.099846124649048
ses_20260701-172430-yuvraj,23,16,1782927380.722,1782927418.702,1782927376.424475,1782927401.539324,0.49239694582582677,37.980000019073486,25.114849090576172
ses_20260701-172430-yuvraj,24,17,1782927420.786,1782927424.864,1782927401.539324,1782927432.454898,0.13190762878706017,4.078000068664551,30.915574073791504
ses_20260701-172430-yuvraj,25,18,1782927426.762,1782927478.397,1782927432.454898,1782927455.566308,0.4475919416450315,51.63499999046326,23.111409902572632
ses_20260701-172430-yuvraj,26,20,1782927514.932,1782927522.481,1782927515.321383,1782927573.522909,0.12219672076873649,7.549000024795532,58.201525926589966
ses_20260701-172430-yuvraj,29,21,1782927568.939,1782927600.096,1782927573.52393,1782927600.481785,0.842413558031695,31.157000064849854,26.957854986190796
ses_20260701-172430-yuvraj,32,22,1782927620.23,1782927632.468,1782927600.483321,1782927625.661462,0.16981449312823202,12.23799991607666,25.178141117095947
ses_20260701-172430-yuvraj,34,23,1782927679.833,1782927684.001,1782927625.663012,1782927700.706706,0.055540975658273734,4.167999982833862,75.04369401931763
ses_20260701-172430-yuvraj,35,24,1782927685.818,1782927742.955,1782927700.706706,1782927726.879334,0.4580679419052824,57.13699984550476,26.172627925872803
ses_20260701-172430-yuvraj,36,25,1782927745.182,1782927749.131,1782927726.879842,1782927784.30413,0.06876881290708609,3.949000120162964,57.42428803443909
ses_20260701-172430-yuvraj,41,26,1782927842.363,1782927852.921,1782927784.306206,1782927855.571958,0.14814970417088003,10.558000087738037,71.26575207710266
